/*******************************************************************************
 * Size: 42 px
 * Bpp: 1
 * Opts: --bpp 1 --size 42 --no-compress --stride 1 --align 1 --font HarmonyOS_Sans_SC2.ttf --symbols 网络不可用
Network Unavailable
網路不可用
Réseau indisponible
Netzwerk nicht verfügbar
Rete non disponibile
ネットワーク利用不可
Rede indisponível
Сеть недоступна
Red no disponible
Sieć niedostępna
Ağ kullanılamıyor
네트워크를 사용할 수 없음
Netwerk niet beschikbaar
发现新版本
Found new version
發現新版本
Nouvelle version disponible
Neue Version verfügbar
Nuova versione disponibile
新しいバージョンがあります
Nova versão disponível
Доступна новая версия
Nueva versión disponible
Dostępna nowa wersja
Yeni sürüm mevcut
새 버전 있음
Nieuwe versie beschikbaar
OTA升级
OTA Upgrade
OTA升級
Mise à jour OTA
OTA-Upgrade
Aggiornamento OTA
OTAアップデート
Atualização OTA
Обновление OTA
Actualización OTA
Aktualizacja OTA
OTA güncellemesi
OTA 업데이트
OTA-update
未连接
Not connected
未連線
Non connecté
Nicht verbunden
Non connesso
未接続
Não ligado
Не подключено
No conectado
Niepołączony
Bağlı değil
연결되지 않음
Niet verbonden
WiFi

 !"#$%&'()*+,-./:;<=>?@[\]^_`{|}~
0123456789
abcdefghijklmnopqrstuvwxyz
ABCDEFGHIJKLMNOPQRSTUVWXYZ --font fa-solid-900.ttf --range 61452,61453 --format lvgl -o v853Font_OTA_42.c
 ******************************************************************************/

#ifdef __has_include
    #if __has_include("lvgl.h")
        #ifndef LV_LVGL_H_INCLUDE_SIMPLE
            #define LV_LVGL_H_INCLUDE_SIMPLE
        #endif
    #endif
#endif

#ifdef LV_LVGL_H_INCLUDE_SIMPLE
    #include "lvgl.h"
#else
    #include "lvgl/lvgl.h"
#endif



#ifndef V853FONT_OTA_42
#define V853FONT_OTA_42 1
#endif

#if V853FONT_OTA_42

/*-----------------
 *    BITMAPS
 *----------------*/

/*Store the image of the glyphs*/
static LV_ATTRIBUTE_LARGE_CONST const uint8_t glyph_bitmap[] = {
    /* U+0020 " " */
    0x0,

    /* U+0021 "!" */
    0x73, 0x9c, 0xe7, 0x39, 0xce, 0x73, 0x9c, 0xe7,
    0x39, 0xce, 0x73, 0x9c, 0xe7, 0x39, 0xc0, 0x0,
    0x0, 0xef, 0xff, 0xee,

    /* U+0022 "\"" */
    0xe1, 0xf8, 0x7e, 0x1f, 0x87, 0xe1, 0xf8, 0x7e,
    0x1f, 0x87, 0xe1, 0xf8, 0x70,

    /* U+0023 "#" */
    0x0, 0x38, 0xe, 0x0, 0xe, 0x3, 0x80, 0x7,
    0x81, 0xe0, 0x1, 0xc0, 0x70, 0x0, 0x70, 0x1c,
    0x0, 0x1c, 0xf, 0x0, 0xf, 0x3, 0xc0, 0x7f,
    0xff, 0xff, 0x1f, 0xff, 0xff, 0xc7, 0xff, 0xff,
    0xf0, 0x1e, 0x7, 0x80, 0x7, 0x1, 0xc0, 0x1,
    0xc0, 0x70, 0x0, 0x70, 0x1c, 0x0, 0x3c, 0xf,
    0x0, 0xe, 0x3, 0x80, 0x3, 0x80, 0xe0, 0x0,
    0xe0, 0x38, 0x0, 0x78, 0x1e, 0x3, 0xff, 0xff,
    0xf8, 0xff, 0xff, 0xfe, 0x3f, 0xff, 0xff, 0x80,
    0xf0, 0x3c, 0x0, 0x3c, 0xf, 0x0, 0xe, 0x3,
    0x80, 0x3, 0x80, 0xe0, 0x0, 0xe0, 0x38, 0x0,
    0x78, 0x1e, 0x0, 0x1c, 0x7, 0x0, 0x7, 0x1,
    0xc0, 0x0,

    /* U+0024 "$" */
    0x0, 0x78, 0x0, 0x3, 0xc0, 0x0, 0x1e, 0x0,
    0x0, 0xf0, 0x0, 0x7, 0x80, 0x0, 0xfe, 0x0,
    0x1f, 0xfc, 0x1, 0xff, 0xf8, 0x1f, 0xff, 0xe1,
    0xf3, 0xcf, 0xf, 0x1e, 0x3c, 0xf0, 0xf1, 0xe7,
    0x87, 0x86, 0x3c, 0x3c, 0x21, 0xe1, 0xe0, 0xf,
    0xf, 0x0, 0x7c, 0x78, 0x1, 0xf3, 0xc0, 0x7,
    0xfe, 0x0, 0x1f, 0xf0, 0x0, 0x7f, 0xe0, 0x0,
    0xff, 0xc0, 0x1, 0xff, 0x80, 0xf, 0xfe, 0x0,
    0x79, 0xf0, 0x3, 0xc7, 0xc0, 0x1e, 0x1e, 0xc0,
    0xf0, 0xff, 0x7, 0x87, 0xf8, 0x3c, 0x3f, 0xe1,
    0xe1, 0xef, 0x8f, 0x1e, 0x3f, 0x79, 0xf0, 0xff,
    0xff, 0x3, 0xff, 0xf0, 0x7, 0xff, 0x0, 0x7,
    0x80, 0x0, 0x3c, 0x0, 0x1, 0xe0, 0x0, 0xf,
    0x0, 0x0, 0x78, 0x0, 0x3, 0xc0, 0x0,

    /* U+0025 "%" */
    0x0, 0x0, 0x0, 0x0, 0x3f, 0xc0, 0x3, 0x80,
    0xff, 0xc0, 0xe, 0x3, 0xff, 0xc0, 0x3c, 0xf,
    0x87, 0xc0, 0x70, 0x1e, 0x7, 0x81, 0xe0, 0x3c,
    0xf, 0x3, 0x80, 0x78, 0x1e, 0xe, 0x0, 0xf0,
    0x3c, 0x3c, 0x0, 0xf0, 0xf0, 0x70, 0x1, 0xff,
    0xe1, 0xe0, 0x1, 0xff, 0x87, 0x80, 0x0, 0xfc,
    0xe, 0x0, 0x0, 0x0, 0x3c, 0x0, 0x0, 0x0,
    0x70, 0x0, 0x0, 0x1, 0xe0, 0x0, 0x0, 0x7,
    0x80, 0x0, 0x0, 0xe, 0xf, 0xc0, 0x0, 0x3c,
    0x7f, 0xc0, 0x0, 0x71, 0xff, 0xe0, 0x1, 0xe3,
    0xe7, 0xc0, 0x7, 0x8f, 0x87, 0xc0, 0xe, 0x1e,
    0x7, 0x80, 0x3c, 0x3c, 0xf, 0x0, 0x70, 0x78,
    0x1e, 0x1, 0xc0, 0xf0, 0x3c, 0x7, 0x81, 0xf0,
    0xf8, 0xe, 0x1, 0xe3, 0xe0, 0x3c, 0x3, 0xff,
    0xc0, 0x70, 0x3, 0xfe, 0x1, 0xc0, 0x1, 0xf8,
    0x0,

    /* U+0026 "&" */
    0x0, 0x7e, 0x0, 0x0, 0xf, 0xfc, 0x0, 0x0,
    0xff, 0xf0, 0x0, 0xf, 0x87, 0xc0, 0x0, 0xf8,
    0x1f, 0x0, 0x7, 0x80, 0x78, 0x0, 0x3c, 0x3,
    0xc0, 0x1, 0xe0, 0x1e, 0x0, 0xf, 0x0, 0xf0,
    0x0, 0x7c, 0xf, 0x0, 0x1, 0xe0, 0xf8, 0x0,
    0xf, 0x9f, 0x80, 0x0, 0x3f, 0xf8, 0x0, 0x0,
    0xff, 0x0, 0x0, 0xf, 0xe0, 0xe, 0x0, 0xff,
    0x0, 0x70, 0x1f, 0xbc, 0x7, 0x81, 0xf8, 0xf0,
    0x3c, 0x1f, 0x7, 0xc1, 0xc0, 0xf0, 0x1f, 0xe,
    0xf, 0x80, 0x7c, 0xf0, 0x78, 0x1, 0xf7, 0x83,
    0xc0, 0x7, 0xf8, 0x1e, 0x0, 0x1f, 0xc0, 0xf0,
    0x0, 0x7c, 0x7, 0x80, 0x3, 0xf0, 0x1e, 0x0,
    0x1f, 0xc0, 0xf8, 0x3, 0xff, 0x3, 0xf0, 0x7e,
    0x78, 0xf, 0xff, 0xe3, 0xe0, 0x3f, 0xfc, 0xf,
    0x80, 0x7f, 0x80, 0x3e,

    /* U+0027 "'" */
    0xff, 0xff, 0xff, 0xfc,

    /* U+0028 "(" */
    0x0, 0xe0, 0x38, 0xe, 0x3, 0xc0, 0xf0, 0x1e,
    0x7, 0x80, 0xf0, 0x3c, 0x7, 0x81, 0xe0, 0x3c,
    0x7, 0x80, 0xf0, 0x3c, 0x7, 0x80, 0xf0, 0x1e,
    0x3, 0xc0, 0x78, 0xf, 0x1, 0xe0, 0x3c, 0x7,
    0x80, 0xf0, 0xe, 0x1, 0xe0, 0x3c, 0x7, 0x80,
    0x78, 0xf, 0x1, 0xe0, 0x1e, 0x3, 0xc0, 0x3c,
    0x3, 0x80, 0x78, 0x7, 0x80, 0x78,

    /* U+0029 ")" */
    0xe0, 0xe, 0x1, 0xe0, 0x1e, 0x1, 0xe0, 0x3c,
    0x3, 0xc0, 0x78, 0x7, 0x80, 0xf0, 0xf, 0x1,
    0xe0, 0x3c, 0x7, 0x80, 0x78, 0xf, 0x1, 0xe0,
    0x3c, 0x7, 0x80, 0xf0, 0x1e, 0x3, 0xc0, 0x78,
    0xf, 0x1, 0xe0, 0x78, 0xf, 0x1, 0xe0, 0x3c,
    0xf, 0x1, 0xe0, 0x3c, 0xf, 0x1, 0xe0, 0x78,
    0xe, 0x3, 0xc0, 0xf0, 0x3c, 0x0,

    /* U+002A "*" */
    0x1, 0xc0, 0x1, 0x80, 0x1, 0x80, 0x71, 0x8e,
    0x79, 0x9e, 0x7f, 0xfe, 0xf, 0xf8, 0x3, 0xc0,
    0xf, 0xf0, 0x7f, 0xfe, 0x79, 0x9e, 0x71, 0x8e,
    0x1, 0x80, 0x1, 0x80, 0x3, 0xc0,

    /* U+002B "+" */
    0x0, 0xe0, 0x0, 0xe, 0x0, 0x0, 0xe0, 0x0,
    0xe, 0x0, 0x0, 0xe0, 0x0, 0xe, 0x0, 0x0,
    0xe0, 0x0, 0xe, 0x0, 0xff, 0xff, 0xff, 0xff,
    0xff, 0xff, 0xff, 0xf0, 0xe, 0x0, 0x0, 0xe0,
    0x0, 0xe, 0x0, 0x0, 0xe0, 0x0, 0xe, 0x0,
    0x0, 0xe0, 0x0, 0xe, 0x0, 0x0, 0xe0, 0x0,

    /* U+002C "," */
    0x73, 0xfe, 0xf7, 0x8c, 0x66, 0x77, 0x20,

    /* U+002D "-" */
    0xff, 0xff, 0xff, 0xff, 0xff, 0xf8,

    /* U+002E "." */
    0x6f, 0xff, 0x60,

    /* U+002F "/" */
    0x0, 0x1e, 0x0, 0x38, 0x0, 0xf0, 0x1, 0xc0,
    0x7, 0x80, 0xf, 0x0, 0x1c, 0x0, 0x78, 0x0,
    0xf0, 0x3, 0xc0, 0x7, 0x80, 0xe, 0x0, 0x3c,
    0x0, 0x78, 0x0, 0xe0, 0x3, 0xc0, 0x7, 0x0,
    0x1e, 0x0, 0x3c, 0x0, 0x70, 0x1, 0xe0, 0x3,
    0xc0, 0xf, 0x0, 0x1e, 0x0, 0x38, 0x0, 0xf0,
    0x1, 0xe0, 0x3, 0x80, 0xf, 0x0, 0x1c, 0x0,
    0x0,

    /* U+0030 "0" */
    0x0, 0x0, 0x0, 0x3f, 0xc0, 0xf, 0xff, 0x1,
    0xff, 0xf8, 0x1e, 0x7, 0x83, 0xc0, 0x3c, 0x78,
    0x3, 0xe7, 0x80, 0x1e, 0x78, 0x1, 0xe7, 0x80,
    0x1e, 0xf0, 0x0, 0xff, 0x0, 0xf, 0xf0, 0x0,
    0xff, 0x0, 0xf, 0xf0, 0x0, 0xff, 0x0, 0xf,
    0xf0, 0x0, 0xff, 0x0, 0xf, 0xf0, 0x0, 0xff,
    0x0, 0xf, 0xf0, 0x0, 0xff, 0x0, 0xf, 0x78,
    0x1, 0xe7, 0x80, 0x1e, 0x78, 0x1, 0xe3, 0xc0,
    0x3c, 0x3c, 0x3, 0xc1, 0xf0, 0xf8, 0xf, 0xff,
    0x0, 0x7f, 0xe0, 0x1, 0xf8, 0x0,

    /* U+0031 "1" */
    0x0, 0xf0, 0x3f, 0x7, 0xf1, 0xff, 0x7f, 0xff,
    0xcf, 0xf0, 0xfc, 0xf, 0x80, 0xf0, 0xf, 0x0,
    0xf0, 0xf, 0x0, 0xf0, 0xf, 0x0, 0xf0, 0xf,
    0x0, 0xf0, 0xf, 0x0, 0xf0, 0xf, 0x0, 0xf0,
    0xf, 0x0, 0xf0, 0xf, 0x0, 0xf0, 0xf, 0x0,
    0xf0, 0xf, 0x0, 0xf0, 0xf,

    /* U+0032 "2" */
    0x0, 0x0, 0x0, 0x7f, 0xe0, 0xf, 0xff, 0x3,
    0xff, 0xf8, 0x3c, 0x7, 0xc7, 0x80, 0x3c, 0xf0,
    0x1, 0xef, 0x0, 0x1e, 0x20, 0x1, 0xe0, 0x0,
    0x1e, 0x0, 0x1, 0xe0, 0x0, 0x1e, 0x0, 0x3,
    0xc0, 0x0, 0x3c, 0x0, 0x7, 0xc0, 0x0, 0xf8,
    0x0, 0x1f, 0x0, 0x3, 0xe0, 0x0, 0x7e, 0x0,
    0xf, 0xc0, 0x0, 0xf8, 0x0, 0x1f, 0x0, 0x3,
    0xe0, 0x0, 0x7c, 0x0, 0xf, 0x80, 0x1, 0xf0,
    0x0, 0x3e, 0x0, 0x7, 0xc0, 0x0, 0xff, 0xff,
    0xff, 0xff, 0xff, 0xff, 0xff, 0xf0,

    /* U+0033 "3" */
    0x0, 0x20, 0x0, 0x7f, 0xe0, 0xf, 0xff, 0x83,
    0xff, 0xfc, 0x3c, 0x7, 0xc7, 0x80, 0x3e, 0x78,
    0x1, 0xe3, 0x0, 0x1e, 0x0, 0x1, 0xe0, 0x0,
    0x1e, 0x0, 0x3, 0xe0, 0x0, 0x7c, 0x0, 0xf,
    0x80, 0x1f, 0xf0, 0x1, 0xff, 0x0, 0x1f, 0xf8,
    0x0, 0xf, 0xc0, 0x0, 0x3e, 0x0, 0x1, 0xe0,
    0x0, 0xf, 0x0, 0x0, 0xf0, 0x0, 0xf, 0x0,
    0x0, 0xf3, 0x0, 0xf, 0xf0, 0x0, 0xf7, 0x80,
    0x1e, 0x7c, 0x3, 0xe3, 0xf0, 0x7c, 0x1f, 0xff,
    0x80, 0xff, 0xf0, 0x1, 0xfc, 0x0,

    /* U+0034 "4" */
    0x0, 0x1e, 0x0, 0x0, 0xf0, 0x0, 0x3, 0xc0,
    0x0, 0x1e, 0x0, 0x0, 0x78, 0x0, 0x3, 0xc0,
    0x0, 0xf, 0x0, 0x0, 0x78, 0x0, 0x3, 0xc0,
    0x0, 0xf, 0x0, 0x0, 0x78, 0x0, 0x1, 0xe0,
    0x0, 0xf, 0x7, 0x80, 0x3c, 0x1e, 0x1, 0xe0,
    0x78, 0x7, 0x81, 0xe0, 0x3c, 0x7, 0x80, 0xf0,
    0x1e, 0x7, 0x80, 0x78, 0x1c, 0x1, 0xe0, 0xff,
    0xff, 0xff, 0xff, 0xff, 0xff, 0xff, 0xff, 0xc0,
    0x1, 0xe0, 0x0, 0x7, 0x80, 0x0, 0x1e, 0x0,
    0x0, 0x78, 0x0, 0x1, 0xe0, 0x0, 0x7, 0x80,
    0x0, 0x1e, 0x0,

    /* U+0035 "5" */
    0x1f, 0xff, 0xc3, 0xff, 0xf8, 0x7f, 0xff, 0xe,
    0x0, 0x3, 0xc0, 0x0, 0x78, 0x0, 0xf, 0x0,
    0x1, 0xe0, 0x0, 0x38, 0x0, 0x7, 0x0, 0x0,
    0xef, 0xe0, 0x3f, 0xff, 0x7, 0xff, 0xf0, 0xfc,
    0x1f, 0x1e, 0x1, 0xf3, 0x80, 0x1e, 0x0, 0x3,
    0xe0, 0x0, 0x3c, 0x0, 0x7, 0x80, 0x0, 0xf0,
    0x0, 0x1e, 0x0, 0x3, 0xc0, 0x0, 0x79, 0x80,
    0x1e, 0xf0, 0x3, 0xcf, 0x0, 0xf1, 0xf8, 0x3e,
    0x1f, 0xff, 0x80, 0xff, 0xe0, 0x7, 0xe0, 0x0,

    /* U+0036 "6" */
    0x0, 0x1e, 0x0, 0x3, 0xc0, 0x0, 0x7c, 0x0,
    0x7, 0x80, 0x0, 0xf0, 0x0, 0x1f, 0x0, 0x1,
    0xe0, 0x0, 0x3c, 0x0, 0x3, 0xc0, 0x0, 0x78,
    0x0, 0xf, 0x0, 0x0, 0xff, 0xc0, 0x1f, 0xff,
    0x3, 0xff, 0xf8, 0x3e, 0x7, 0xc7, 0xc0, 0x3e,
    0x78, 0x1, 0xef, 0x80, 0x1f, 0xf0, 0x0, 0xff,
    0x0, 0xf, 0xf0, 0x0, 0xff, 0x0, 0xf, 0xf0,
    0x0, 0xff, 0x80, 0x1f, 0x78, 0x1, 0xe7, 0xc0,
    0x3e, 0x3e, 0x7, 0xc1, 0xff, 0xf8, 0xf, 0xff,
    0x0, 0x1f, 0x80,

    /* U+0037 "7" */
    0xff, 0xff, 0xff, 0xff, 0xff, 0xff, 0xff, 0x80,
    0x0, 0xe0, 0x0, 0x3c, 0x0, 0x7, 0x80, 0x1,
    0xe0, 0x0, 0x3c, 0x0, 0xf, 0x0, 0x1, 0xe0,
    0x0, 0x3c, 0x0, 0xf, 0x0, 0x1, 0xe0, 0x0,
    0x78, 0x0, 0xf, 0x0, 0x1, 0xe0, 0x0, 0x78,
    0x0, 0xf, 0x0, 0x3, 0xc0, 0x0, 0x78, 0x0,
    0x1e, 0x0, 0x3, 0xc0, 0x0, 0x78, 0x0, 0x1e,
    0x0, 0x3, 0xc0, 0x0, 0xf0, 0x0, 0x1e, 0x0,
    0x3, 0xc0, 0x0, 0xf0, 0x0, 0x1e, 0x0, 0x0,

    /* U+0038 "8" */
    0x0, 0x0, 0x0, 0x7f, 0xe0, 0xf, 0xff, 0x1,
    0xff, 0xf8, 0x3e, 0x7, 0xc7, 0xc0, 0x3c, 0x78,
    0x1, 0xe7, 0x80, 0x1e, 0x78, 0x1, 0xe7, 0x80,
    0x1e, 0x7c, 0x3, 0xe3, 0xc0, 0x3c, 0x1f, 0xf,
    0x80, 0xff, 0xf0, 0x7, 0xfe, 0x1, 0xff, 0xf8,
    0x3e, 0x7, 0xc7, 0xc0, 0x3e, 0x78, 0x1, 0xef,
    0x0, 0xf, 0xf0, 0x0, 0xff, 0x0, 0xf, 0xf0,
    0x0, 0xff, 0x0, 0xf, 0xf0, 0x0, 0xf7, 0x80,
    0x1e, 0x7c, 0x3, 0xe3, 0xe0, 0x7c, 0x1f, 0xff,
    0x80, 0xff, 0xf0, 0x3, 0xfc, 0x0,

    /* U+0039 "9" */
    0x0, 0x0, 0x0, 0x7f, 0xe0, 0xf, 0xff, 0x3,
    0xff, 0xf8, 0x3e, 0x3, 0xc7, 0x80, 0x1e, 0x78,
    0x1, 0xef, 0x0, 0xf, 0xf0, 0x0, 0xff, 0x0,
    0xf, 0xf0, 0x0, 0xff, 0x0, 0xf, 0xf0, 0x1,
    0xf7, 0x80, 0x1e, 0x7c, 0x3, 0xe3, 0xe0, 0x7e,
    0x1f, 0xff, 0xc0, 0xff, 0xf8, 0x3, 0xff, 0x80,
    0x0, 0xf0, 0x0, 0x1f, 0x0, 0x3, 0xe0, 0x0,
    0x3c, 0x0, 0x7, 0xc0, 0x0, 0x78, 0x0, 0xf,
    0x80, 0x1, 0xf0, 0x0, 0x1e, 0x0, 0x3, 0xe0,
    0x0, 0x3c, 0x0, 0x7, 0x80, 0x0,

    /* U+003A ":" */
    0x27, 0xbf, 0xf7, 0x10, 0x0, 0x0, 0x0, 0x0,
    0x0, 0x0, 0x0, 0x1d, 0xff, 0xfd, 0xc0,

    /* U+003B ";" */
    0x11, 0xe7, 0xdf, 0x78, 0x40, 0x0, 0x0, 0x0,
    0x0, 0x0, 0x0, 0x0, 0x0, 0x3, 0x9f, 0x7d,
    0xf3, 0xc3, 0xc, 0x63, 0xbc, 0xc0,

    /* U+003C "<" */
    0x0, 0x0, 0x10, 0x0, 0x7, 0x0, 0x3, 0xf0,
    0x0, 0xff, 0x0, 0x3f, 0xc0, 0x1f, 0xe0, 0x7,
    0xf8, 0x3, 0xfe, 0x0, 0xff, 0x0, 0xf, 0xc0,
    0x0, 0xfc, 0x0, 0xf, 0xf0, 0x0, 0x3f, 0xe0,
    0x0, 0x7f, 0x80, 0x1, 0xfe, 0x0, 0x7, 0xfc,
    0x0, 0xf, 0xf0, 0x0, 0x3f, 0x0, 0x0, 0x70,
    0x0, 0x1,

    /* U+003D "=" */
    0xff, 0xff, 0xff, 0xff, 0xff, 0xff, 0xff, 0xf0,
    0x0, 0x0, 0x0, 0x0, 0x0, 0x0, 0x0, 0x0,
    0x0, 0x0, 0x0, 0x0, 0x0, 0x0, 0xf, 0xff,
    0xff, 0xff, 0xff, 0xff, 0xff, 0xff,

    /* U+003E ">" */
    0x80, 0x0, 0xe, 0x0, 0x0, 0xf8, 0x0, 0xf,
    0xf0, 0x0, 0x3f, 0xc0, 0x0, 0xff, 0x0, 0x3,
    0xfe, 0x0, 0x7, 0xf8, 0x0, 0x1f, 0xe0, 0x0,
    0x3f, 0x0, 0x3, 0xf0, 0x1, 0xfe, 0x0, 0x7f,
    0x80, 0x3f, 0xe0, 0xf, 0xf0, 0x3, 0xfc, 0x0,
    0xff, 0x0, 0xf, 0x80, 0x0, 0xe0, 0x0, 0x8,
    0x0, 0x0,

    /* U+003F "?" */
    0x3, 0xf8, 0x3, 0xff, 0x81, 0xff, 0xf0, 0xf8,
    0x3e, 0x78, 0x7, 0xde, 0x0, 0xf7, 0x0, 0x3c,
    0x0, 0xf, 0x0, 0x3, 0xc0, 0x1, 0xf0, 0x0,
    0x78, 0x0, 0x3c, 0x0, 0x1e, 0x0, 0xf, 0x0,
    0x7, 0x80, 0x3, 0xc0, 0x0, 0xe0, 0x0, 0x78,
    0x0, 0x1c, 0x0, 0x7, 0x0, 0x1, 0xc0, 0x0,
    0x70, 0x0, 0x1c, 0x0, 0x0, 0x0, 0x0, 0x0,
    0x0, 0x0, 0x0, 0x0, 0x0, 0x3, 0x80, 0x1,
    0xf0, 0x0, 0x7c, 0x0, 0x1f, 0x0, 0x3, 0x80,

    /* U+0040 "@" */
    0x0, 0x1, 0xff, 0x0, 0x0, 0x0, 0x7f, 0xff,
    0xc0, 0x0, 0x7, 0xff, 0xff, 0xc0, 0x0, 0x3f,
    0x80, 0x7f, 0x80, 0x3, 0xf0, 0x0, 0x3f, 0x0,
    0x1f, 0x0, 0x0, 0x3e, 0x0, 0xf0, 0x0, 0x0,
    0x7c, 0x7, 0x80, 0x0, 0x0, 0xf8, 0x1c, 0x0,
    0x0, 0x1, 0xf0, 0xf0, 0x7, 0xe3, 0xc3, 0xc3,
    0x80, 0x7f, 0xef, 0xf, 0x9e, 0x3, 0xff, 0xfc,
    0x1e, 0x70, 0x1f, 0x7, 0xf0, 0x79, 0xc0, 0xf8,
    0xf, 0xc1, 0xfe, 0x3, 0xc0, 0x1f, 0x3, 0xf8,
    0x1f, 0x0, 0x7c, 0xf, 0xe0, 0x78, 0x0, 0xf0,
    0x3f, 0x81, 0xe0, 0x3, 0xc0, 0xfe, 0x7, 0x80,
    0xf, 0x3, 0xf8, 0x1e, 0x0, 0x3c, 0xf, 0xe0,
    0x78, 0x0, 0xf0, 0x3f, 0x81, 0xe0, 0x3, 0xc0,
    0xfe, 0x7, 0xc0, 0x1f, 0x3, 0xdc, 0xf, 0x0,
    0x7c, 0x1e, 0x70, 0x3e, 0x3, 0xf0, 0x79, 0xc0,
    0x7c, 0x1d, 0xe3, 0xc3, 0x80, 0xff, 0xf7, 0xff,
    0xf, 0x1, 0xff, 0x8f, 0xf8, 0x1c, 0x1, 0xf8,
    0xf, 0x80, 0x78, 0x0, 0x0, 0x0, 0x0, 0xf0,
    0x0, 0x0, 0x0, 0x1, 0xf0, 0x0, 0x0, 0x0,
    0x3, 0xf0, 0x0, 0x10, 0x0, 0x7, 0xf8, 0x3,
    0xe0, 0x0, 0x7, 0xff, 0xff, 0x80, 0x0, 0x7,
    0xff, 0xf8, 0x0, 0x0, 0x3, 0xff, 0x0, 0x0,

    /* U+0041 "A" */
    0x0, 0xe, 0x0, 0x0, 0x1, 0xf0, 0x0, 0x0,
    0x1f, 0x0, 0x0, 0x1, 0xf8, 0x0, 0x0, 0x3f,
    0x80, 0x0, 0x3, 0xbc, 0x0, 0x0, 0x3b, 0xc0,
    0x0, 0x7, 0x9c, 0x0, 0x0, 0x71, 0xe0, 0x0,
    0xf, 0x1e, 0x0, 0x0, 0xe0, 0xf0, 0x0, 0xe,
    0xf, 0x0, 0x1, 0xe0, 0x70, 0x0, 0x1c, 0x7,
    0x80, 0x3, 0xc0, 0x78, 0x0, 0x3c, 0x3, 0xc0,
    0x3, 0x80, 0x3c, 0x0, 0x78, 0x1, 0xc0, 0x7,
    0xff, 0xfe, 0x0, 0xff, 0xff, 0xe0, 0xf, 0xff,
    0xff, 0x0, 0xe0, 0x0, 0xf0, 0x1e, 0x0, 0x7,
    0x81, 0xc0, 0x0, 0x78, 0x3c, 0x0, 0x7, 0x83,
    0xc0, 0x0, 0x3c, 0x38, 0x0, 0x3, 0xc7, 0x80,
    0x0, 0x3e, 0x78, 0x0, 0x1, 0xef, 0x0, 0x0,
    0x1e,

    /* U+0042 "B" */
    0xff, 0xfc, 0x3, 0xff, 0xfc, 0xf, 0xff, 0xfc,
    0x3c, 0x3, 0xf0, 0xf0, 0x3, 0xe3, 0xc0, 0x7,
    0xcf, 0x0, 0xf, 0x3c, 0x0, 0x3c, 0xf0, 0x0,
    0xf3, 0xc0, 0x3, 0xcf, 0x0, 0x1f, 0x3c, 0x0,
    0xf8, 0xf0, 0xf, 0xc3, 0xff, 0xfe, 0xf, 0xff,
    0xf8, 0x3f, 0xff, 0xf8, 0xf0, 0x3, 0xf3, 0xc0,
    0x3, 0xef, 0x0, 0x7, 0xbc, 0x0, 0xf, 0xf0,
    0x0, 0x3f, 0xc0, 0x0, 0xff, 0x0, 0x3, 0xfc,
    0x0, 0xf, 0xf0, 0x0, 0x7f, 0xc0, 0x3, 0xef,
    0x0, 0x3f, 0x3f, 0xff, 0xf8, 0xff, 0xff, 0xc3,
    0xff, 0xf8, 0x0,

    /* U+0043 "C" */
    0x0, 0x0, 0x0, 0x0, 0x7f, 0xe0, 0x1, 0xff,
    0xf8, 0x7, 0xff, 0xfc, 0xf, 0xc0, 0x3e, 0x1f,
    0x0, 0x1f, 0x1e, 0x0, 0xf, 0x3c, 0x0, 0x4,
    0x7c, 0x0, 0x0, 0x78, 0x0, 0x0, 0x78, 0x0,
    0x0, 0xf0, 0x0, 0x0, 0xf0, 0x0, 0x0, 0xf0,
    0x0, 0x0, 0xf0, 0x0, 0x0, 0xf0, 0x0, 0x0,
    0xf0, 0x0, 0x0, 0xf0, 0x0, 0x0, 0xf0, 0x0,
    0x0, 0xf0, 0x0, 0x0, 0x78, 0x0, 0x0, 0x78,
    0x0, 0x0, 0x78, 0x0, 0x0, 0x3c, 0x0, 0x4,
    0x3e, 0x0, 0x6, 0x1f, 0x0, 0xf, 0xf, 0x80,
    0x1f, 0x7, 0xe0, 0x7e, 0x3, 0xff, 0xfc, 0x0,
    0xff, 0xf0, 0x0, 0x3f, 0xc0,

    /* U+0044 "D" */
    0xff, 0xf8, 0x0, 0xff, 0xff, 0x0, 0xff, 0xff,
    0xc0, 0xf0, 0xf, 0xe0, 0xf0, 0x1, 0xf0, 0xf0,
    0x0, 0xf8, 0xf0, 0x0, 0x7c, 0xf0, 0x0, 0x3c,
    0xf0, 0x0, 0x1e, 0xf0, 0x0, 0x1e, 0xf0, 0x0,
    0x1e, 0xf0, 0x0, 0xf, 0xf0, 0x0, 0xf, 0xf0,
    0x0, 0xf, 0xf0, 0x0, 0xf, 0xf0, 0x0, 0xf,
    0xf0, 0x0, 0xf, 0xf0, 0x0, 0xf, 0xf0, 0x0,
    0xf, 0xf0, 0x0, 0x1e, 0xf0, 0x0, 0x1e, 0xf0,
    0x0, 0x1e, 0xf0, 0x0, 0x3c, 0xf0, 0x0, 0x7c,
    0xf0, 0x0, 0xf8, 0xf0, 0x1, 0xf0, 0xf0, 0xf,
    0xe0, 0xff, 0xff, 0xc0, 0xff, 0xff, 0x0, 0xff,
    0xf8, 0x0,

    /* U+0045 "E" */
    0xff, 0xff, 0xef, 0xff, 0xfe, 0xff, 0xff, 0xef,
    0x0, 0x0, 0xf0, 0x0, 0xf, 0x0, 0x0, 0xf0,
    0x0, 0xf, 0x0, 0x0, 0xf0, 0x0, 0xf, 0x0,
    0x0, 0xf0, 0x0, 0xf, 0x0, 0x0, 0xf0, 0x0,
    0xf, 0xff, 0xfc, 0xff, 0xff, 0xcf, 0xff, 0xfc,
    0xf0, 0x0, 0xf, 0x0, 0x0, 0xf0, 0x0, 0xf,
    0x0, 0x0, 0xf0, 0x0, 0xf, 0x0, 0x0, 0xf0,
    0x0, 0xf, 0x0, 0x0, 0xf0, 0x0, 0xf, 0x0,
    0x0, 0xf0, 0x0, 0xf, 0xff, 0xff, 0xff, 0xff,
    0xff, 0xff, 0xff,

    /* U+0046 "F" */
    0xff, 0xff, 0xff, 0xff, 0xff, 0xff, 0xff, 0xf8,
    0x0, 0xf, 0x0, 0x1, 0xe0, 0x0, 0x3c, 0x0,
    0x7, 0x80, 0x0, 0xf0, 0x0, 0x1e, 0x0, 0x3,
    0xc0, 0x0, 0x78, 0x0, 0xf, 0x0, 0x1, 0xff,
    0xff, 0xbf, 0xff, 0xf7, 0xff, 0xfe, 0xf0, 0x0,
    0x1e, 0x0, 0x3, 0xc0, 0x0, 0x78, 0x0, 0xf,
    0x0, 0x1, 0xe0, 0x0, 0x3c, 0x0, 0x7, 0x80,
    0x0, 0xf0, 0x0, 0x1e, 0x0, 0x3, 0xc0, 0x0,
    0x78, 0x0, 0xf, 0x0, 0x1, 0xe0, 0x0, 0x0,

    /* U+0047 "G" */
    0x0, 0x2, 0x0, 0x0, 0x3f, 0xf8, 0x0, 0x7f,
    0xff, 0x0, 0xff, 0xff, 0xc0, 0xfc, 0x3, 0xf0,
    0xf8, 0x0, 0x7c, 0x78, 0x0, 0x1c, 0x78, 0x0,
    0x8, 0x3c, 0x0, 0x0, 0x3c, 0x0, 0x0, 0x1e,
    0x0, 0x0, 0x1e, 0x0, 0x0, 0xf, 0x0, 0x0,
    0x7, 0x80, 0x0, 0x3, 0xc0, 0x0, 0x1, 0xe0,
    0x3, 0xff, 0xf0, 0x1, 0xff, 0xf8, 0x0, 0xff,
    0xfc, 0x0, 0x1, 0xfe, 0x0, 0x0, 0xf7, 0x80,
    0x0, 0x7b, 0xc0, 0x0, 0x3d, 0xf0, 0x0, 0x1e,
    0x78, 0x0, 0xf, 0x3e, 0x0, 0x7, 0x8f, 0x80,
    0x3, 0xc3, 0xe0, 0x3, 0xe0, 0xfc, 0x7, 0xe0,
    0x3f, 0xff, 0xe0, 0x7, 0xff, 0xe0, 0x0, 0xff,
    0x80,

    /* U+0048 "H" */
    0xf0, 0x0, 0xf, 0xf0, 0x0, 0xf, 0xf0, 0x0,
    0xf, 0xf0, 0x0, 0xf, 0xf0, 0x0, 0xf, 0xf0,
    0x0, 0xf, 0xf0, 0x0, 0xf, 0xf0, 0x0, 0xf,
    0xf0, 0x0, 0xf, 0xf0, 0x0, 0xf, 0xf0, 0x0,
    0xf, 0xf0, 0x0, 0xf, 0xf0, 0x0, 0xf, 0xff,
    0xff, 0xff, 0xff, 0xff, 0xff, 0xff, 0xff, 0xff,
    0xf0, 0x0, 0xf, 0xf0, 0x0, 0xf, 0xf0, 0x0,
    0xf, 0xf0, 0x0, 0xf, 0xf0, 0x0, 0xf, 0xf0,
    0x0, 0xf, 0xf0, 0x0, 0xf, 0xf0, 0x0, 0xf,
    0xf0, 0x0, 0xf, 0xf0, 0x0, 0xf, 0xf0, 0x0,
    0xf, 0xf0, 0x0, 0xf, 0xf0, 0x0, 0xf, 0xf0,
    0x0, 0xf,

    /* U+0049 "I" */
    0xff, 0xff, 0xff, 0xff, 0xff, 0xff, 0xff, 0xff,
    0xff, 0xff, 0xff, 0xff, 0xff, 0xff, 0xff,

    /* U+004A "J" */
    0x0, 0xf, 0x0, 0xf, 0x0, 0xf, 0x0, 0xf,
    0x0, 0xf, 0x0, 0xf, 0x0, 0xf, 0x0, 0xf,
    0x0, 0xf, 0x0, 0xf, 0x0, 0xf, 0x0, 0xf,
    0x0, 0xf, 0x0, 0xf, 0x0, 0xf, 0x0, 0xf,
    0x0, 0xf, 0x0, 0xf, 0x0, 0xf, 0x0, 0xf,
    0x0, 0xf, 0x0, 0xf, 0x0, 0xf, 0x0, 0xf,
    0x60, 0x1f, 0xf0, 0x1e, 0xf8, 0x3e, 0x7f, 0xfc,
    0x3f, 0xf8, 0xf, 0xe0,

    /* U+004B "K" */
    0xf0, 0x0, 0x1e, 0x78, 0x0, 0x1e, 0x3c, 0x0,
    0x1e, 0x1e, 0x0, 0x1f, 0xf, 0x0, 0x1f, 0x7,
    0x80, 0x1f, 0x3, 0xc0, 0x1f, 0x1, 0xe0, 0x1f,
    0x0, 0xf0, 0x1f, 0x0, 0x78, 0x1f, 0x0, 0x3c,
    0x1f, 0x0, 0x1e, 0x1f, 0x0, 0xf, 0x1f, 0x0,
    0x7, 0x9f, 0x80, 0x3, 0xdf, 0xe0, 0x1, 0xff,
    0xf8, 0x0, 0xff, 0x3c, 0x0, 0x7f, 0x1f, 0x0,
    0x3f, 0x7, 0xc0, 0x1f, 0x1, 0xf0, 0xf, 0x0,
    0x7c, 0x7, 0x80, 0x1e, 0x3, 0xc0, 0xf, 0x81,
    0xe0, 0x3, 0xe0, 0xf0, 0x0, 0xf8, 0x78, 0x0,
    0x3c, 0x3c, 0x0, 0x1f, 0x1e, 0x0, 0x7, 0xcf,
    0x0, 0x1, 0xf7, 0x80, 0x0, 0x7c,

    /* U+004C "L" */
    0xf0, 0x0, 0x1e, 0x0, 0x3, 0xc0, 0x0, 0x78,
    0x0, 0xf, 0x0, 0x1, 0xe0, 0x0, 0x3c, 0x0,
    0x7, 0x80, 0x0, 0xf0, 0x0, 0x1e, 0x0, 0x3,
    0xc0, 0x0, 0x78, 0x0, 0xf, 0x0, 0x1, 0xe0,
    0x0, 0x3c, 0x0, 0x7, 0x80, 0x0, 0xf0, 0x0,
    0x1e, 0x0, 0x3, 0xc0, 0x0, 0x78, 0x0, 0xf,
    0x0, 0x1, 0xe0, 0x0, 0x3c, 0x0, 0x7, 0x80,
    0x0, 0xf0, 0x0, 0x1e, 0x0, 0x3, 0xc0, 0x0,
    0x7f, 0xff, 0xff, 0xff, 0xff, 0xff, 0xff, 0xc0,

    /* U+004D "M" */
    0xf0, 0x0, 0x0, 0x7f, 0xc0, 0x0, 0x3, 0xfe,
    0x0, 0x0, 0x3f, 0xf8, 0x0, 0x3, 0xff, 0xc0,
    0x0, 0x1f, 0xff, 0x0, 0x1, 0xff, 0xfc, 0x0,
    0xf, 0xff, 0xe0, 0x0, 0xff, 0xf7, 0x80, 0xf,
    0x7f, 0x9e, 0x0, 0x7b, 0xfc, 0xf0, 0x7, 0x9f,
    0xe3, 0xc0, 0x38, 0xff, 0x1e, 0x3, 0xc7, 0xf8,
    0x78, 0x3c, 0x3f, 0xc1, 0xe1, 0xc1, 0xfe, 0xf,
    0x1e, 0xf, 0xf0, 0x3d, 0xe0, 0x7f, 0x80, 0xef,
    0x3, 0xfc, 0x7, 0xf0, 0x1f, 0xe0, 0x1f, 0x0,
    0xff, 0x0, 0xf8, 0x7, 0xf8, 0x3, 0x80, 0x3f,
    0xc0, 0x0, 0x1, 0xfe, 0x0, 0x0, 0xf, 0xf0,
    0x0, 0x0, 0x7f, 0x80, 0x0, 0x3, 0xfc, 0x0,
    0x0, 0x1f, 0xe0, 0x0, 0x0, 0xff, 0x0, 0x0,
    0x7, 0xf8, 0x0, 0x0, 0x3c,

    /* U+004E "N" */
    0xf0, 0x0, 0xf, 0xf8, 0x0, 0xf, 0xf8, 0x0,
    0xf, 0xfc, 0x0, 0xf, 0xfe, 0x0, 0xf, 0xfe,
    0x0, 0xf, 0xff, 0x0, 0xf, 0xf7, 0x80, 0xf,
    0xf7, 0xc0, 0xf, 0xf3, 0xc0, 0xf, 0xf1, 0xe0,
    0xf, 0xf0, 0xf0, 0xf, 0xf0, 0xf0, 0xf, 0xf0,
    0x78, 0xf, 0xf0, 0x3c, 0xf, 0xf0, 0x3c, 0xf,
    0xf0, 0x1e, 0xf, 0xf0, 0xf, 0xf, 0xf0, 0xf,
    0x8f, 0xf0, 0x7, 0x8f, 0xf0, 0x3, 0xcf, 0xf0,
    0x3, 0xef, 0xf0, 0x1, 0xef, 0xf0, 0x0, 0xff,
    0xf0, 0x0, 0x7f, 0xf0, 0x0, 0x7f, 0xf0, 0x0,
    0x3f, 0xf0, 0x0, 0x1f, 0xf0, 0x0, 0x1f, 0xf0,
    0x0, 0xf,

    /* U+004F "O" */
    0x0, 0x0, 0x0, 0x0, 0x7, 0xfe, 0x0, 0x1,
    0xff, 0xf8, 0x0, 0x7f, 0xff, 0xe0, 0xf, 0xc0,
    0x3f, 0x1, 0xf0, 0x0, 0xf8, 0x1e, 0x0, 0x7,
    0x83, 0xc0, 0x0, 0x3c, 0x7c, 0x0, 0x3, 0xe7,
    0x80, 0x0, 0x1e, 0x78, 0x0, 0x1, 0xef, 0x0,
    0x0, 0x1f, 0xf0, 0x0, 0x0, 0xff, 0x0, 0x0,
    0xf, 0xf0, 0x0, 0x0, 0xff, 0x0, 0x0, 0xf,
    0xf0, 0x0, 0x0, 0xff, 0x0, 0x0, 0xf, 0xf0,
    0x0, 0x0, 0xff, 0x0, 0x0, 0xf, 0x78, 0x0,
    0x1, 0xe7, 0x80, 0x0, 0x1e, 0x78, 0x0, 0x1,
    0xe3, 0xc0, 0x0, 0x3c, 0x3e, 0x0, 0x7, 0xc1,
    0xf0, 0x0, 0xf8, 0xf, 0x80, 0x1f, 0x0, 0x7e,
    0x7, 0xe0, 0x3, 0xff, 0xfc, 0x0, 0x1f, 0xff,
    0x0, 0x0, 0x3f, 0xc0, 0x0,

    /* U+0050 "P" */
    0xff, 0xf8, 0xf, 0xff, 0xf0, 0xff, 0xff, 0x8f,
    0x0, 0xfc, 0xf0, 0x3, 0xef, 0x0, 0x1e, 0xf0,
    0x1, 0xff, 0x0, 0xf, 0xf0, 0x0, 0xff, 0x0,
    0xf, 0xf0, 0x0, 0xff, 0x0, 0x1f, 0xf0, 0x1,
    0xef, 0x0, 0x3e, 0xf0, 0xf, 0xcf, 0xff, 0xf8,
    0xff, 0xff, 0xf, 0xff, 0x80, 0xf0, 0x0, 0xf,
    0x0, 0x0, 0xf0, 0x0, 0xf, 0x0, 0x0, 0xf0,
    0x0, 0xf, 0x0, 0x0, 0xf0, 0x0, 0xf, 0x0,
    0x0, 0xf0, 0x0, 0xf, 0x0, 0x0, 0xf0, 0x0,
    0xf, 0x0, 0x0,

    /* U+0051 "Q" */
    0x0, 0x0, 0x0, 0x0, 0x1, 0xff, 0x80, 0x0,
    0x1f, 0xff, 0x80, 0x1, 0xff, 0xff, 0x80, 0xf,
    0xc0, 0x3f, 0x0, 0x7c, 0x0, 0x3e, 0x1, 0xe0,
    0x0, 0x78, 0xf, 0x0, 0x0, 0xf0, 0x7c, 0x0,
    0x3, 0xe1, 0xe0, 0x0, 0x7, 0x87, 0x80, 0x0,
    0x1e, 0x3c, 0x0, 0x0, 0x7c, 0xf0, 0x0, 0x0,
    0xf3, 0xc0, 0x0, 0x3, 0xcf, 0x0, 0x0, 0xf,
    0x3c, 0x0, 0x0, 0x3c, 0xf0, 0x0, 0x0, 0xf3,
    0xc0, 0x0, 0x3, 0xcf, 0x0, 0x0, 0xf, 0x3c,
    0x0, 0x0, 0x3c, 0x78, 0x0, 0x1, 0xe1, 0xe0,
    0x0, 0x7, 0x87, 0x80, 0x0, 0x1e, 0xf, 0x0,
    0x0, 0xf0, 0x3e, 0x0, 0x7, 0xc0, 0x7c, 0x0,
    0x3e, 0x0, 0xf8, 0x1, 0xf0, 0x1, 0xf8, 0x1f,
    0xc0, 0x3, 0xff, 0xfc, 0x0, 0x7, 0xff, 0xe0,
    0x0, 0x3, 0xff, 0xc0, 0x0, 0x0, 0xf, 0x80,
    0x0, 0x0, 0x1f, 0x80, 0x0, 0x0, 0x3f, 0x0,
    0x0, 0x0, 0x7e, 0x0, 0x0, 0x0, 0x7c, 0x0,
    0x0, 0x0, 0xfc,

    /* U+0052 "R" */
    0xff, 0xf8, 0x1, 0xff, 0xfe, 0x3, 0xff, 0xfe,
    0x7, 0x80, 0x7e, 0xf, 0x0, 0x3e, 0x1e, 0x0,
    0x3c, 0x3c, 0x0, 0x3c, 0x78, 0x0, 0x78, 0xf0,
    0x0, 0xf1, 0xe0, 0x1, 0xe3, 0xc0, 0x3, 0xc7,
    0x80, 0xf, 0xf, 0x0, 0x3e, 0x1e, 0x1, 0xf8,
    0x3f, 0xff, 0xe0, 0x7f, 0xff, 0x80, 0xff, 0xfc,
    0x1, 0xe0, 0x78, 0x3, 0xc0, 0x78, 0x7, 0x80,
    0xf8, 0xf, 0x0, 0xf0, 0x1e, 0x0, 0xf0, 0x3c,
    0x1, 0xf0, 0x78, 0x1, 0xf0, 0xf0, 0x1, 0xe1,
    0xe0, 0x3, 0xe3, 0xc0, 0x3, 0xe7, 0x80, 0x3,
    0xcf, 0x0, 0x7, 0xde, 0x0, 0x7, 0xc0,

    /* U+0053 "S" */
    0x0, 0x10, 0x0, 0xf, 0xfe, 0x0, 0xff, 0xfc,
    0x7, 0xff, 0xfc, 0x3e, 0x1, 0xf0, 0xf0, 0x1,
    0xe7, 0x80, 0x7, 0x9e, 0x0, 0xc, 0x78, 0x0,
    0x1, 0xe0, 0x0, 0x7, 0xc0, 0x0, 0x1f, 0x80,
    0x0, 0x3f, 0x80, 0x0, 0x7f, 0xe0, 0x0, 0xff,
    0xf0, 0x0, 0xff, 0xf0, 0x0, 0x7f, 0xe0, 0x0,
    0x3f, 0xc0, 0x0, 0x1f, 0x80, 0x0, 0x3f, 0x0,
    0x0, 0x7c, 0x0, 0x0, 0xf2, 0x0, 0x3, 0xf8,
    0x0, 0xf, 0xf0, 0x0, 0x3f, 0xe0, 0x1, 0xe7,
    0xc0, 0x7, 0x8f, 0xc0, 0x7c, 0x1f, 0xff, 0xe0,
    0x1f, 0xff, 0x0, 0x1f, 0xe0, 0x0,

    /* U+0054 "T" */
    0xff, 0xff, 0xff, 0xff, 0xff, 0xff, 0xff, 0xff,
    0xf8, 0x3, 0xc0, 0x0, 0x7, 0x80, 0x0, 0xf,
    0x0, 0x0, 0x1e, 0x0, 0x0, 0x3c, 0x0, 0x0,
    0x78, 0x0, 0x0, 0xf0, 0x0, 0x1, 0xe0, 0x0,
    0x3, 0xc0, 0x0, 0x7, 0x80, 0x0, 0xf, 0x0,
    0x0, 0x1e, 0x0, 0x0, 0x3c, 0x0, 0x0, 0x78,
    0x0, 0x0, 0xf0, 0x0, 0x1, 0xe0, 0x0, 0x3,
    0xc0, 0x0, 0x7, 0x80, 0x0, 0xf, 0x0, 0x0,
    0x1e, 0x0, 0x0, 0x3c, 0x0, 0x0, 0x78, 0x0,
    0x0, 0xf0, 0x0, 0x1, 0xe0, 0x0, 0x3, 0xc0,
    0x0, 0x7, 0x80, 0x0, 0xf, 0x0, 0x0,

    /* U+0055 "U" */
    0xf0, 0x0, 0xf, 0xf0, 0x0, 0xf, 0xf0, 0x0,
    0xf, 0xf0, 0x0, 0xf, 0xf0, 0x0, 0xf, 0xf0,
    0x0, 0xf, 0xf0, 0x0, 0xf, 0xf0, 0x0, 0xf,
    0xf0, 0x0, 0xf, 0xf0, 0x0, 0xf, 0xf0, 0x0,
    0xf, 0xf0, 0x0, 0xf, 0xf0, 0x0, 0xf, 0xf0,
    0x0, 0xf, 0xf0, 0x0, 0xf, 0xf0, 0x0, 0xf,
    0xf0, 0x0, 0xf, 0xf0, 0x0, 0xf, 0xf0, 0x0,
    0xf, 0xf0, 0x0, 0xf, 0xf0, 0x0, 0xf, 0xf8,
    0x0, 0x1f, 0x78, 0x0, 0x1e, 0x78, 0x0, 0x1e,
    0x3c, 0x0, 0x3c, 0x3e, 0x0, 0x7c, 0x1f, 0x81,
    0xf8, 0xf, 0xff, 0xf0, 0x7, 0xff, 0xc0, 0x0,
    0xff, 0x0,

    /* U+0056 "V" */
    0x78, 0x0, 0x1, 0xef, 0x0, 0x0, 0x3d, 0xe0,
    0x0, 0x7, 0x1e, 0x0, 0x1, 0xe3, 0xc0, 0x0,
    0x3c, 0x3c, 0x0, 0x7, 0x7, 0x80, 0x1, 0xe0,
    0xf0, 0x0, 0x38, 0xf, 0x0, 0xf, 0x1, 0xe0,
    0x1, 0xe0, 0x1e, 0x0, 0x38, 0x3, 0xc0, 0xf,
    0x0, 0x78, 0x1, 0xe0, 0x7, 0x80, 0x38, 0x0,
    0xf0, 0xf, 0x0, 0xe, 0x1, 0xc0, 0x1, 0xe0,
    0x78, 0x0, 0x3c, 0xf, 0x0, 0x3, 0xc1, 0xc0,
    0x0, 0x78, 0x78, 0x0, 0x7, 0xe, 0x0, 0x0,
    0xf1, 0xc0, 0x0, 0x1e, 0x78, 0x0, 0x1, 0xee,
    0x0, 0x0, 0x3f, 0xc0, 0x0, 0x3, 0xf0, 0x0,
    0x0, 0x7e, 0x0, 0x0, 0xf, 0xc0, 0x0, 0x0,
    0xf0, 0x0, 0x0, 0x1e, 0x0, 0x0,

    /* U+0057 "W" */
    0x70, 0x0, 0x1c, 0x0, 0xf, 0x78, 0x0, 0x3e,
    0x0, 0xf, 0x78, 0x0, 0x3e, 0x0, 0xe, 0x38,
    0x0, 0x3e, 0x0, 0xe, 0x3c, 0x0, 0x3e, 0x0,
    0x1e, 0x3c, 0x0, 0x7f, 0x0, 0x1c, 0x3c, 0x0,
    0x7f, 0x0, 0x1c, 0x1e, 0x0, 0x77, 0x0, 0x3c,
    0x1e, 0x0, 0xf7, 0x80, 0x3c, 0x1e, 0x0, 0xf7,
    0x80, 0x38, 0xf, 0x0, 0xe3, 0x80, 0x38, 0xf,
    0x0, 0xe3, 0xc0, 0x78, 0xf, 0x1, 0xe3, 0xc0,
    0x70, 0x7, 0x81, 0xc1, 0xc0, 0x70, 0x7, 0x81,
    0xc1, 0xe0, 0xf0, 0x7, 0x83, 0xc1, 0xe0, 0xe0,
    0x3, 0xc3, 0x80, 0xe0, 0xe0, 0x3, 0xc3, 0x80,
    0xf1, 0xe0, 0x3, 0xc7, 0x80, 0xf1, 0xc0, 0x1,
    0xc7, 0x0, 0x71, 0xc0, 0x1, 0xe7, 0x0, 0x79,
    0xc0, 0x1, 0xe7, 0x0, 0x7b, 0xc0, 0x0, 0xee,
    0x0, 0x3b, 0x80, 0x0, 0xfe, 0x0, 0x3b, 0x80,
    0x0, 0xfe, 0x0, 0x3f, 0x80, 0x0, 0x7e, 0x0,
    0x3f, 0x0, 0x0, 0x7c, 0x0, 0x1f, 0x0, 0x0,
    0x7c, 0x0, 0x1f, 0x0, 0x0, 0x3c, 0x0, 0x1e,
    0x0, 0x0, 0x38, 0x0, 0xe, 0x0,

    /* U+0058 "X" */
    0x7c, 0x0, 0x3, 0xc7, 0xc0, 0x0, 0xf8, 0x78,
    0x0, 0x1e, 0xf, 0x80, 0x7, 0x80, 0xf8, 0x1,
    0xf0, 0xf, 0x0, 0x3c, 0x0, 0xf0, 0xf, 0x0,
    0x1f, 0x3, 0xc0, 0x1, 0xf0, 0xf8, 0x0, 0x1e,
    0x1e, 0x0, 0x3, 0xe7, 0x80, 0x0, 0x3f, 0xe0,
    0x0, 0x3, 0xfc, 0x0, 0x0, 0x3f, 0x0, 0x0,
    0x7, 0xc0, 0x0, 0x0, 0xf8, 0x0, 0x0, 0x3f,
    0x80, 0x0, 0x7, 0xf8, 0x0, 0x1, 0xef, 0x80,
    0x0, 0x78, 0xf0, 0x0, 0x1f, 0xf, 0x0, 0x3,
    0xc1, 0xf0, 0x0, 0xf0, 0x1f, 0x0, 0x3e, 0x1,
    0xe0, 0x7, 0x80, 0x1e, 0x1, 0xe0, 0x3, 0xe0,
    0x78, 0x0, 0x3e, 0x1f, 0x0, 0x3, 0xc3, 0xc0,
    0x0, 0x7c, 0xf0, 0x0, 0x7, 0xc0,

    /* U+0059 "Y" */
    0xf8, 0x0, 0x7, 0x9e, 0x0, 0x1, 0xe3, 0xc0,
    0x0, 0xf0, 0xf8, 0x0, 0x78, 0x1e, 0x0, 0x1e,
    0x3, 0xc0, 0xf, 0x0, 0xf8, 0x3, 0xc0, 0x1e,
    0x1, 0xe0, 0x7, 0xc0, 0xf0, 0x0, 0xf8, 0x3c,
    0x0, 0x1e, 0x1e, 0x0, 0x7, 0xc7, 0x80, 0x0,
    0xf3, 0xc0, 0x0, 0x1f, 0xe0, 0x0, 0x7, 0xf8,
    0x0, 0x0, 0xfc, 0x0, 0x0, 0x1f, 0x0, 0x0,
    0x7, 0x80, 0x0, 0x1, 0xe0, 0x0, 0x0, 0x78,
    0x0, 0x0, 0x1e, 0x0, 0x0, 0x7, 0x80, 0x0,
    0x1, 0xe0, 0x0, 0x0, 0x78, 0x0, 0x0, 0x1e,
    0x0, 0x0, 0x7, 0x80, 0x0, 0x1, 0xe0, 0x0,
    0x0, 0x78, 0x0, 0x0, 0x1e, 0x0, 0x0, 0x7,
    0x80, 0x0,

    /* U+005A "Z" */
    0x7f, 0xff, 0xf9, 0xff, 0xff, 0xe7, 0xff, 0xff,
    0x0, 0x0, 0x3c, 0x0, 0x1, 0xe0, 0x0, 0xf,
    0x80, 0x0, 0x3c, 0x0, 0x1, 0xe0, 0x0, 0xf,
    0x80, 0x0, 0x3c, 0x0, 0x1, 0xe0, 0x0, 0x7,
    0x80, 0x0, 0x3c, 0x0, 0x1, 0xe0, 0x0, 0x7,
    0x80, 0x0, 0x3c, 0x0, 0x1, 0xf0, 0x0, 0x7,
    0x80, 0x0, 0x3c, 0x0, 0x0, 0xf0, 0x0, 0x7,
    0x80, 0x0, 0x3c, 0x0, 0x0, 0xf0, 0x0, 0x7,
    0x80, 0x0, 0x3c, 0x0, 0x0, 0xf0, 0x0, 0x7,
    0x80, 0x0, 0x1f, 0xff, 0xff, 0xff, 0xff, 0xff,
    0xff, 0xff, 0xf0,

    /* U+005B "[" */
    0xff, 0xff, 0xff, 0xff, 0xc0, 0xf0, 0x3c, 0xf,
    0x3, 0xc0, 0xf0, 0x3c, 0xf, 0x3, 0xc0, 0xf0,
    0x3c, 0xf, 0x3, 0xc0, 0xf0, 0x3c, 0xf, 0x3,
    0xc0, 0xf0, 0x3c, 0xf, 0x3, 0xc0, 0xf0, 0x3c,
    0xf, 0x3, 0xc0, 0xf0, 0x3c, 0xf, 0x3, 0xc0,
    0xf0, 0x3c, 0xf, 0x3, 0xff, 0xff, 0xff, 0xf0,

    /* U+005C "\\" */
    0xe0, 0x1, 0xe0, 0x1, 0xc0, 0x3, 0xc0, 0x7,
    0x80, 0x7, 0x0, 0xf, 0x0, 0x1e, 0x0, 0x1e,
    0x0, 0x3c, 0x0, 0x38, 0x0, 0x78, 0x0, 0xf0,
    0x0, 0xe0, 0x1, 0xe0, 0x1, 0xc0, 0x3, 0xc0,
    0x7, 0x80, 0x7, 0x0, 0xf, 0x0, 0x1e, 0x0,
    0x1c, 0x0, 0x3c, 0x0, 0x38, 0x0, 0x78, 0x0,
    0xf0, 0x0, 0xe0, 0x1, 0xe0, 0x1, 0xc0, 0x3,
    0xc0,

    /* U+005D "]" */
    0xff, 0xff, 0xff, 0xff, 0x80, 0xf0, 0x1e, 0x3,
    0xc0, 0x78, 0xf, 0x1, 0xe0, 0x3c, 0x7, 0x80,
    0xf0, 0x1e, 0x3, 0xc0, 0x78, 0xf, 0x1, 0xe0,
    0x3c, 0x7, 0x80, 0xf0, 0x1e, 0x3, 0xc0, 0x78,
    0xf, 0x1, 0xe0, 0x3c, 0x7, 0x80, 0xf0, 0x1e,
    0x3, 0xc0, 0x78, 0xf, 0x1, 0xe0, 0x3c, 0x7,
    0xff, 0xff, 0xff, 0xff, 0xc0,

    /* U+005E "^" */
    0x1, 0xe0, 0x0, 0x78, 0x0, 0x3e, 0x0, 0xf,
    0xc0, 0x7, 0xf0, 0x1, 0xfe, 0x0, 0x73, 0x80,
    0x3c, 0xf0, 0xe, 0x1c, 0x7, 0x87, 0x81, 0xc1,
    0xe0, 0xf0, 0x38, 0x3c, 0xf, 0x1e, 0x1, 0xc7,
    0x80, 0x79, 0xc0, 0xe,

    /* U+005F "_" */
    0xff, 0xff, 0xff, 0xff, 0xff, 0xff, 0xe0,

    /* U+0060 "`" */
    0xf1, 0xe1, 0xe1, 0xc3, 0xc3, 0x83, 0x80,

    /* U+0061 "a" */
    0x0, 0x0, 0x1, 0xff, 0x1, 0xff, 0xe0, 0xff,
    0xfc, 0x7c, 0xf, 0x8e, 0x1, 0xe0, 0x0, 0x3c,
    0x0, 0xf, 0x0, 0x3, 0xc1, 0xfe, 0xf1, 0xff,
    0xfc, 0xff, 0xff, 0x7e, 0x7, 0xfe, 0x0, 0xff,
    0x0, 0x3f, 0xc0, 0xf, 0xf0, 0x3, 0xfc, 0x1,
    0xff, 0x80, 0xfd, 0xf0, 0x7f, 0x3f, 0xff, 0xc7,
    0xfe, 0xf0, 0x7e, 0x3c,

    /* U+0062 "b" */
    0xf0, 0x0, 0xf, 0x0, 0x0, 0xf0, 0x0, 0xf,
    0x0, 0x0, 0xf0, 0x0, 0xf, 0x0, 0x0, 0xf0,
    0x0, 0xf, 0x0, 0x0, 0xf0, 0x0, 0xf, 0x1f,
    0xe0, 0xf7, 0xff, 0xf, 0xff, 0xf8, 0xfe, 0x7,
    0xcf, 0xc0, 0x3e, 0xf8, 0x1, 0xef, 0x80, 0x1e,
    0xf0, 0x0, 0xff, 0x0, 0xf, 0xf0, 0x0, 0xff,
    0x0, 0xf, 0xf0, 0x0, 0xff, 0x0, 0xf, 0xf0,
    0x0, 0xff, 0x0, 0x1f, 0xf8, 0x1, 0xef, 0x80,
    0x1e, 0xfc, 0x3, 0xcf, 0xf0, 0xfc, 0xf7, 0xff,
    0x8f, 0x3f, 0xf0, 0xf0, 0xfc, 0x0,

    /* U+0063 "c" */
    0x0, 0x0, 0x0, 0xff, 0x80, 0xff, 0xf8, 0x7f,
    0xff, 0x3e, 0x3, 0xcf, 0x0, 0x67, 0x80, 0x1,
    0xe0, 0x0, 0xf0, 0x0, 0x3c, 0x0, 0xf, 0x0,
    0x3, 0xc0, 0x0, 0xf0, 0x0, 0x3c, 0x0, 0xf,
    0x0, 0x3, 0xe0, 0x0, 0x78, 0x0, 0x1f, 0x0,
    0x43, 0xe0, 0x3c, 0x7c, 0x1f, 0xf, 0xff, 0x81,
    0xff, 0xc0, 0x1f, 0xc0,

    /* U+0064 "d" */
    0x0, 0x0, 0xf0, 0x0, 0xf, 0x0, 0x0, 0xf0,
    0x0, 0xf, 0x0, 0x0, 0xf0, 0x0, 0xf, 0x0,
    0x0, 0xf0, 0x0, 0xf, 0x0, 0x40, 0xf0, 0x7f,
    0x8f, 0xf, 0xfe, 0xf1, 0xff, 0xff, 0x3e, 0x7,
    0xf7, 0xc0, 0x3f, 0x78, 0x1, 0xf7, 0x80, 0x1f,
    0xf0, 0x0, 0xff, 0x0, 0xf, 0xf0, 0x0, 0xff,
    0x0, 0xf, 0xf0, 0x0, 0xff, 0x0, 0xf, 0xf0,
    0x0, 0xff, 0x0, 0x1f, 0x78, 0x1, 0xf7, 0x80,
    0x1f, 0x3c, 0x3, 0xf3, 0xf0, 0xff, 0x1f, 0xfe,
    0xf0, 0xff, 0xcf, 0x3, 0xf0, 0xf0,

    /* U+0065 "e" */
    0x0, 0x0, 0x0, 0x3f, 0xe0, 0xf, 0xff, 0x1,
    0xff, 0xf8, 0x3e, 0x3, 0xc3, 0xc0, 0x1e, 0x78,
    0x1, 0xe7, 0x80, 0xf, 0xf0, 0x0, 0xff, 0x0,
    0xf, 0xff, 0xff, 0xff, 0xff, 0xff, 0xff, 0xff,
    0xff, 0x0, 0x0, 0xf0, 0x0, 0xf, 0x0, 0x0,
    0x78, 0x0, 0x7, 0x80, 0x8, 0x3c, 0x1, 0xe1,
    0xf0, 0x3e, 0xf, 0xff, 0xc0, 0x7f, 0xf8, 0x1,
    0xfc, 0x0,

    /* U+0066 "f" */
    0x0, 0xfc, 0x7, 0xfc, 0x1f, 0xf0, 0x3c, 0x20,
    0xf8, 0x1, 0xe0, 0x3, 0xc0, 0x7, 0x80, 0xf,
    0x0, 0x1e, 0x3, 0xff, 0xe7, 0xff, 0xcf, 0xff,
    0x81, 0xe0, 0x3, 0xc0, 0x7, 0x80, 0xf, 0x0,
    0x1e, 0x0, 0x3c, 0x0, 0x78, 0x0, 0xf0, 0x1,
    0xe0, 0x3, 0xc0, 0x7, 0x80, 0xf, 0x0, 0x1e,
    0x0, 0x3c, 0x0, 0x78, 0x0, 0xf0, 0x1, 0xe0,
    0x3, 0xc0, 0x7, 0x80,

    /* U+0067 "g" */
    0x0, 0x0, 0x0, 0x7f, 0x8f, 0xf, 0xfe, 0xf1,
    0xff, 0xff, 0x3e, 0x7, 0xf7, 0xc0, 0x3f, 0x78,
    0x1, 0xf7, 0x80, 0x1f, 0xf0, 0x0, 0xff, 0x0,
    0xf, 0xf0, 0x0, 0xff, 0x0, 0xf, 0xf0, 0x0,
    0xff, 0x0, 0xf, 0xf0, 0x0, 0xff, 0x0, 0x1f,
    0x78, 0x1, 0xf7, 0x80, 0x1f, 0x3c, 0x3, 0xf3,
    0xf0, 0xff, 0x1f, 0xfe, 0xf0, 0xff, 0xcf, 0x3,
    0xf0, 0xf0, 0x0, 0xf, 0x0, 0x0, 0xf0, 0x0,
    0xf, 0x0, 0x1, 0xe3, 0x80, 0x1e, 0x78, 0x3,
    0xe3, 0xc0, 0x7c, 0x3f, 0xff, 0x81, 0xff, 0xf0,
    0x7, 0xfe, 0x0, 0x4, 0x0,

    /* U+0068 "h" */
    0xf0, 0x0, 0x3c, 0x0, 0xf, 0x0, 0x3, 0xc0,
    0x0, 0xf0, 0x0, 0x3c, 0x0, 0xf, 0x0, 0x3,
    0xc0, 0x0, 0xf0, 0x0, 0x3c, 0x7f, 0xf, 0x7f,
    0xf3, 0xff, 0xfc, 0xfe, 0xf, 0xbe, 0x1, 0xef,
    0x80, 0x7f, 0xc0, 0xf, 0xf0, 0x3, 0xfc, 0x0,
    0xff, 0x0, 0x3f, 0xc0, 0xf, 0xf0, 0x3, 0xfc,
    0x0, 0xff, 0x0, 0x3f, 0xc0, 0xf, 0xf0, 0x3,
    0xfc, 0x0, 0xff, 0x0, 0x3f, 0xc0, 0xf, 0xf0,
    0x3, 0xfc, 0x0, 0xff, 0x0, 0x3c,

    /* U+0069 "i" */
    0x77, 0xff, 0xf7, 0x0, 0x0, 0xf7, 0xbd, 0xef,
    0x7b, 0xde, 0xf7, 0xbd, 0xef, 0x7b, 0xde, 0xf7,
    0xbd, 0xef, 0x78,

    /* U+006A "j" */
    0x0, 0x70, 0x7, 0xc0, 0x3e, 0x1, 0xf0, 0x7,
    0x0, 0x0, 0x0, 0x0, 0x0, 0x0, 0xf0, 0x7,
    0x80, 0x3c, 0x1, 0xe0, 0xf, 0x0, 0x78, 0x3,
    0xc0, 0x1e, 0x0, 0xf0, 0x7, 0x80, 0x3c, 0x1,
    0xe0, 0xf, 0x0, 0x78, 0x3, 0xc0, 0x1e, 0x0,
    0xf0, 0x7, 0x80, 0x3c, 0x1, 0xe0, 0xf, 0x0,
    0x78, 0x3, 0xc0, 0x1e, 0x0, 0xf0, 0x7, 0x80,
    0x3c, 0x3, 0xe2, 0x1e, 0x1f, 0xf1, 0xff, 0xf,
    0xf0, 0x8, 0x0,

    /* U+006B "k" */
    0xf0, 0x0, 0x1e, 0x0, 0x3, 0xc0, 0x0, 0x78,
    0x0, 0xf, 0x0, 0x1, 0xe0, 0x0, 0x3c, 0x0,
    0x7, 0x80, 0x0, 0xf0, 0x0, 0x1e, 0x0, 0x7b,
    0xc0, 0x1e, 0x78, 0x7, 0x8f, 0x1, 0xe1, 0xe0,
    0x78, 0x3c, 0x1f, 0x7, 0x87, 0xc0, 0xf1, 0xf0,
    0x1e, 0x3c, 0x3, 0xcf, 0x80, 0x7b, 0xf0, 0xf,
    0xff, 0x1, 0xfd, 0xf0, 0x3f, 0x1e, 0x7, 0xc1,
    0xe0, 0xf8, 0x3e, 0x1e, 0x3, 0xc3, 0xc0, 0x3c,
    0x78, 0x7, 0xcf, 0x0, 0x7d, 0xe0, 0x7, 0xbc,
    0x0, 0xf8,

    /* U+006C "l" */
    0xff, 0xff, 0xff, 0xff, 0xff, 0xff, 0xff, 0xff,
    0xff, 0xff, 0xff, 0xff, 0xff, 0xff, 0xff, 0xf0,

    /* U+006D "m" */
    0x0, 0x0, 0x0, 0x3, 0xcf, 0xf0, 0x7f, 0x8f,
    0x7f, 0xe3, 0xff, 0x3f, 0xff, 0xdf, 0xfe, 0xfc,
    0x1f, 0xe0, 0xfb, 0xe0, 0x3f, 0x1, 0xff, 0x80,
    0xfc, 0x7, 0xfc, 0x1, 0xe0, 0xf, 0xf0, 0x7,
    0x80, 0x3f, 0xc0, 0x1e, 0x0, 0xff, 0x0, 0x78,
    0x3, 0xfc, 0x1, 0xe0, 0xf, 0xf0, 0x7, 0x80,
    0x3f, 0xc0, 0x1e, 0x0, 0xff, 0x0, 0x78, 0x3,
    0xfc, 0x1, 0xe0, 0xf, 0xf0, 0x7, 0x80, 0x3f,
    0xc0, 0x1e, 0x0, 0xff, 0x0, 0x78, 0x3, 0xfc,
    0x1, 0xe0, 0xf, 0xf0, 0x7, 0x80, 0x3f, 0xc0,
    0x1e, 0x0, 0xff, 0x0, 0x78, 0x3, 0xc0,

    /* U+006E "n" */
    0x0, 0x0, 0x3c, 0x7f, 0xf, 0x7f, 0xf3, 0xff,
    0xfc, 0xfe, 0xf, 0xbe, 0x1, 0xef, 0x80, 0x7f,
    0xc0, 0xf, 0xf0, 0x3, 0xfc, 0x0, 0xff, 0x0,
    0x3f, 0xc0, 0xf, 0xf0, 0x3, 0xfc, 0x0, 0xff,
    0x0, 0x3f, 0xc0, 0xf, 0xf0, 0x3, 0xfc, 0x0,
    0xff, 0x0, 0x3f, 0xc0, 0xf, 0xf0, 0x3, 0xfc,
    0x0, 0xff, 0x0, 0x3c,

    /* U+006F "o" */
    0x0, 0x0, 0x0, 0x1f, 0xf0, 0x3, 0xff, 0xe0,
    0x3f, 0xff, 0x83, 0xe0, 0x3e, 0x1e, 0x0, 0xf1,
    0xe0, 0x3, 0xcf, 0x0, 0x1e, 0xf0, 0x0, 0x7f,
    0x80, 0x3, 0xfc, 0x0, 0x1f, 0xe0, 0x0, 0xff,
    0x0, 0x7, 0xf8, 0x0, 0x3f, 0xc0, 0x1, 0xef,
    0x0, 0x1e, 0x78, 0x0, 0xf3, 0xe0, 0xf, 0x8f,
    0x80, 0xf8, 0x3e, 0xf, 0x80, 0xff, 0xf8, 0x3,
    0xff, 0x80, 0x7, 0xf0, 0x0,

    /* U+0070 "p" */
    0x0, 0x0, 0xf, 0x1f, 0xe0, 0xf7, 0xff, 0xf,
    0xff, 0xf8, 0xfe, 0x7, 0xcf, 0xc0, 0x3e, 0xf8,
    0x1, 0xef, 0x80, 0x1e, 0xf0, 0x0, 0xff, 0x0,
    0xf, 0xf0, 0x0, 0xff, 0x0, 0xf, 0xf0, 0x0,
    0xff, 0x0, 0xf, 0xf0, 0x0, 0xff, 0x0, 0x1f,
    0xf8, 0x1, 0xef, 0x80, 0x1e, 0xfc, 0x3, 0xcf,
    0xf0, 0xfc, 0xf7, 0xff, 0x8f, 0x3f, 0xf0, 0xf0,
    0xfc, 0xf, 0x0, 0x0, 0xf0, 0x0, 0xf, 0x0,
    0x0, 0xf0, 0x0, 0xf, 0x0, 0x0, 0xf0, 0x0,
    0xf, 0x0, 0x0, 0xf0, 0x0, 0xf, 0x0, 0x0,
    0xf0, 0x0, 0x0,

    /* U+0071 "q" */
    0x0, 0x0, 0x0, 0x7f, 0x8f, 0xf, 0xfe, 0xf1,
    0xff, 0xff, 0x3e, 0x7, 0xf7, 0xc0, 0x3f, 0x78,
    0x1, 0xf7, 0x80, 0x1f, 0xf0, 0x0, 0xff, 0x0,
    0xf, 0xf0, 0x0, 0xff, 0x0, 0xf, 0xf0, 0x0,
    0xff, 0x0, 0xf, 0xf0, 0x0, 0xff, 0x0, 0x1f,
    0x78, 0x1, 0xf7, 0x80, 0x1f, 0x3c, 0x3, 0xf3,
    0xf0, 0xff, 0x1f, 0xfe, 0xf0, 0xff, 0xcf, 0x3,
    0xf0, 0xf0, 0x0, 0xf, 0x0, 0x0, 0xf0, 0x0,
    0xf, 0x0, 0x0, 0xf0, 0x0, 0xf, 0x0, 0x0,
    0xf0, 0x0, 0xf, 0x0, 0x0, 0xf0, 0x0, 0xf,
    0x0, 0x0, 0xf0,

    /* U+0072 "r" */
    0x0, 0x7, 0x9f, 0xfd, 0xfd, 0xff, 0xef, 0xe0,
    0x7e, 0x3, 0xe0, 0x1f, 0x0, 0xf0, 0x7, 0x80,
    0x3c, 0x1, 0xe0, 0xf, 0x0, 0x78, 0x3, 0xc0,
    0x1e, 0x0, 0xf0, 0x7, 0x80, 0x3c, 0x1, 0xe0,
    0xf, 0x0, 0x78, 0x3, 0xc0, 0x0,

    /* U+0073 "s" */
    0x0, 0x0, 0x3, 0xfe, 0x7, 0xff, 0x87, 0xff,
    0xe7, 0xc0, 0xf3, 0xc0, 0x39, 0xe0, 0x0, 0xf0,
    0x0, 0x7c, 0x0, 0x1f, 0xc0, 0xf, 0xfc, 0x1,
    0xff, 0x80, 0x3f, 0xf0, 0x3, 0xf8, 0x0, 0x3e,
    0x0, 0xf, 0x0, 0x7, 0xb8, 0x3, 0xfe, 0x3,
    0xef, 0x83, 0xe3, 0xff, 0xe0, 0xff, 0xe0, 0x1f,
    0xc0,

    /* U+0074 "t" */
    0x1e, 0x0, 0x3c, 0x0, 0x78, 0x0, 0xf0, 0x1,
    0xe0, 0x3, 0xc0, 0x3f, 0xff, 0x7f, 0xfe, 0xff,
    0xfc, 0x3c, 0x0, 0x78, 0x0, 0xf0, 0x1, 0xe0,
    0x3, 0xc0, 0x7, 0x80, 0xf, 0x0, 0x1e, 0x0,
    0x3c, 0x0, 0x78, 0x0, 0xf0, 0x1, 0xe0, 0x3,
    0xc0, 0x7, 0x80, 0xf, 0x80, 0xf, 0x84, 0x1f,
    0xf8, 0x1f, 0xf8, 0xf, 0xe0,

    /* U+0075 "u" */
    0xf0, 0x3, 0xfc, 0x0, 0xff, 0x0, 0x3f, 0xc0,
    0xf, 0xf0, 0x3, 0xfc, 0x0, 0xff, 0x0, 0x3f,
    0xc0, 0xf, 0xf0, 0x3, 0xfc, 0x0, 0xff, 0x0,
    0x3f, 0xc0, 0xf, 0xf0, 0x3, 0xfc, 0x0, 0xff,
    0x0, 0x3f, 0xc0, 0x1f, 0xf8, 0x7, 0xde, 0x3,
    0xf7, 0xc1, 0xfc, 0xff, 0xef, 0x1f, 0xf3, 0xc3,
    0xf0, 0xf0,

    /* U+0076 "v" */
    0x78, 0x0, 0x7b, 0xc0, 0x3, 0xde, 0x0, 0x1c,
    0x78, 0x1, 0xe3, 0xc0, 0xe, 0xf, 0x0, 0xf0,
    0x78, 0x7, 0x81, 0xc0, 0x38, 0xf, 0x3, 0xc0,
    0x78, 0x1c, 0x1, 0xe0, 0xe0, 0xf, 0xf, 0x0,
    0x38, 0x70, 0x1, 0xe3, 0x80, 0xf, 0x38, 0x0,
    0x3d, 0xc0, 0x1, 0xfe, 0x0, 0x7, 0xe0, 0x0,
    0x3f, 0x0, 0x1, 0xf0, 0x0, 0x7, 0x80, 0x0,
    0x3c, 0x0,

    /* U+0077 "w" */
    0x70, 0x1, 0xc0, 0x7, 0x78, 0x1, 0xc0, 0xf,
    0x78, 0x3, 0xe0, 0xe, 0x38, 0x3, 0xe0, 0xe,
    0x3c, 0x3, 0xe0, 0x1e, 0x3c, 0x7, 0xf0, 0x1c,
    0x1c, 0x7, 0x70, 0x1c, 0x1e, 0x7, 0x70, 0x1c,
    0xe, 0xf, 0x78, 0x38, 0xe, 0xe, 0x38, 0x38,
    0xf, 0xe, 0x3c, 0x38, 0x7, 0x1e, 0x3c, 0x70,
    0x7, 0x1c, 0x1c, 0x70, 0x7, 0x9c, 0x1e, 0x70,
    0x3, 0x98, 0xe, 0xe0, 0x3, 0xf8, 0xe, 0xe0,
    0x3, 0xf8, 0xf, 0xe0, 0x1, 0xf0, 0x7, 0xc0,
    0x1, 0xf0, 0x7, 0xc0, 0x0, 0xf0, 0x7, 0x80,
    0x0, 0xe0, 0x3, 0x80, 0x0, 0xe0, 0x3, 0x80,

    /* U+0078 "x" */
    0x78, 0x0, 0xf3, 0xc0, 0x1e, 0x3e, 0x1, 0xe1,
    0xe0, 0x3c, 0xf, 0x7, 0x80, 0xf8, 0xf0, 0x7,
    0xcf, 0x0, 0x3d, 0xe0, 0x1, 0xfc, 0x0, 0x1f,
    0xc0, 0x0, 0xf8, 0x0, 0xf, 0x80, 0x1, 0xfc,
    0x0, 0x1f, 0xc0, 0x3, 0xde, 0x0, 0x78, 0xf0,
    0xf, 0x8f, 0x0, 0xf0, 0x78, 0x1e, 0x3, 0xc3,
    0xc0, 0x3e, 0x3c, 0x1, 0xe7, 0x80, 0xf,

    /* U+0079 "y" */
    0xf8, 0x0, 0x3b, 0xc0, 0x3, 0xde, 0x0, 0x1c,
    0x78, 0x1, 0xe3, 0xc0, 0xf, 0x1e, 0x0, 0x70,
    0x78, 0x7, 0x83, 0xc0, 0x38, 0xf, 0x1, 0xc0,
    0x78, 0x1e, 0x3, 0xc0, 0xe0, 0xf, 0x7, 0x0,
    0x78, 0x78, 0x1, 0xe3, 0x80, 0xf, 0x3c, 0x0,
    0x79, 0xc0, 0x1, 0xee, 0x0, 0xf, 0xf0, 0x0,
    0x3f, 0x0, 0x1, 0xf8, 0x0, 0xf, 0x80, 0x0,
    0x3c, 0x0, 0x1, 0xe0, 0x0, 0xe, 0x0, 0x0,
    0x70, 0x0, 0x7, 0x0, 0x0, 0x38, 0x0, 0x3,
    0xc0, 0x0, 0x3c, 0x0, 0x3f, 0xe0, 0x3, 0xfe,
    0x0, 0x1f, 0xe0, 0x0, 0x0, 0x0, 0x0,

    /* U+007A "z" */
    0x7f, 0xff, 0xbf, 0xff, 0xdf, 0xff, 0xe0, 0x1,
    0xe0, 0x1, 0xe0, 0x1, 0xf0, 0x0, 0xf0, 0x0,
    0xf0, 0x0, 0xf0, 0x0, 0xf8, 0x0, 0x78, 0x0,
    0x78, 0x0, 0x7c, 0x0, 0x3c, 0x0, 0x3c, 0x0,
    0x3e, 0x0, 0x1e, 0x0, 0x1e, 0x0, 0x1f, 0x0,
    0x1f, 0xff, 0xff, 0xff, 0xff, 0xff, 0xfc,

    /* U+007B "{" */
    0x0, 0x7c, 0x7, 0xf0, 0x3f, 0xc0, 0xf0, 0x7,
    0x80, 0x1e, 0x0, 0x78, 0x1, 0xe0, 0x7, 0x80,
    0x1e, 0x0, 0x78, 0x1, 0xe0, 0x7, 0x80, 0x1e,
    0x0, 0x78, 0x3, 0xe0, 0x1f, 0x3, 0xfc, 0xf,
    0xc0, 0x3f, 0x0, 0xff, 0x0, 0x7c, 0x0, 0xf8,
    0x1, 0xe0, 0x7, 0x80, 0x1e, 0x0, 0x78, 0x1,
    0xe0, 0x7, 0x80, 0x1e, 0x0, 0x78, 0x1, 0xe0,
    0x7, 0x80, 0x1e, 0x0, 0x3c, 0x0, 0xff, 0x1,
    0xfc, 0x1, 0xf0,

    /* U+007C "|" */
    0xff, 0xff, 0xff, 0xff, 0xff, 0xff, 0xff, 0xff,
    0xff, 0xff, 0xff, 0xff, 0xff, 0xff, 0xff, 0xff,
    0xff, 0xff, 0xff, 0xf0,

    /* U+007D "}" */
    0xf8, 0x7, 0xf0, 0x3f, 0xc0, 0x1e, 0x0, 0x78,
    0x3, 0xc0, 0x1e, 0x0, 0xf0, 0x7, 0x80, 0x3c,
    0x1, 0xe0, 0xf, 0x0, 0x78, 0x3, 0xc0, 0x1e,
    0x0, 0xf8, 0x3, 0xe0, 0x1f, 0xc0, 0x3e, 0x1,
    0xf0, 0x3f, 0x81, 0xf0, 0x1f, 0x0, 0xf0, 0x7,
    0x80, 0x3c, 0x1, 0xe0, 0xf, 0x0, 0x78, 0x3,
    0xc0, 0x1e, 0x0, 0xf0, 0x7, 0x80, 0x3c, 0x3,
    0xc1, 0xfe, 0xf, 0xe0, 0x7c, 0x0,

    /* U+007E "~" */
    0x1f, 0x0, 0xe7, 0xf0, 0x1d, 0xff, 0x7, 0xb8,
    0xf8, 0xef, 0x7, 0xfd, 0xc0, 0x7f, 0x38, 0x7,
    0xc0,

    /* U+00E0 "à" */
    0xf, 0x0, 0x1, 0xe0, 0x0, 0x38, 0x0, 0xf,
    0x0, 0x1, 0xc0, 0x0, 0x38, 0x0, 0x0, 0x0,
    0x0, 0x0, 0x0, 0x0, 0x1, 0xff, 0x1, 0xff,
    0xe0, 0xff, 0xfc, 0x7c, 0xf, 0x8e, 0x1, 0xe0,
    0x0, 0x3c, 0x0, 0xf, 0x0, 0x3, 0xc1, 0xfe,
    0xf1, 0xff, 0xfc, 0xff, 0xff, 0x7e, 0x7, 0xfe,
    0x0, 0xff, 0x0, 0x3f, 0xc0, 0xf, 0xf0, 0x3,
    0xfc, 0x1, 0xff, 0x80, 0xfd, 0xf0, 0x7f, 0x3f,
    0xff, 0xc7, 0xfe, 0xf0, 0x7e, 0x3c,

    /* U+00E3 "ã" */
    0x0, 0x0, 0x3, 0xe1, 0xc1, 0xfe, 0x70, 0x7f,
    0xfc, 0x1c, 0x7e, 0x7, 0xf, 0x0, 0x0, 0x0,
    0x0, 0x0, 0x0, 0x0, 0x1, 0xff, 0x1, 0xff,
    0xe0, 0xff, 0xfc, 0x7c, 0xf, 0x8e, 0x1, 0xe0,
    0x0, 0x3c, 0x0, 0xf, 0x0, 0x3, 0xc1, 0xfe,
    0xf1, 0xff, 0xfc, 0xff, 0xff, 0x7e, 0x7, 0xfe,
    0x0, 0xff, 0x0, 0x3f, 0xc0, 0xf, 0xf0, 0x3,
    0xfc, 0x1, 0xff, 0x80, 0xfd, 0xf0, 0x7f, 0x3f,
    0xff, 0xc7, 0xfe, 0xf0, 0x7e, 0x3c,

    /* U+00E7 "ç" */
    0x0, 0x20, 0x0, 0xff, 0x0, 0xff, 0xf0, 0x7f,
    0xfe, 0x3e, 0x7, 0xcf, 0x0, 0xe7, 0x80, 0x1,
    0xe0, 0x0, 0xf0, 0x0, 0x3c, 0x0, 0xf, 0x0,
    0x3, 0xc0, 0x0, 0xf0, 0x0, 0x3c, 0x0, 0xf,
    0x0, 0x3, 0xc0, 0x0, 0x78, 0x0, 0x1e, 0x0,
    0x3, 0xc0, 0x10, 0xf0, 0xe, 0x1f, 0xf, 0x83,
    0xff, 0xc0, 0x3f, 0xe0, 0x3, 0xf0, 0x0, 0xe0,
    0x0, 0x38, 0x0, 0x1f, 0x80, 0x7, 0xf0, 0x0,
    0x1e, 0x0, 0x3, 0x80, 0x1f, 0xe0, 0x7, 0xf0,
    0x1, 0xf8, 0x0, 0x10, 0x0,

    /* U+00E9 "é" */
    0x0, 0xf, 0x0, 0x1, 0xe0, 0x0, 0x1c, 0x0,
    0x3, 0xc0, 0x0, 0x38, 0x0, 0x7, 0x0, 0x0,
    0x0, 0x0, 0x0, 0x0, 0x0, 0x0, 0x0, 0x3f,
    0xe0, 0xf, 0xff, 0x1, 0xff, 0xf8, 0x3e, 0x3,
    0xc3, 0xc0, 0x1e, 0x78, 0x1, 0xe7, 0x80, 0xf,
    0xf0, 0x0, 0xff, 0x0, 0xf, 0xff, 0xff, 0xff,
    0xff, 0xff, 0xff, 0xff, 0xff, 0x0, 0x0, 0xf0,
    0x0, 0xf, 0x0, 0x0, 0x78, 0x0, 0x7, 0x80,
    0x8, 0x3c, 0x1, 0xe1, 0xf0, 0x3e, 0xf, 0xff,
    0xc0, 0x7f, 0xf8, 0x1, 0xfc, 0x0,

    /* U+00ED "í" */
    0x1e, 0x1e, 0x3c, 0x38, 0x78, 0xf0, 0x0, 0x0,
    0x0, 0xf0, 0xf0, 0xf0, 0xf0, 0xf0, 0xf0, 0xf0,
    0xf0, 0xf0, 0xf0, 0xf0, 0xf0, 0xf0, 0xf0, 0xf0,
    0xf0, 0xf0, 0xf0, 0xf0, 0xf0, 0xf0, 0xf0,

    /* U+00F3 "ó" */
    0x0, 0xf, 0x0, 0x0, 0xf0, 0x0, 0x7, 0x0,
    0x0, 0x78, 0x0, 0x3, 0x80, 0x0, 0x38, 0x0,
    0x0, 0x0, 0x0, 0x0, 0x0, 0x0, 0x0, 0x0,
    0x1f, 0xf0, 0x3, 0xff, 0xe0, 0x3f, 0xff, 0x83,
    0xe0, 0x3e, 0x1e, 0x0, 0xf1, 0xe0, 0x3, 0xcf,
    0x0, 0x1e, 0xf0, 0x0, 0x7f, 0x80, 0x3, 0xfc,
    0x0, 0x1f, 0xe0, 0x0, 0xff, 0x0, 0x7, 0xf8,
    0x0, 0x3f, 0xc0, 0x1, 0xef, 0x0, 0x1e, 0x78,
    0x0, 0xf3, 0xe0, 0xf, 0x8f, 0x80, 0xf8, 0x3e,
    0xf, 0x80, 0xff, 0xf8, 0x3, 0xff, 0x80, 0x7,
    0xf0, 0x0,

    /* U+00FC "ü" */
    0x1c, 0xe, 0xf, 0x87, 0xc3, 0xe1, 0xf0, 0xf8,
    0x7c, 0x1c, 0xe, 0x0, 0x0, 0x0, 0x0, 0x0,
    0x0, 0x0, 0xf0, 0x3, 0xfc, 0x0, 0xff, 0x0,
    0x3f, 0xc0, 0xf, 0xf0, 0x3, 0xfc, 0x0, 0xff,
    0x0, 0x3f, 0xc0, 0xf, 0xf0, 0x3, 0xfc, 0x0,
    0xff, 0x0, 0x3f, 0xc0, 0xf, 0xf0, 0x3, 0xfc,
    0x0, 0xff, 0x0, 0x3f, 0xc0, 0x1f, 0xf8, 0x7,
    0xde, 0x3, 0xf7, 0xc1, 0xfc, 0xff, 0xef, 0x1f,
    0xf3, 0xc3, 0xf0, 0xf0,

    /* U+0105 "ą" */
    0x0, 0x0, 0x0, 0x7f, 0xc0, 0x1f, 0xfe, 0x3,
    0xff, 0xf0, 0x7c, 0xf, 0x87, 0x80, 0x78, 0x10,
    0x7, 0xc0, 0x0, 0x3c, 0x0, 0x3, 0xc0, 0x0,
    0x3c, 0x7, 0xfb, 0xc1, 0xff, 0xfc, 0x3f, 0xff,
    0xc7, 0xc0, 0x7c, 0xf8, 0x3, 0xcf, 0x0, 0x3c,
    0xf0, 0x3, 0xcf, 0x0, 0x7c, 0xf8, 0x7, 0xc7,
    0xc1, 0xfc, 0x7f, 0xff, 0xc1, 0xff, 0xbc, 0x7,
    0xe7, 0xc0, 0x0, 0xf0, 0x0, 0x1e, 0x0, 0x1,
    0xc0, 0x0, 0x38, 0x0, 0x3, 0x80, 0x0, 0x38,
    0x0, 0x3, 0x82, 0x0, 0x3f, 0xf0, 0x1, 0xff,
    0x0, 0xf, 0xe0, 0x0, 0x10,

    /* U+0107 "ć" */
    0x0, 0xf, 0x0, 0x7, 0x80, 0x3, 0xc0, 0x0,
    0xe0, 0x0, 0x78, 0x0, 0x1c, 0x0, 0x0, 0x0,
    0x0, 0x0, 0x0, 0x0, 0x0, 0xff, 0x80, 0xff,
    0xf8, 0x7f, 0xff, 0x3e, 0x3, 0xcf, 0x0, 0x67,
    0x80, 0x1, 0xe0, 0x0, 0xf0, 0x0, 0x3c, 0x0,
    0xf, 0x0, 0x3, 0xc0, 0x0, 0xf0, 0x0, 0x3c,
    0x0, 0xf, 0x0, 0x3, 0xe0, 0x0, 0x78, 0x0,
    0x1f, 0x0, 0x43, 0xe0, 0x3c, 0x7c, 0x1f, 0xf,
    0xff, 0x81, 0xff, 0xc0, 0x1f, 0xc0,

    /* U+0119 "ę" */
    0x0, 0x0, 0x0, 0x3f, 0xe0, 0xf, 0xff, 0x1,
    0xff, 0xf8, 0x3e, 0x3, 0xc3, 0xc0, 0x1e, 0x78,
    0x1, 0xe7, 0x80, 0xf, 0xf0, 0x0, 0xff, 0x0,
    0xf, 0xff, 0xff, 0xff, 0xff, 0xff, 0xff, 0xff,
    0xff, 0x0, 0x0, 0xf0, 0x0, 0xf, 0x0, 0x0,
    0x78, 0x0, 0x7, 0x80, 0x8, 0x3c, 0x1, 0xe1,
    0xf0, 0x3e, 0x1f, 0xff, 0xc0, 0x7f, 0xf8, 0x1,
    0xfe, 0x0, 0x3, 0xc0, 0x0, 0x78, 0x0, 0x7,
    0x0, 0x0, 0xe0, 0x0, 0xe, 0x0, 0x0, 0xe0,
    0x0, 0xe, 0x0, 0x0, 0xff, 0xc0, 0x7, 0xfc,
    0x0, 0x3f, 0x80, 0x0, 0x40,

    /* U+011F "ğ" */
    0x1e, 0x7, 0x81, 0xe0, 0x78, 0x1f, 0x7, 0x80,
    0xf0, 0xf0, 0xf, 0xff, 0x0, 0x7f, 0xe0, 0x1,
    0xf8, 0x0, 0x0, 0x0, 0x0, 0x0, 0x0, 0x3f,
    0xc7, 0xf, 0xff, 0x71, 0xff, 0xff, 0x3e, 0x3,
    0xf7, 0xc0, 0x1f, 0x78, 0x0, 0xf7, 0x80, 0xf,
    0xf0, 0x0, 0x7f, 0x0, 0x7, 0xf0, 0x0, 0x7f,
    0x0, 0x7, 0xf0, 0x0, 0x7f, 0x0, 0x7, 0xf0,
    0x0, 0x7f, 0x80, 0xf, 0x78, 0x0, 0xf7, 0x80,
    0x1f, 0x3c, 0x3, 0xf1, 0xf0, 0x7f, 0x1f, 0xff,
    0x70, 0x7f, 0xe7, 0x1, 0xf8, 0x70, 0x0, 0x7,
    0x0, 0x0, 0x70, 0x0, 0x7, 0x0, 0x0, 0xe3,
    0x80, 0xe, 0x78, 0x1, 0xe7, 0xe0, 0x3c, 0x3f,
    0xff, 0x81, 0xff, 0xf0, 0x7, 0xfc, 0x0, 0x4,
    0x0,

    /* U+0131 "ı" */
    0xff, 0xff, 0xff, 0xff, 0xff, 0xff, 0xff, 0xff,
    0xff, 0xff, 0xff,

    /* U+0142 "ł" */
    0x1e, 0x7, 0x81, 0xe0, 0x78, 0x1e, 0x7, 0x81,
    0xe0, 0x78, 0x1e, 0x7, 0x81, 0xe0, 0x79, 0x1f,
    0xc7, 0xf1, 0xf9, 0xfc, 0xfe, 0x3f, 0x8d, 0xe2,
    0x78, 0x1e, 0x7, 0x81, 0xe0, 0x78, 0x1e, 0x7,
    0x81, 0xe0, 0x78, 0x1e, 0x7, 0x81, 0xe0,

    /* U+0414 "Д" */
    0x0, 0x7f, 0xff, 0xe0, 0x1, 0xff, 0xff, 0x80,
    0x7, 0xff, 0xfe, 0x0, 0x1c, 0x0, 0x78, 0x0,
    0x70, 0x1, 0xe0, 0x1, 0xc0, 0x7, 0x80, 0x7,
    0x0, 0x1e, 0x0, 0x3c, 0x0, 0x78, 0x0, 0xf0,
    0x1, 0xe0, 0x3, 0xc0, 0x7, 0x80, 0xf, 0x0,
    0x1e, 0x0, 0x3c, 0x0, 0x78, 0x0, 0xf0, 0x1,
    0xe0, 0x3, 0xc0, 0x7, 0x80, 0xf, 0x0, 0x1e,
    0x0, 0x3c, 0x0, 0x78, 0x0, 0xf0, 0x1, 0xe0,
    0x3, 0xc0, 0x7, 0x80, 0xf, 0x0, 0x1e, 0x0,
    0x3c, 0x0, 0x78, 0x1, 0xf0, 0x1, 0xe0, 0x7,
    0x80, 0x7, 0x80, 0x1e, 0x0, 0x1e, 0x0, 0x78,
    0x0, 0x78, 0x3, 0xc0, 0x1, 0xe0, 0x1f, 0x0,
    0x7, 0x80, 0xf8, 0x0, 0x1e, 0x3f, 0xff, 0xff,
    0xff, 0xff, 0xff, 0xff, 0xff, 0xff, 0xff, 0xff,
    0xff, 0x0, 0x0, 0x3, 0xfc, 0x0, 0x0, 0xf,
    0xf0, 0x0, 0x0, 0x3f, 0xc0, 0x0, 0x0, 0xff,
    0x0, 0x0, 0x3, 0xfc, 0x0, 0x0, 0xf, 0xf0,
    0x0, 0x0, 0x3c,

    /* U+041D "Н" */
    0xf0, 0x0, 0xf, 0xf0, 0x0, 0xf, 0xf0, 0x0,
    0xf, 0xf0, 0x0, 0xf, 0xf0, 0x0, 0xf, 0xf0,
    0x0, 0xf, 0xf0, 0x0, 0xf, 0xf0, 0x0, 0xf,
    0xf0, 0x0, 0xf, 0xf0, 0x0, 0xf, 0xf0, 0x0,
    0xf, 0xf0, 0x0, 0xf, 0xf0, 0x0, 0xf, 0xff,
    0xff, 0xff, 0xff, 0xff, 0xff, 0xff, 0xff, 0xff,
    0xf0, 0x0, 0xf, 0xf0, 0x0, 0xf, 0xf0, 0x0,
    0xf, 0xf0, 0x0, 0xf, 0xf0, 0x0, 0xf, 0xf0,
    0x0, 0xf, 0xf0, 0x0, 0xf, 0xf0, 0x0, 0xf,
    0xf0, 0x0, 0xf, 0xf0, 0x0, 0xf, 0xf0, 0x0,
    0xf, 0xf0, 0x0, 0xf, 0xf0, 0x0, 0xf, 0xf0,
    0x0, 0xf,

    /* U+041E "О" */
    0x0, 0x3f, 0xc0, 0x0, 0x1f, 0xff, 0x80, 0x3,
    0xff, 0xfc, 0x0, 0x7e, 0x7, 0xe0, 0xf, 0x80,
    0x1f, 0x1, 0xe0, 0x0, 0x78, 0x3e, 0x0, 0x7,
    0xc3, 0xc0, 0x0, 0x3c, 0x78, 0x0, 0x1, 0xe7,
    0x80, 0x0, 0x1e, 0xf8, 0x0, 0x1, 0xef, 0x0,
    0x0, 0xf, 0xf0, 0x0, 0x0, 0xff, 0x0, 0x0,
    0xf, 0xf0, 0x0, 0x0, 0xff, 0x0, 0x0, 0xf,
    0xf0, 0x0, 0x0, 0xff, 0x0, 0x0, 0xf, 0xf0,
    0x0, 0x0, 0xff, 0x80, 0x0, 0x1e, 0x78, 0x0,
    0x1, 0xe7, 0x80, 0x0, 0x1e, 0x3c, 0x0, 0x3,
    0xc3, 0xe0, 0x0, 0x7c, 0x1e, 0x0, 0x7, 0x80,
    0xf8, 0x1, 0xf0, 0x7, 0xe0, 0x7e, 0x0, 0x3f,
    0xff, 0xc0, 0x1, 0xff, 0xf0, 0x0, 0x3, 0xfc,
    0x0,

    /* U+0421 "С" */
    0x0, 0x3f, 0xc0, 0x0, 0xff, 0xf0, 0x3, 0xff,
    0xfc, 0x7, 0xe0, 0x7e, 0xf, 0x80, 0x1f, 0x1f,
    0x0, 0xf, 0x3e, 0x0, 0x6, 0x3c, 0x0, 0x0,
    0x78, 0x0, 0x0, 0x78, 0x0, 0x0, 0x78, 0x0,
    0x0, 0xf0, 0x0, 0x0, 0xf0, 0x0, 0x0, 0xf0,
    0x0, 0x0, 0xf0, 0x0, 0x0, 0xf0, 0x0, 0x0,
    0xf0, 0x0, 0x0, 0xf0, 0x0, 0x0, 0xf0, 0x0,
    0x0, 0x78, 0x0, 0x0, 0x78, 0x0, 0x0, 0x78,
    0x0, 0x0, 0x3c, 0x0, 0x0, 0x3e, 0x0, 0x6,
    0x1f, 0x0, 0xf, 0xf, 0x80, 0x1f, 0x7, 0xe0,
    0x7e, 0x3, 0xff, 0xfc, 0x0, 0xff, 0xf0, 0x0,
    0x3f, 0xc0,

    /* U+0430 "а" */
    0x3, 0xf8, 0x3, 0xff, 0x83, 0xff, 0xf0, 0xf8,
    0x3e, 0x78, 0x7, 0x84, 0x0, 0xf0, 0x0, 0x3c,
    0x0, 0xf, 0x7, 0xfb, 0xc7, 0xff, 0xf3, 0xff,
    0xfd, 0xf8, 0x1f, 0xf8, 0x3, 0xfc, 0x0, 0xff,
    0x0, 0x3f, 0xc0, 0xf, 0xf0, 0x7, 0xfe, 0x3,
    0xf7, 0xc1, 0xfc, 0xff, 0xff, 0x1f, 0xfb, 0xc1,
    0xf8, 0xf0,

    /* U+0431 "б" */
    0x0, 0x0, 0x20, 0x3, 0xff, 0x0, 0xff, 0xf8,
    0xf, 0xff, 0xc0, 0xfc, 0x0, 0xf, 0x0, 0x0,
    0xf0, 0x0, 0x7, 0x0, 0x0, 0x78, 0x0, 0x3,
    0xc7, 0xe0, 0x1c, 0xff, 0xe1, 0xef, 0xff, 0x8f,
    0xf0, 0x7e, 0x7f, 0x0, 0xf3, 0xf0, 0x7, 0xdf,
    0x0, 0x1e, 0xf8, 0x0, 0xff, 0x80, 0x3, 0xfc,
    0x0, 0x1f, 0xe0, 0x0, 0xff, 0x0, 0x7, 0xf8,
    0x0, 0x3f, 0xc0, 0x1, 0xef, 0x0, 0x1f, 0x78,
    0x0, 0xf1, 0xe0, 0xf, 0x8f, 0x0, 0x78, 0x3e,
    0xf, 0xc0, 0xff, 0xfc, 0x3, 0xff, 0x80, 0x7,
    0xf0, 0x0,

    /* U+0432 "в" */
    0xff, 0xf0, 0x7f, 0xfe, 0x3f, 0xff, 0x9e, 0x7,
    0xcf, 0x0, 0xf7, 0x80, 0x7b, 0xc0, 0x3d, 0xe0,
    0x1e, 0xf0, 0x1f, 0x78, 0x1f, 0x3f, 0xff, 0x1f,
    0xff, 0xf, 0xff, 0xe7, 0x80, 0xfb, 0xc0, 0x1f,
    0xe0, 0xf, 0xf0, 0x7, 0xf8, 0x3, 0xfc, 0x7,
    0xff, 0xff, 0xef, 0xff, 0xe7, 0xff, 0xc0,

    /* U+0434 "д" */
    0x3, 0xff, 0xf8, 0x3, 0xff, 0xf8, 0x3, 0xff,
    0xf8, 0x3, 0xc0, 0x78, 0x3, 0xc0, 0x78, 0x3,
    0xc0, 0x78, 0x3, 0xc0, 0x78, 0x3, 0xc0, 0x78,
    0x3, 0xc0, 0x78, 0x3, 0xc0, 0x78, 0x3, 0xc0,
    0x78, 0x3, 0xc0, 0x78, 0x3, 0xc0, 0x78, 0x3,
    0xc0, 0x78, 0x3, 0xc0, 0x78, 0x7, 0x80, 0x78,
    0x7, 0x80, 0x78, 0x7, 0x80, 0x78, 0xf, 0x0,
    0x78, 0xff, 0xff, 0xff, 0xff, 0xff, 0xff, 0xff,
    0xff, 0xff, 0xf0, 0x0, 0xf, 0xf0, 0x0, 0xf,
    0xf0, 0x0, 0xf, 0xf0, 0x0, 0xf, 0xf0, 0x0,
    0xf, 0xf0, 0x0, 0xf, 0xf0, 0x0, 0xf,

    /* U+0435 "е" */
    0x1, 0xfc, 0x0, 0x7f, 0xf0, 0xf, 0xff, 0x81,
    0xf0, 0x7c, 0x3c, 0x3, 0xe7, 0x80, 0x1e, 0x78,
    0x0, 0xef, 0x0, 0xf, 0xf0, 0x0, 0xff, 0xff,
    0xff, 0xff, 0xff, 0xff, 0xff, 0xff, 0xf0, 0x0,
    0xf, 0x0, 0x0, 0xf0, 0x0, 0x7, 0x80, 0x0,
    0x78, 0x0, 0x83, 0xc0, 0x1e, 0x1f, 0x3, 0xe0,
    0xff, 0xfc, 0x7, 0xff, 0x80, 0x1f, 0xc0,

    /* U+0438 "и" */
    0xf0, 0x3, 0xfc, 0x0, 0xff, 0x0, 0x7f, 0xc0,
    0x3f, 0xf0, 0xf, 0xfc, 0x7, 0xff, 0x3, 0xff,
    0xc0, 0xef, 0xf0, 0x73, 0xfc, 0x3c, 0xff, 0xe,
    0x3f, 0xc7, 0xf, 0xf3, 0xc3, 0xfc, 0xe0, 0xff,
    0x70, 0x3f, 0xfc, 0xf, 0xfe, 0x3, 0xff, 0x0,
    0xff, 0xc0, 0x3f, 0xe0, 0xf, 0xf0, 0x3, 0xfc,
    0x0, 0xf0,

    /* U+043A "к" */
    0xf0, 0x3, 0xde, 0x0, 0xf3, 0xc0, 0x3e, 0x78,
    0x7, 0x8f, 0x1, 0xe1, 0xe0, 0x78, 0x3c, 0x1f,
    0x7, 0x83, 0xc0, 0xf0, 0xf0, 0x1e, 0x3c, 0x3,
    0xff, 0x80, 0x7f, 0xe0, 0xf, 0xfe, 0x1, 0xe3,
    0xe0, 0x3c, 0x3e, 0x7, 0x83, 0xe0, 0xf0, 0x3c,
    0x1e, 0x3, 0xc3, 0xc0, 0x3c, 0x78, 0x7, 0xcf,
    0x0, 0x7d, 0xe0, 0x7, 0xc0,

    /* U+043B "л" */
    0x7, 0xff, 0xf8, 0x3f, 0xff, 0xc1, 0xff, 0xfe,
    0xf, 0x0, 0xf0, 0x78, 0x7, 0x83, 0xc0, 0x3c,
    0x1e, 0x1, 0xe0, 0xf0, 0xf, 0x7, 0x80, 0x78,
    0x3c, 0x3, 0xc1, 0xe0, 0x1e, 0xf, 0x0, 0xf0,
    0x78, 0x7, 0x83, 0xc0, 0x3c, 0x1e, 0x1, 0xe0,
    0xf0, 0xf, 0x7, 0x80, 0x78, 0x78, 0x3, 0xc7,
    0xc0, 0x1f, 0xfc, 0x0, 0xff, 0xc0, 0x7, 0xf8,
    0x0, 0x3c,

    /* U+043D "н" */
    0xf0, 0x3, 0xfc, 0x0, 0xff, 0x0, 0x3f, 0xc0,
    0xf, 0xf0, 0x3, 0xfc, 0x0, 0xff, 0x0, 0x3f,
    0xc0, 0xf, 0xf0, 0x3, 0xfc, 0x0, 0xff, 0xff,
    0xff, 0xff, 0xff, 0xff, 0xff, 0xfc, 0x0, 0xff,
    0x0, 0x3f, 0xc0, 0xf, 0xf0, 0x3, 0xfc, 0x0,
    0xff, 0x0, 0x3f, 0xc0, 0xf, 0xf0, 0x3, 0xfc,
    0x0, 0xf0,

    /* U+043E "о" */
    0x1, 0xfc, 0x0, 0x3f, 0xf8, 0x3, 0xff, 0xe0,
    0x3e, 0xf, 0x83, 0xc0, 0x1e, 0x3e, 0x0, 0xf9,
    0xe0, 0x3, 0xdf, 0x0, 0x1e, 0xf0, 0x0, 0x7f,
    0x80, 0x3, 0xfc, 0x0, 0x1f, 0xe0, 0x0, 0xff,
    0x0, 0x7, 0xf8, 0x0, 0x3f, 0xe0, 0x3, 0xef,
    0x0, 0x1e, 0x7c, 0x1, 0xf1, 0xe0, 0xf, 0x7,
    0xc1, 0xf0, 0x1f, 0xff, 0x0, 0x7f, 0xf0, 0x0,
    0xfe, 0x0,

    /* U+043F "п" */
    0xff, 0xff, 0xff, 0xff, 0xff, 0xff, 0xff, 0xc0,
    0xf, 0xf0, 0x3, 0xfc, 0x0, 0xff, 0x0, 0x3f,
    0xc0, 0xf, 0xf0, 0x3, 0xfc, 0x0, 0xff, 0x0,
    0x3f, 0xc0, 0xf, 0xf0, 0x3, 0xfc, 0x0, 0xff,
    0x0, 0x3f, 0xc0, 0xf, 0xf0, 0x3, 0xfc, 0x0,
    0xff, 0x0, 0x3f, 0xc0, 0xf, 0xf0, 0x3, 0xfc,
    0x0, 0xf0,

    /* U+0440 "р" */
    0xf0, 0xfc, 0xf, 0x3f, 0xf0, 0xf7, 0xff, 0x8f,
    0xf0, 0xfc, 0xfc, 0x3, 0xcf, 0x80, 0x1e, 0xf8,
    0x1, 0xef, 0x0, 0xf, 0xf0, 0x0, 0xff, 0x0,
    0xf, 0xf0, 0x0, 0xff, 0x0, 0xf, 0xf0, 0x0,
    0xff, 0x0, 0xf, 0xf0, 0x0, 0xff, 0x80, 0x1e,
    0xf8, 0x1, 0xef, 0xc0, 0x3c, 0xff, 0x7, 0xcf,
    0x7f, 0xf8, 0xf3, 0xff, 0xf, 0xf, 0xc0, 0xf0,
    0x0, 0xf, 0x0, 0x0, 0xf0, 0x0, 0xf, 0x0,
    0x0, 0xf0, 0x0, 0xf, 0x0, 0x0, 0xf0, 0x0,
    0xf, 0x0, 0x0, 0xf0, 0x0, 0xf, 0x0, 0x0,

    /* U+0441 "с" */
    0x1, 0xfc, 0x1, 0xff, 0xc0, 0xff, 0xf8, 0x7c,
    0x1f, 0x3c, 0x1, 0xdf, 0x0, 0x47, 0x80, 0x3,
    0xe0, 0x0, 0xf0, 0x0, 0x3c, 0x0, 0xf, 0x0,
    0x3, 0xc0, 0x0, 0xf0, 0x0, 0x3c, 0x0, 0xf,
    0x80, 0x1, 0xe0, 0x0, 0x7c, 0x1, 0xf, 0x0,
    0x71, 0xf0, 0x7c, 0x3f, 0xfe, 0x7, 0xff, 0x0,
    0x7f, 0x0,

    /* U+0442 "т" */
    0xff, 0xff, 0xff, 0xff, 0xff, 0xff, 0xff, 0x80,
    0xf0, 0x0, 0x1e, 0x0, 0x3, 0xc0, 0x0, 0x78,
    0x0, 0xf, 0x0, 0x1, 0xe0, 0x0, 0x3c, 0x0,
    0x7, 0x80, 0x0, 0xf0, 0x0, 0x1e, 0x0, 0x3,
    0xc0, 0x0, 0x78, 0x0, 0xf, 0x0, 0x1, 0xe0,
    0x0, 0x3c, 0x0, 0x7, 0x80, 0x0, 0xf0, 0x0,
    0x1e, 0x0, 0x3, 0xc0, 0x0,

    /* U+0443 "у" */
    0xf8, 0x0, 0x3b, 0xc0, 0x3, 0xde, 0x0, 0x1c,
    0x78, 0x1, 0xe3, 0xc0, 0xf, 0x1e, 0x0, 0x70,
    0x78, 0x7, 0x83, 0xc0, 0x38, 0xf, 0x1, 0xc0,
    0x78, 0x1e, 0x3, 0xc0, 0xe0, 0xf, 0x7, 0x0,
    0x78, 0x78, 0x1, 0xe3, 0x80, 0xf, 0x3c, 0x0,
    0x79, 0xc0, 0x1, 0xee, 0x0, 0xf, 0xf0, 0x0,
    0x3f, 0x0, 0x1, 0xf8, 0x0, 0xf, 0x80, 0x0,
    0x3c, 0x0, 0x1, 0xe0, 0x0, 0xe, 0x0, 0x0,
    0x70, 0x0, 0x7, 0x0, 0x0, 0x38, 0x0, 0x3,
    0xc0, 0x0, 0x3c, 0x0, 0x3f, 0xe0, 0x3, 0xfe,
    0x0, 0x1f, 0xe0, 0x0, 0x0, 0x0, 0x0,

    /* U+0447 "ч" */
    0xf0, 0x3, 0xfc, 0x0, 0xff, 0x0, 0x3f, 0xc0,
    0xf, 0xf0, 0x3, 0xfc, 0x0, 0xff, 0x0, 0x3f,
    0xc0, 0xf, 0xf0, 0x3, 0xfc, 0x1, 0xff, 0x80,
    0x7d, 0xf0, 0x7f, 0x3f, 0xff, 0xc7, 0xfe, 0xf0,
    0x7e, 0x3c, 0x0, 0xf, 0x0, 0x3, 0xc0, 0x0,
    0xf0, 0x0, 0x3c, 0x0, 0xf, 0x0, 0x3, 0xc0,
    0x0, 0xf0,

    /* U+044C "ь" */
    0xf0, 0x0, 0x78, 0x0, 0x3c, 0x0, 0x1e, 0x0,
    0xf, 0x0, 0x7, 0x80, 0x3, 0xc0, 0x1, 0xe0,
    0x0, 0xff, 0xf0, 0x7f, 0xfe, 0x3f, 0xff, 0x9e,
    0x3, 0xef, 0x0, 0xff, 0x80, 0x3f, 0xc0, 0x1f,
    0xe0, 0xf, 0xf0, 0x7, 0xf8, 0x7, 0xfc, 0x7,
    0xdf, 0xff, 0xcf, 0xff, 0xc7, 0xff, 0x80,

    /* U+044E "ю" */
    0xf0, 0x1, 0xf8, 0x1e, 0x1, 0xff, 0xc3, 0xc0,
    0x7f, 0xfc, 0x78, 0x1f, 0x7, 0xcf, 0x3, 0xc0,
    0x79, 0xe0, 0xf0, 0x7, 0xbc, 0x1c, 0x0, 0xf7,
    0x87, 0x80, 0xf, 0xf0, 0xf0, 0x1, 0xff, 0xfe,
    0x0, 0x3f, 0xff, 0xc0, 0x7, 0xff, 0xf8, 0x0,
    0xff, 0xf, 0x0, 0x1f, 0xe1, 0xe0, 0x3, 0xfc,
    0x1c, 0x0, 0x7f, 0x83, 0x80, 0x1e, 0xf0, 0x78,
    0x3, 0xde, 0x7, 0x80, 0xf3, 0xc0, 0xf8, 0x3e,
    0x78, 0xf, 0xff, 0x8f, 0x0, 0xff, 0xe1, 0xe0,
    0x7, 0xf0, 0x0,

    /* U+044F "я" */
    0x1, 0xff, 0xe0, 0xff, 0xfc, 0x7f, 0xff, 0x8f,
    0x80, 0xf3, 0xe0, 0x1e, 0x78, 0x3, 0xcf, 0x0,
    0x79, 0xe0, 0xf, 0x3e, 0x1, 0xe3, 0xe0, 0x3c,
    0x7f, 0xff, 0x83, 0xff, 0xf0, 0x1f, 0xfe, 0x7,
    0x83, 0xc0, 0xf0, 0x78, 0x3c, 0xf, 0xf, 0x1,
    0xe3, 0xc0, 0x3c, 0x78, 0x7, 0x9e, 0x0, 0xf7,
    0x80, 0x1f, 0xe0, 0x3, 0xc0,

    /* U+3042 "あ" */
    0x0, 0x38, 0x0, 0x0, 0x0, 0x1c, 0x0, 0x0,
    0x0, 0xe, 0x0, 0x0, 0x0, 0x7, 0x0, 0x0,
    0x0, 0x3, 0x80, 0x0, 0x3, 0xff, 0xff, 0xff,
    0xf9, 0xff, 0xff, 0xff, 0xfc, 0xff, 0xff, 0xff,
    0xfe, 0x0, 0x38, 0x0, 0x0, 0x0, 0x1c, 0x0,
    0x0, 0x0, 0xe, 0x0, 0x0, 0x0, 0x7, 0x0,
    0x0, 0x0, 0x3, 0xbf, 0xf0, 0x0, 0x1, 0xff,
    0xff, 0x0, 0x1, 0xff, 0xff, 0xe0, 0x3, 0xfc,
    0x1d, 0xf8, 0x7, 0xf8, 0xe, 0x3e, 0x7, 0xfc,
    0x7, 0x7, 0x87, 0xce, 0x3, 0x81, 0xc7, 0x87,
    0x3, 0xc0, 0xf3, 0x81, 0x81, 0xc0, 0x3b, 0xc0,
    0xe0, 0xe0, 0x1d, 0xc0, 0x70, 0xf0, 0xf, 0xc0,
    0x38, 0x70, 0x7, 0xe0, 0xe, 0x78, 0x3, 0xf0,
    0x7, 0x38, 0x1, 0xf8, 0x3, 0xfc, 0x1, 0xdc,
    0x0, 0xfc, 0x0, 0xef, 0x0, 0x7c, 0x0, 0xf3,
    0xc0, 0xfc, 0x0, 0xf1, 0xff, 0xfc, 0x1, 0xf0,
    0x3f, 0xf8, 0x3, 0xf0, 0xf, 0xe0, 0xf, 0xf0,
    0x0, 0x0, 0x3, 0xe0, 0x0, 0x0, 0x1, 0x80,
    0x0,

    /* U+3044 "い" */
    0x0, 0x0, 0x0, 0x0, 0x78, 0x0, 0x0, 0x70,
    0x3c, 0x0, 0x0, 0x78, 0x1e, 0x0, 0x0, 0x1e,
    0xf, 0x0, 0x0, 0x7, 0x87, 0x80, 0x0, 0x3,
    0xc3, 0xc0, 0x0, 0x0, 0xf1, 0xe0, 0x0, 0x0,
    0x38, 0xf0, 0x0, 0x0, 0x1e, 0x78, 0x0, 0x0,
    0x7, 0x3c, 0x0, 0x0, 0x3, 0x9e, 0x0, 0x0,
    0x1, 0xef, 0x0, 0x0, 0x0, 0x77, 0x80, 0x0,
    0x0, 0x3b, 0xc0, 0x0, 0x0, 0x1d, 0xe0, 0x0,
    0x0, 0xf, 0xf0, 0x0, 0x0, 0x3, 0xf8, 0x0,
    0x0, 0x1, 0xde, 0x0, 0xe0, 0x0, 0xef, 0x0,
    0x70, 0x0, 0x77, 0x80, 0x38, 0x0, 0x3b, 0xc0,
    0x3c, 0x0, 0x1c, 0xf0, 0x1c, 0x0, 0xe, 0x78,
    0x1e, 0x0, 0x0, 0x1f, 0x1e, 0x0, 0x0, 0xf,
    0xfe, 0x0, 0x0, 0x3, 0xfe, 0x0, 0x0, 0x0,
    0x7c, 0x0, 0x0, 0x0,

    /* U+304C "が" */
    0x0, 0x0, 0x0, 0x0, 0x40, 0x0, 0xe0, 0x0,
    0x3, 0x80, 0x3, 0x80, 0x0, 0x7, 0x0, 0xe,
    0x0, 0x6, 0x1c, 0x0, 0x38, 0x0, 0x1c, 0x38,
    0x0, 0xe0, 0x0, 0x38, 0x70, 0x3, 0x80, 0x0,
    0x71, 0xc0, 0xe, 0x0, 0x1, 0xc0, 0x0, 0x38,
    0x0, 0x3, 0x80, 0x1, 0xe0, 0x0, 0xc, 0x0,
    0x7, 0xfe, 0x0, 0x0, 0x1f, 0xff, 0xfe, 0x0,
    0x0, 0x7f, 0xff, 0xfc, 0x7, 0x1, 0xff, 0xc7,
    0xf8, 0x3c, 0x0, 0x7, 0x1, 0xe0, 0x70, 0x0,
    0x3c, 0x3, 0xc1, 0xe0, 0x0, 0xe0, 0xf, 0x3,
    0x80, 0x3, 0x80, 0x1c, 0xe, 0x0, 0xe, 0x0,
    0x70, 0x3c, 0x0, 0x78, 0x1, 0xc0, 0xf0, 0x1,
    0xc0, 0x7, 0x1, 0xc0, 0x7, 0x0, 0x1c, 0x7,
    0x0, 0x3c, 0x0, 0x70, 0x1c, 0x0, 0xe0, 0x1,
    0xc0, 0x70, 0x3, 0x80, 0x7, 0x1, 0xe0, 0x1e,
    0x0, 0x1c, 0x0, 0x0, 0x70, 0x0, 0x70, 0x0,
    0x3, 0xc0, 0x1, 0x80, 0x0, 0xf, 0x0, 0xe,
    0x0, 0x0, 0x38, 0x0, 0x38, 0x0, 0x1, 0xe0,
    0x0, 0xe0, 0x0, 0xf, 0x0, 0x7, 0x0, 0x0,
    0x3c, 0x10, 0x3c, 0x0, 0x1, 0xe0, 0x7f, 0xe0,
    0x0, 0x7, 0x81, 0xff, 0x80, 0x0, 0x3c, 0x7,
    0xf8, 0x0, 0x0, 0x0, 0x0, 0x0, 0x0, 0x0,

    /* U+3057 "し" */
    0xf0, 0x0, 0x0, 0x1e, 0x0, 0x0, 0x3, 0xc0,
    0x0, 0x0, 0x78, 0x0, 0x0, 0xf, 0x0, 0x0,
    0x1, 0xe0, 0x0, 0x0, 0x3c, 0x0, 0x0, 0x7,
    0x80, 0x0, 0x0, 0xf0, 0x0, 0x0, 0x1e, 0x0,
    0x0, 0x3, 0xc0, 0x0, 0x0, 0x78, 0x0, 0x0,
    0xf, 0x0, 0x0, 0x1, 0xe0, 0x0, 0x0, 0x3c,
    0x0, 0x0, 0x7, 0x80, 0x0, 0x0, 0xf0, 0x0,
    0x0, 0x1e, 0x0, 0x0, 0x3, 0xc0, 0x0, 0x0,
    0x78, 0x0, 0x0, 0xf, 0x0, 0x0, 0x9, 0xe0,
    0x0, 0x3, 0xbc, 0x0, 0x0, 0x7f, 0x80, 0x0,
    0x1e, 0xf0, 0x0, 0x7, 0xde, 0x0, 0x1, 0xf1,
    0xe0, 0x0, 0x7c, 0x3c, 0x0, 0x1f, 0x7, 0xc0,
    0x7, 0xc0, 0x78, 0x1, 0xf0, 0xf, 0xc1, 0xfc,
    0x0, 0xff, 0xfe, 0x0, 0xf, 0xff, 0x0, 0x0,
    0x7f, 0x80, 0x0,

    /* U+3059 "す" */
    0x0, 0x0, 0xe, 0x0, 0x0, 0x0, 0x3, 0x80,
    0x0, 0x0, 0x0, 0xe0, 0x0, 0x0, 0x0, 0x38,
    0x0, 0x0, 0x0, 0xe, 0x0, 0x3f, 0xff, 0xff,
    0xff, 0xff, 0xff, 0xff, 0xff, 0xff, 0xff, 0xff,
    0xff, 0xff, 0x0, 0x0, 0xe, 0x0, 0x0, 0x0,
    0x3, 0x80, 0x0, 0x0, 0x0, 0xe0, 0x0, 0x0,
    0x0, 0x38, 0x0, 0x0, 0x7, 0xce, 0x0, 0x0,
    0x7, 0xff, 0x80, 0x0, 0x3, 0xff, 0xe0, 0x0,
    0x0, 0xf0, 0xf8, 0x0, 0x0, 0x78, 0x1e, 0x0,
    0x0, 0x1c, 0x7, 0x80, 0x0, 0x7, 0x0, 0xe0,
    0x0, 0x1, 0xc0, 0x38, 0x0, 0x0, 0x78, 0x1e,
    0x0, 0x0, 0x1f, 0xf, 0x80, 0x0, 0x3, 0xff,
    0xe0, 0x0, 0x0, 0x7f, 0xf8, 0x0, 0x0, 0x7,
    0xce, 0x0, 0x0, 0x0, 0x7, 0x80, 0x0, 0x0,
    0x1, 0xc0, 0x0, 0x0, 0x0, 0xf0, 0x0, 0x0,
    0x0, 0x38, 0x0, 0x0, 0x0, 0x1e, 0x0, 0x0,
    0x0, 0x1f, 0x0, 0x0, 0x0, 0x1f, 0x80, 0x0,
    0x0, 0x1f, 0xc0, 0x0, 0x0, 0x1f, 0xc0, 0x0,
    0x0, 0x7, 0xc0, 0x0, 0x0, 0x0, 0x80, 0x0,
    0x0,

    /* U+307E "ま" */
    0x0, 0x3, 0x80, 0x0, 0x0, 0xe, 0x0, 0x0,
    0x0, 0x38, 0x0, 0x0, 0x0, 0xe0, 0x0, 0xff,
    0xff, 0xff, 0xff, 0xff, 0xff, 0xff, 0xff, 0xff,
    0xff, 0xff, 0xc0, 0x0, 0xe0, 0x0, 0x0, 0x3,
    0x80, 0x0, 0x0, 0xe, 0x0, 0x0, 0x0, 0x38,
    0x0, 0x0, 0x0, 0xe0, 0x0, 0x0, 0x3, 0x80,
    0x0, 0x0, 0xe, 0x0, 0x1, 0xff, 0xff, 0xff,
    0x7, 0xff, 0xff, 0xfc, 0x1f, 0xff, 0xff, 0xf0,
    0x0, 0xe, 0x0, 0x0, 0x0, 0x38, 0x0, 0x0,
    0x0, 0xe0, 0x0, 0x0, 0x3, 0x80, 0x0, 0x0,
    0xe, 0x0, 0x0, 0x0, 0x38, 0x0, 0x0, 0xff,
    0xe0, 0x0, 0x1f, 0xff, 0xe0, 0x0, 0xff, 0xff,
    0xe0, 0x7, 0xc0, 0x3f, 0xe0, 0x3c, 0x0, 0xef,
    0xe0, 0xe0, 0x3, 0x87, 0xe3, 0x80, 0xe, 0x7,
    0xef, 0x0, 0x78, 0xf, 0xfe, 0x3, 0xc0, 0xf,
    0x7f, 0xfe, 0x0, 0x18, 0xff, 0xf0, 0x0, 0x0,
    0x7f, 0x0, 0x0, 0x0,

    /* U+308A "り" */
    0xe0, 0x0, 0x0, 0xe0, 0x0, 0x0, 0xe0, 0x0,
    0x0, 0xe0, 0x1f, 0x80, 0xe0, 0xff, 0xe0, 0xe3,
    0xff, 0xf0, 0xe7, 0xff, 0xf8, 0xef, 0x80, 0xfc,
    0xfe, 0x0, 0x3e, 0xfc, 0x0, 0x3e, 0xfc, 0x0,
    0x1e, 0xf8, 0x0, 0x1f, 0xf0, 0x0, 0xf, 0xf0,
    0x0, 0xf, 0xf0, 0x0, 0xf, 0xe0, 0x0, 0xf,
    0xe0, 0x0, 0xf, 0xe0, 0x0, 0xf, 0xe0, 0x0,
    0xf, 0xe0, 0x0, 0xf, 0xe0, 0x0, 0xf, 0xe0,
    0x0, 0x1e, 0xe0, 0x0, 0x1e, 0x0, 0x0, 0x1e,
    0x0, 0x0, 0x1e, 0x0, 0x0, 0x3c, 0x0, 0x0,
    0x3c, 0x0, 0x0, 0x78, 0x0, 0x0, 0xf8, 0x0,
    0x1, 0xf0, 0x0, 0x3, 0xe0, 0x0, 0xf, 0xc0,
    0x0, 0x3f, 0x80, 0x0, 0xff, 0x0, 0x0, 0xfc,
    0x0, 0x0, 0xf0, 0x0, 0x0, 0x40, 0x0,

    /* U+30A2 "ア" */
    0xff, 0xff, 0xff, 0xff, 0xff, 0xff, 0xff, 0xff,
    0xff, 0xff, 0xff, 0xff, 0xe0, 0x0, 0x0, 0x1,
    0xe0, 0x0, 0x0, 0x0, 0xf0, 0x0, 0x0, 0x0,
    0xf0, 0x0, 0x0, 0x0, 0xf0, 0x0, 0x7, 0x80,
    0xf0, 0x0, 0x3, 0xc0, 0xf8, 0x0, 0x1, 0xe0,
    0x78, 0x0, 0x0, 0xf0, 0x78, 0x0, 0x0, 0x78,
    0x78, 0x0, 0x0, 0x38, 0x78, 0x0, 0x0, 0x1c,
    0x3c, 0x0, 0x0, 0xe, 0xc, 0x0, 0x0, 0x7,
    0x0, 0x0, 0x0, 0x7, 0x80, 0x0, 0x0, 0x3,
    0xc0, 0x0, 0x0, 0x1, 0xe0, 0x0, 0x0, 0x0,
    0xe0, 0x0, 0x0, 0x0, 0xf0, 0x0, 0x0, 0x0,
    0x78, 0x0, 0x0, 0x0, 0x78, 0x0, 0x0, 0x0,
    0x3c, 0x0, 0x0, 0x0, 0x3c, 0x0, 0x0, 0x0,
    0x3e, 0x0, 0x0, 0x0, 0x3e, 0x0, 0x0, 0x0,
    0x3e, 0x0, 0x0, 0x0, 0x3e, 0x0, 0x0, 0x0,
    0x3e, 0x0, 0x0, 0x0, 0x1e, 0x0, 0x0, 0x0,
    0x6, 0x0, 0x0, 0x0,

    /* U+30AF "ク" */
    0x0, 0x18, 0x0, 0x0, 0x0, 0xf0, 0x0, 0x0,
    0x3, 0xc0, 0x0, 0x0, 0xe, 0x0, 0x0, 0x0,
    0x78, 0x0, 0x0, 0x1, 0xe0, 0x0, 0x0, 0xf,
    0x0, 0x0, 0x0, 0x3f, 0xff, 0xff, 0x1, 0xff,
    0xff, 0xfc, 0x7, 0xff, 0xff, 0xf0, 0x3c, 0x0,
    0x3, 0xc0, 0xf0, 0x0, 0xf, 0x7, 0x80, 0x0,
    0x3c, 0x3e, 0x0, 0x0, 0xf0, 0xf0, 0x0, 0x3,
    0xc7, 0x80, 0x0, 0xf, 0x3c, 0x0, 0x0, 0x79,
    0xf0, 0x0, 0x1, 0xef, 0x80, 0x0, 0x7, 0x9c,
    0x0, 0x0, 0x3c, 0x20, 0x0, 0x0, 0xf0, 0x0,
    0x0, 0x7, 0xc0, 0x0, 0x0, 0x1e, 0x0, 0x0,
    0x0, 0xf8, 0x0, 0x0, 0x7, 0xc0, 0x0, 0x0,
    0x3e, 0x0, 0x0, 0x1, 0xf0, 0x0, 0x0, 0xf,
    0xc0, 0x0, 0x0, 0x7e, 0x0, 0x0, 0x3, 0xe0,
    0x0, 0x0, 0x3f, 0x0, 0x0, 0x3, 0xf8, 0x0,
    0x0, 0x3f, 0x80, 0x0, 0x1, 0xfc, 0x0, 0x0,
    0x7, 0xc0, 0x0, 0x0, 0x8, 0x0, 0x0,

    /* U+30B8 "ジ" */
    0x0, 0x0, 0x0, 0x1, 0xc0, 0x0, 0x0, 0x3,
    0xc, 0x2, 0x0, 0x0, 0x38, 0xe0, 0x78, 0x0,
    0x1, 0x86, 0x7, 0xf0, 0x0, 0x1c, 0x70, 0x7f,
    0xc0, 0x1, 0xc7, 0x0, 0xff, 0x0, 0xc, 0x30,
    0x3, 0xfc, 0x0, 0xe0, 0x0, 0xf, 0xe0, 0x8,
    0x0, 0x0, 0x3c, 0x0, 0x0, 0x0, 0x0, 0xc0,
    0x0, 0x0, 0x0, 0x0, 0x0, 0x0, 0x0, 0x0,
    0x0, 0x3, 0x80, 0x0, 0x0, 0x0, 0x3c, 0x60,
    0x0, 0x0, 0x7, 0x87, 0xe0, 0x0, 0x0, 0x78,
    0x7f, 0xc0, 0x0, 0xf, 0x7, 0xff, 0x80, 0x0,
    0xf0, 0x7, 0xfe, 0x0, 0x1e, 0x0, 0xf, 0xc0,
    0x3, 0xe0, 0x0, 0x1c, 0x0, 0x3c, 0x0, 0x0,
    0x0, 0x7, 0x80, 0x0, 0x0, 0x0, 0xf8, 0x0,
    0x0, 0x0, 0x1f, 0x0, 0x0, 0x0, 0x3, 0xe0,
    0x0, 0x0, 0x0, 0x7c, 0x0, 0x0, 0x0, 0x1f,
    0x80, 0x0, 0x0, 0x3, 0xf0, 0x0, 0x0, 0x0,
    0xfe, 0x0, 0x0, 0x0, 0x3f, 0xc0, 0x0, 0x0,
    0x1f, 0xf0, 0x0, 0x0, 0x3f, 0xfe, 0x0, 0x0,
    0x1f, 0xff, 0x80, 0x0, 0x1, 0xff, 0xc0, 0x0,
    0x0, 0xf, 0xe0, 0x0, 0x0, 0x0,

    /* U+30C3 "ッ" */
    0x0, 0x6, 0x0, 0x0, 0x0, 0xe0, 0x0, 0x0,
    0xe, 0x0, 0x70, 0x0, 0xf0, 0x7, 0xf0, 0x7,
    0x0, 0x77, 0x80, 0x70, 0x7, 0x78, 0x7, 0x80,
    0x73, 0xc0, 0x78, 0x7, 0x1c, 0x3, 0x80, 0xf1,
    0xe0, 0x38, 0xe, 0x1e, 0x3, 0x80, 0xe0, 0xe0,
    0x3c, 0xe, 0xf, 0x3, 0xc1, 0xe0, 0x70, 0x20,
    0x1c, 0x7, 0x80, 0x3, 0xc0, 0x78, 0x0, 0x38,
    0x0, 0x0, 0x7, 0x80, 0x0, 0x0, 0xf0, 0x0,
    0x0, 0xf, 0x0, 0x0, 0x1, 0xe0, 0x0, 0x0,
    0x7c, 0x0, 0x0, 0xf, 0x80, 0x0, 0x3, 0xf0,
    0x0, 0x0, 0xfe, 0x0, 0x0, 0x7f, 0x80, 0x0,
    0xf, 0xf0, 0x0, 0x0, 0xf8, 0x0, 0x0, 0xc,
    0x0, 0x0,

    /* U+30C7 "デ" */
    0x0, 0x0, 0x0, 0x0, 0x80, 0x0, 0x0, 0x0,
    0xe, 0x0, 0x0, 0x0, 0x0, 0x38, 0x0, 0x0,
    0x0, 0x70, 0xc0, 0x0, 0x0, 0x1, 0xc7, 0x0,
    0x0, 0x0, 0xe, 0x18, 0x1f, 0xff, 0xff, 0x38,
    0xe0, 0xff, 0xff, 0xf8, 0xc0, 0x7, 0xff, 0xff,
    0xc7, 0x0, 0x0, 0x0, 0x0, 0x0, 0x0, 0x0,
    0x0, 0x0, 0x0, 0x0, 0x0, 0x0, 0x0, 0x0,
    0x0, 0x0, 0x0, 0x0, 0x0, 0x0, 0x0, 0x0,
    0x0, 0x0, 0x0, 0x0, 0x0, 0x0, 0x0, 0x0,
    0x0, 0x0, 0x0, 0x0, 0x0, 0x0, 0x0, 0x0,
    0x0, 0x0, 0x0, 0x3f, 0xff, 0xff, 0xff, 0xf1,
    0xff, 0xff, 0xff, 0xff, 0x8f, 0xff, 0xff, 0xff,
    0xfc, 0x0, 0x0, 0x3c, 0x0, 0x0, 0x0, 0x1,
    0xe0, 0x0, 0x0, 0x0, 0xf, 0x0, 0x0, 0x0,
    0x0, 0x70, 0x0, 0x0, 0x0, 0x3, 0x80, 0x0,
    0x0, 0x0, 0x1c, 0x0, 0x0, 0x0, 0x1, 0xe0,
    0x0, 0x0, 0x0, 0xf, 0x0, 0x0, 0x0, 0x0,
    0xf0, 0x0, 0x0, 0x0, 0x7, 0x80, 0x0, 0x0,
    0x0, 0x78, 0x0, 0x0, 0x0, 0x7, 0xc0, 0x0,
    0x0, 0x0, 0x7c, 0x0, 0x0, 0x0, 0x7, 0xc0,
    0x0, 0x0, 0x0, 0xfc, 0x0, 0x0, 0x0, 0x3f,
    0xc0, 0x0, 0x0, 0x1, 0xfc, 0x0, 0x0, 0x0,
    0x7, 0x80, 0x0, 0x0, 0x0, 0x20, 0x0, 0x0,
    0x0,

    /* U+30C8 "ト" */
    0xf0, 0x0, 0x0, 0xf0, 0x0, 0x0, 0xf0, 0x0,
    0x0, 0xf0, 0x0, 0x0, 0xf0, 0x0, 0x0, 0xf0,
    0x0, 0x0, 0xf0, 0x0, 0x0, 0xf0, 0x0, 0x0,
    0xf0, 0x0, 0x0, 0xf0, 0x0, 0x0, 0xf0, 0x0,
    0x0, 0xfe, 0x0, 0x0, 0xff, 0x80, 0x0, 0xff,
    0xf0, 0x0, 0xf7, 0xfc, 0x0, 0xf0, 0xff, 0x0,
    0xf0, 0x3f, 0x80, 0xf0, 0xf, 0xe0, 0xf0, 0x3,
    0xf0, 0xf0, 0x0, 0xfc, 0xf0, 0x0, 0x7e, 0xf0,
    0x0, 0x3f, 0xf0, 0x0, 0xe, 0xf0, 0x0, 0x6,
    0xf0, 0x0, 0x0, 0xf0, 0x0, 0x0, 0xf0, 0x0,
    0x0, 0xf0, 0x0, 0x0, 0xf0, 0x0, 0x0, 0xf0,
    0x0, 0x0, 0xf0, 0x0, 0x0, 0xf0, 0x0, 0x0,
    0xf0, 0x0, 0x0, 0xf0, 0x0, 0x0, 0xf0, 0x0,
    0x0,

    /* U+30CD "ネ" */
    0x0, 0x1, 0xe0, 0x0, 0x0, 0x0, 0x3c, 0x0,
    0x0, 0x0, 0x7, 0x80, 0x0, 0x0, 0x0, 0xf0,
    0x0, 0x0, 0x0, 0x1e, 0x0, 0x0, 0x0, 0x3,
    0xc0, 0x0, 0x3, 0xff, 0xff, 0xff, 0x0, 0x7f,
    0xff, 0xff, 0xe0, 0xf, 0xff, 0xff, 0xfc, 0x0,
    0x0, 0x0, 0xf, 0x0, 0x0, 0x0, 0x3, 0xe0,
    0x0, 0x0, 0x0, 0xf8, 0x0, 0x0, 0x0, 0x3e,
    0x0, 0x0, 0x0, 0xf, 0x80, 0x0, 0x0, 0x3,
    0xe0, 0x0, 0x0, 0x0, 0xf8, 0x0, 0x0, 0x0,
    0x3e, 0x0, 0x0, 0x0, 0x1f, 0x80, 0x0, 0x0,
    0x7, 0xf0, 0x0, 0x0, 0x3, 0xff, 0x80, 0x0,
    0x0, 0xff, 0xfc, 0x0, 0x0, 0x7f, 0xcf, 0xc0,
    0x0, 0x3f, 0x78, 0x7e, 0x0, 0x1f, 0xcf, 0x7,
    0xe0, 0xf, 0xe1, 0xe0, 0x3f, 0xf, 0xf0, 0x3c,
    0x3, 0xf3, 0xf8, 0x7, 0x80, 0x1f, 0x3c, 0x0,
    0xf0, 0x1, 0xe6, 0x0, 0x1e, 0x0, 0x18, 0x0,
    0x3, 0xc0, 0x0, 0x0, 0x0, 0x78, 0x0, 0x0,
    0x0, 0xf, 0x0, 0x0, 0x0, 0x1, 0xe0, 0x0,
    0x0, 0x0, 0x3c, 0x0, 0x0, 0x0, 0x7, 0x80,
    0x0, 0x0,

    /* U+30D0 "バ" */
    0x0, 0x0, 0x0, 0x0, 0x18, 0x0, 0x0, 0x0,
    0x0, 0x38, 0x0, 0x0, 0x0, 0x6, 0x1c, 0x0,
    0x0, 0x0, 0x7, 0xc, 0x0, 0x0, 0x0, 0x3,
    0x8e, 0x0, 0x0, 0x0, 0x3, 0x86, 0x0, 0x20,
    0x0, 0xe1, 0xc7, 0x0, 0x3c, 0x1, 0xe1, 0xc4,
    0x0, 0x38, 0x0, 0xf0, 0xc0, 0x0, 0x38, 0x0,
    0xf0, 0x0, 0x0, 0x78, 0x0, 0x78, 0x0, 0x0,
    0x78, 0x0, 0x78, 0x0, 0x0, 0x70, 0x0, 0x3c,
    0x0, 0x0, 0x70, 0x0, 0x3c, 0x0, 0x0, 0xf0,
    0x0, 0x1e, 0x0, 0x0, 0xf0, 0x0, 0x1e, 0x0,
    0x0, 0xe0, 0x0, 0xe, 0x0, 0x1, 0xe0, 0x0,
    0xf, 0x0, 0x1, 0xe0, 0x0, 0xf, 0x0, 0x1,
    0xc0, 0x0, 0x7, 0x0, 0x3, 0xc0, 0x0, 0x7,
    0x80, 0x3, 0xc0, 0x0, 0x7, 0x80, 0x3, 0x80,
    0x0, 0x3, 0x80, 0x7, 0x80, 0x0, 0x3, 0xc0,
    0x7, 0x80, 0x0, 0x3, 0xc0, 0xf, 0x0, 0x0,
    0x1, 0xc0, 0xf, 0x0, 0x0, 0x1, 0xe0, 0xe,
    0x0, 0x0, 0x1, 0xe0, 0x1e, 0x0, 0x0, 0x0,
    0xe0, 0x1e, 0x0, 0x0, 0x0, 0xf0, 0x3c, 0x0,
    0x0, 0x0, 0xf0, 0x3c, 0x0, 0x0, 0x0, 0xf0,
    0x78, 0x0, 0x0, 0x0, 0x70, 0x78, 0x0, 0x0,
    0x0, 0x78, 0xf0, 0x0, 0x0, 0x0, 0x78, 0x30,
    0x0, 0x0, 0x0, 0x60,

    /* U+30D7 "プ" */
    0x0, 0x0, 0x0, 0x0, 0x78, 0x0, 0x0, 0x0,
    0x0, 0xfe, 0x0, 0x0, 0x0, 0x1, 0xc6, 0x0,
    0x0, 0x0, 0x3, 0x83, 0x0, 0x0, 0x0, 0x3,
    0x3, 0x0, 0x0, 0x0, 0x3, 0x3, 0x0, 0x0,
    0x0, 0x1, 0x83, 0xff, 0xff, 0xff, 0xfd, 0xc6,
    0xff, 0xff, 0xff, 0xfc, 0xfc, 0xff, 0xff, 0xff,
    0xfc, 0x10, 0x0, 0x0, 0x0, 0x3c, 0x0, 0x0,
    0x0, 0x0, 0x3c, 0x0, 0x0, 0x0, 0x0, 0x3c,
    0x0, 0x0, 0x0, 0x0, 0x3c, 0x0, 0x0, 0x0,
    0x0, 0x3c, 0x0, 0x0, 0x0, 0x0, 0x3c, 0x0,
    0x0, 0x0, 0x0, 0x78, 0x0, 0x0, 0x0, 0x0,
    0x78, 0x0, 0x0, 0x0, 0x0, 0x78, 0x0, 0x0,
    0x0, 0x0, 0x78, 0x0, 0x0, 0x0, 0x0, 0xf0,
    0x0, 0x0, 0x0, 0x0, 0xf0, 0x0, 0x0, 0x0,
    0x0, 0xf0, 0x0, 0x0, 0x0, 0x1, 0xe0, 0x0,
    0x0, 0x0, 0x3, 0xe0, 0x0, 0x0, 0x0, 0x3,
    0xc0, 0x0, 0x0, 0x0, 0x7, 0xc0, 0x0, 0x0,
    0x0, 0xf, 0x80, 0x0, 0x0, 0x0, 0x1f, 0x0,
    0x0, 0x0, 0x0, 0x7e, 0x0, 0x0, 0x0, 0x0,
    0xfc, 0x0, 0x0, 0x0, 0x3, 0xf8, 0x0, 0x0,
    0x0, 0x1f, 0xe0, 0x0, 0x0, 0x0, 0xff, 0xc0,
    0x0, 0x0, 0x7, 0xff, 0x0, 0x0, 0x0, 0x3,
    0xf8, 0x0, 0x0, 0x0, 0x3, 0xc0, 0x0, 0x0,
    0x0, 0x0, 0x0, 0x0, 0x0, 0x0,

    /* U+30E7 "ョ" */
    0xff, 0xff, 0xff, 0xff, 0xff, 0xff, 0xff, 0xfe,
    0x0, 0x0, 0x70, 0x0, 0x3, 0x80, 0x0, 0x1c,
    0x0, 0x0, 0xe0, 0x0, 0x7, 0x0, 0x0, 0x38,
    0x0, 0x1, 0xcf, 0xff, 0xfe, 0x7f, 0xff, 0xf3,
    0xff, 0xff, 0x80, 0x0, 0x1c, 0x0, 0x0, 0xe0,
    0x0, 0x7, 0x0, 0x0, 0x38, 0x0, 0x1, 0xc0,
    0x0, 0xe, 0x0, 0x0, 0x70, 0x0, 0x3, 0x80,
    0x0, 0x1f, 0xff, 0xff, 0xff, 0xff, 0xff, 0xff,
    0xff, 0xf8,

    /* U+30EF "ワ" */
    0xff, 0xff, 0xff, 0xff, 0xff, 0xff, 0xff, 0xff,
    0xff, 0xff, 0xff, 0xf8, 0x0, 0x0, 0x7, 0xe0,
    0x0, 0x0, 0x1f, 0x80, 0x0, 0x0, 0x7e, 0x0,
    0x0, 0x1, 0xf8, 0x0, 0x0, 0x7, 0xe0, 0x0,
    0x0, 0x1f, 0x80, 0x0, 0x0, 0x7e, 0x0, 0x0,
    0x1, 0xf8, 0x0, 0x0, 0x7, 0xe0, 0x0, 0x0,
    0x1c, 0x0, 0x0, 0x0, 0xf0, 0x0, 0x0, 0x3,
    0x80, 0x0, 0x0, 0xe, 0x0, 0x0, 0x0, 0x38,
    0x0, 0x0, 0x1, 0xe0, 0x0, 0x0, 0x7, 0x0,
    0x0, 0x0, 0x3c, 0x0, 0x0, 0x1, 0xe0, 0x0,
    0x0, 0xf, 0x80, 0x0, 0x0, 0x7c, 0x0, 0x0,
    0x3, 0xe0, 0x0, 0x0, 0x1f, 0x0, 0x0, 0x1,
    0xfc, 0x0, 0x0, 0x1f, 0xc0, 0x0, 0x1, 0xfe,
    0x0, 0x0, 0x7f, 0xe0, 0x0, 0x0, 0xff, 0x0,
    0x0, 0x3, 0xe0, 0x0, 0x0, 0x0, 0x0, 0x0,

    /* U+30F3 "ン" */
    0x40, 0x0, 0x0, 0x0, 0x38, 0x0, 0x0, 0x0,
    0x3f, 0x80, 0x0, 0x0, 0x1f, 0xf0, 0x0, 0x0,
    0x1, 0xfe, 0x0, 0x0, 0x0, 0x3f, 0xc0, 0x0,
    0x38, 0x7, 0xf0, 0x0, 0x1e, 0x0, 0xfc, 0x0,
    0xe, 0x0, 0x1e, 0x0, 0xf, 0x0, 0x2, 0x0,
    0x7, 0x80, 0x0, 0x0, 0x7, 0x80, 0x0, 0x0,
    0x3, 0xc0, 0x0, 0x0, 0x3, 0xc0, 0x0, 0x0,
    0x1, 0xe0, 0x0, 0x0, 0x1, 0xe0, 0x0, 0x0,
    0x1, 0xe0, 0x0, 0x0, 0x1, 0xf0, 0x0, 0x0,
    0x0, 0xf0, 0x0, 0x0, 0x0, 0xf0, 0x0, 0x0,
    0x0, 0xf0, 0x0, 0x0, 0x0, 0xf0, 0x0, 0x0,
    0x1, 0xf0, 0x0, 0x0, 0x1, 0xf0, 0x0, 0x0,
    0x3, 0xf0, 0x0, 0x0, 0x7, 0xf0, 0x0, 0x0,
    0xf, 0xe0, 0x0, 0x0, 0x3f, 0xc0, 0x0, 0x7,
    0xff, 0x80, 0x0, 0x1, 0xff, 0x0, 0x0, 0x0,
    0xf8, 0x0, 0x0, 0x0,

    /* U+30FC "ー" */
    0xff, 0xff, 0xff, 0xff, 0xff, 0xff, 0xff, 0xff,
    0xff, 0xff, 0xff, 0xff, 0xff, 0x80,

    /* U+4E0D "不" */
    0x7f, 0xff, 0xff, 0xff, 0xf3, 0xff, 0xff, 0xff,
    0xff, 0x9f, 0xff, 0xff, 0xff, 0xfc, 0x0, 0x0,
    0x7c, 0x0, 0x0, 0x0, 0x3, 0xc0, 0x0, 0x0,
    0x0, 0x3c, 0x0, 0x0, 0x0, 0x1, 0xe0, 0x0,
    0x0, 0x0, 0x1e, 0x0, 0x0, 0x0, 0x1, 0xf0,
    0x0, 0x0, 0x0, 0x1f, 0x80, 0x0, 0x0, 0x0,
    0xfc, 0x0, 0x0, 0x0, 0xf, 0xe2, 0x0, 0x0,
    0x0, 0xf7, 0x38, 0x0, 0x0, 0xf, 0xbb, 0xf0,
    0x0, 0x0, 0xf9, 0xcf, 0xc0, 0x0, 0xf, 0x8e,
    0x1f, 0x0, 0x0, 0xf8, 0x70, 0x7c, 0x0, 0xf,
    0x83, 0x81, 0xf0, 0x0, 0xf8, 0x1c, 0x7, 0xc0,
    0xf, 0x80, 0xe0, 0x1f, 0x1, 0xf8, 0x7, 0x0,
    0x7e, 0x1f, 0x80, 0x38, 0x1, 0xf9, 0xf8, 0x1,
    0xc0, 0x7, 0xff, 0x80, 0xe, 0x0, 0x1f, 0xf0,
    0x0, 0x70, 0x0, 0x73, 0x0, 0x3, 0x80, 0x1,
    0x0, 0x0, 0x1c, 0x0, 0x0, 0x0, 0x0, 0xe0,
    0x0, 0x0, 0x0, 0x7, 0x0, 0x0, 0x0, 0x0,
    0x38, 0x0, 0x0, 0x0, 0x1, 0xc0, 0x0, 0x0,
    0x0, 0xe, 0x0, 0x0, 0x0, 0x0, 0x70, 0x0,
    0x0, 0x0, 0x3, 0x80, 0x0, 0x0, 0x0, 0x1c,
    0x0, 0x0,

    /* U+5229 "利" */
    0x0, 0x0, 0x0, 0x0, 0x70, 0x0, 0x1, 0x0,
    0x7, 0x0, 0x3, 0xf0, 0x0, 0x70, 0x1f, 0xff,
    0x0, 0x7, 0x3f, 0xff, 0xf0, 0xe0, 0x73, 0xff,
    0xe0, 0xe, 0x7, 0x3f, 0x38, 0x0, 0xe0, 0x70,
    0x3, 0x80, 0xe, 0x7, 0x0, 0x38, 0x0, 0xe0,
    0x70, 0x3, 0x80, 0xe, 0x7, 0x0, 0x38, 0x0,
    0xe0, 0x70, 0x3, 0x80, 0xe, 0x7, 0x7f, 0xff,
    0xf8, 0xe0, 0x77, 0xff, 0xff, 0x8e, 0x7, 0x7f,
    0xff, 0xf8, 0xe0, 0x70, 0x7, 0x80, 0xe, 0x7,
    0x0, 0x78, 0x0, 0xe0, 0x70, 0xf, 0x80, 0xe,
    0x7, 0x0, 0xfc, 0x0, 0xe0, 0x70, 0x1f, 0xe0,
    0xe, 0x7, 0x3, 0xff, 0x0, 0xe0, 0x70, 0x3b,
    0xfc, 0xe, 0x7, 0x7, 0xbb, 0xe0, 0xe0, 0x70,
    0xf3, 0x9f, 0xe, 0x7, 0xf, 0x38, 0xf8, 0xe0,
    0x71, 0xe3, 0x87, 0x8e, 0x7, 0x3c, 0x38, 0x30,
    0xe0, 0x77, 0xc3, 0x80, 0xe, 0x7, 0xf8, 0x38,
    0x0, 0xe0, 0x77, 0x3, 0x80, 0x0, 0x7, 0x60,
    0x38, 0x0, 0x0, 0x70, 0x3, 0x80, 0x0, 0x7,
    0x0, 0x38, 0x0, 0x0, 0x70, 0x3, 0x80, 0x0,
    0x7, 0x0, 0x38, 0x0, 0x0, 0xf0, 0x3, 0x80,
    0x7, 0xff, 0x0, 0x38, 0x0, 0x3f, 0xe0, 0x3,
    0x80, 0x3, 0xfc,

    /* U+5347 "升" */
    0x0, 0x0, 0x0, 0x38, 0x0, 0x0, 0x0, 0xe0,
    0xe0, 0x0, 0x0, 0x3f, 0x83, 0x80, 0x0, 0x3f,
    0xff, 0xe, 0x0, 0x3f, 0xff, 0xf0, 0x38, 0x1,
    0xff, 0xfc, 0x0, 0xe0, 0x3, 0xff, 0x80, 0x3,
    0x80, 0xe, 0xe, 0x0, 0xe, 0x0, 0x0, 0x38,
    0x0, 0x38, 0x0, 0x0, 0xe0, 0x0, 0xe0, 0x0,
    0x3, 0x80, 0x3, 0x80, 0x0, 0xe, 0x0, 0xe,
    0x0, 0x0, 0x38, 0x0, 0x38, 0x0, 0x0, 0xe0,
    0x0, 0xe0, 0x0, 0x3, 0x80, 0x3, 0x80, 0x0,
    0xe, 0x0, 0xe, 0x0, 0xff, 0xff, 0xff, 0xff,
    0xff, 0xff, 0xff, 0xff, 0xff, 0xff, 0xff, 0xff,
    0xff, 0xff, 0xc0, 0xe, 0x0, 0xe, 0x0, 0x0,
    0x38, 0x0, 0x38, 0x0, 0x0, 0xe0, 0x0, 0xe0,
    0x0, 0x3, 0x80, 0x3, 0x80, 0x0, 0x1e, 0x0,
    0xe, 0x0, 0x0, 0x78, 0x0, 0x38, 0x0, 0x1,
    0xe0, 0x0, 0xe0, 0x0, 0x7, 0x80, 0x3, 0x80,
    0x0, 0x3c, 0x0, 0xe, 0x0, 0x0, 0xf0, 0x0,
    0x38, 0x0, 0x7, 0xc0, 0x0, 0xe0, 0x0, 0x1e,
    0x0, 0x3, 0x80, 0x0, 0xf0, 0x0, 0xe, 0x0,
    0x7, 0xc0, 0x0, 0x38, 0x0, 0x7e, 0x0, 0x0,
    0xe0, 0x3, 0xf0, 0x0, 0x3, 0x80, 0x1f, 0x80,
    0x0, 0xe, 0x0, 0x3c, 0x0, 0x0, 0x38, 0x0,
    0x60, 0x0, 0x0, 0xe0, 0x0,

    /* U+53D1 "发" */
    0x0, 0x1, 0x80, 0x60, 0x0, 0x10, 0x7, 0x81,
    0xc0, 0x0, 0x70, 0x1c, 0xf, 0xc0, 0x1, 0xc0,
    0x70, 0x1f, 0xc0, 0xf, 0x1, 0xc0, 0x1f, 0x80,
    0x3c, 0x7, 0x0, 0x1e, 0x0, 0xe0, 0x3c, 0x0,
    0x38, 0x7, 0x80, 0xf0, 0x0, 0x0, 0x1e, 0x3,
    0x80, 0x0, 0x0, 0x7f, 0xff, 0xff, 0xff, 0xf1,
    0xff, 0xff, 0xff, 0xff, 0xc7, 0xff, 0xff, 0xff,
    0xff, 0x0, 0x7, 0x80, 0x0, 0x0, 0x0, 0x1c,
    0x0, 0x0, 0x0, 0x0, 0xf0, 0x0, 0x0, 0x0,
    0x3, 0xc0, 0x0, 0x0, 0x0, 0xe, 0x0, 0x0,
    0x0, 0x0, 0x7f, 0xff, 0xfe, 0x0, 0x1, 0xff,
    0xff, 0xf8, 0x0, 0x7, 0xff, 0xff, 0xe0, 0x0,
    0x3f, 0x0, 0x7, 0x80, 0x0, 0xfe, 0x0, 0x3c,
    0x0, 0x7, 0xb8, 0x0, 0xf0, 0x0, 0x1e, 0xf0,
    0x7, 0x80, 0x0, 0xf1, 0xe0, 0x3c, 0x0, 0x7,
    0xc3, 0xc1, 0xf0, 0x0, 0x1e, 0xf, 0x8f, 0x80,
    0x0, 0xf0, 0x1f, 0x7c, 0x0, 0x7, 0xc0, 0x3f,
    0xe0, 0x0, 0x1e, 0x0, 0x7f, 0x0, 0x0, 0xf0,
    0x1, 0xfc, 0x0, 0x7, 0xc0, 0x1f, 0xfc, 0x0,
    0x3e, 0x1, 0xfd, 0xfc, 0x1, 0xf0, 0x1f, 0xe1,
    0xfe, 0xf, 0x83, 0xfe, 0x1, 0xfe, 0x3c, 0x7f,
    0xe0, 0x1, 0xff, 0x61, 0xfc, 0x0, 0x1, 0xfc,
    0x3, 0xc0, 0x0, 0x1, 0xe0, 0x8, 0x0, 0x0,
    0x0, 0x80,

    /* U+53EF "可" */
    0xff, 0xff, 0xff, 0xff, 0xff, 0xff, 0xff, 0xff,
    0xff, 0xff, 0xff, 0xff, 0xff, 0xff, 0xc0, 0x0,
    0x0, 0x1, 0xc0, 0x0, 0x0, 0x0, 0x7, 0x0,
    0x0, 0x0, 0x0, 0x1c, 0x0, 0x0, 0x0, 0x0,
    0x70, 0x0, 0x0, 0x0, 0x1, 0xc0, 0x0, 0x0,
    0x0, 0x7, 0x0, 0x0, 0x0, 0x0, 0x1c, 0x0,
    0x7f, 0xff, 0xc0, 0x70, 0x1, 0xff, 0xff, 0x1,
    0xc0, 0x7, 0xff, 0xfc, 0x7, 0x0, 0x1c, 0x0,
    0xf0, 0x1c, 0x0, 0x70, 0x3, 0xc0, 0x70, 0x1,
    0xc0, 0xf, 0x1, 0xc0, 0x7, 0x0, 0x3c, 0x7,
    0x0, 0x1c, 0x0, 0xf0, 0x1c, 0x0, 0x70, 0x3,
    0xc0, 0x70, 0x1, 0xc0, 0xf, 0x1, 0xc0, 0x7,
    0x0, 0x3c, 0x7, 0x0, 0x1c, 0x0, 0xf0, 0x1c,
    0x0, 0x70, 0x3, 0xc0, 0x70, 0x1, 0xff, 0xff,
    0x1, 0xc0, 0x7, 0xff, 0xfc, 0x7, 0x0, 0x1f,
    0xff, 0xf0, 0x1c, 0x0, 0x0, 0x0, 0x0, 0x70,
    0x0, 0x0, 0x0, 0x1, 0xc0, 0x0, 0x0, 0x0,
    0x7, 0x0, 0x0, 0x0, 0x0, 0x1c, 0x0, 0x0,
    0x0, 0x0, 0x70, 0x0, 0x0, 0x0, 0x3, 0xc0,
    0x0, 0x0, 0xf, 0xff, 0x0, 0x0, 0x0, 0x3f,
    0xf8, 0x0, 0x0, 0x0, 0x7f, 0xc0, 0x0,

    /* U+63A5 "接" */
    0x0, 0x0, 0x0, 0x0, 0x0, 0xe, 0x0, 0x7,
    0x0, 0x0, 0x38, 0x0, 0x1e, 0x0, 0x0, 0xe0,
    0x0, 0x78, 0x0, 0x3, 0x80, 0x0, 0xe0, 0x0,
    0xe, 0xf, 0xff, 0xff, 0xe0, 0x38, 0x3f, 0xff,
    0xff, 0x80, 0xe0, 0xff, 0xff, 0xfe, 0x3, 0x80,
    0x38, 0x3, 0x81, 0xff, 0xe0, 0xe0, 0x1e, 0x7,
    0xff, 0x81, 0xc0, 0x70, 0x1f, 0xfe, 0x7, 0x1,
    0xc0, 0x3, 0x80, 0x1c, 0x7, 0x0, 0xe, 0x0,
    0x70, 0x38, 0x0, 0x38, 0x7f, 0xff, 0xff, 0xc0,
    0xe1, 0xff, 0xff, 0xff, 0x3, 0x87, 0xff, 0xff,
    0xfc, 0xe, 0x0, 0x0, 0x0, 0x0, 0x39, 0x80,
    0x78, 0x0, 0x0, 0xfe, 0x1, 0xc0, 0x0, 0x7,
    0xf8, 0xf, 0x0, 0x0, 0xff, 0xc0, 0x38, 0x0,
    0xf, 0xf8, 0x7f, 0xff, 0xff, 0xff, 0xe1, 0xff,
    0xff, 0xff, 0x63, 0x87, 0xff, 0xff, 0xfc, 0xe,
    0x0, 0xe0, 0xe, 0x0, 0x38, 0x7, 0x80, 0x78,
    0x0, 0xe0, 0x1c, 0x1, 0xc0, 0x3, 0x80, 0xf8,
    0xf, 0x0, 0xe, 0x3, 0xfc, 0x78, 0x0, 0x38,
    0x3, 0xff, 0xe0, 0x0, 0xe0, 0x1, 0xff, 0x0,
    0x3, 0x80, 0x1, 0xfe, 0x0, 0xe, 0x0, 0x1f,
    0xfe, 0x0, 0x38, 0x3, 0xfc, 0xfe, 0x1f, 0xe1,
    0xff, 0xc0, 0xfe, 0x7f, 0x87, 0xf8, 0x0, 0xfc,
    0xfc, 0x1f, 0x0, 0x0, 0xe0, 0x0, 0x40, 0x0,
    0x0, 0x80,

    /* U+65B0 "新" */
    0x0, 0x20, 0x0, 0x0, 0x0, 0x3, 0xc0, 0x0,
    0x0, 0x0, 0x3, 0x80, 0x0, 0x0, 0xe0, 0x7,
    0x80, 0x0, 0xf, 0xc0, 0x7, 0x0, 0x7, 0xff,
    0x8f, 0xff, 0xfc, 0x7f, 0xfe, 0x1f, 0xff, 0xf8,
    0xff, 0xc0, 0x3f, 0xff, 0xf1, 0xe0, 0x0, 0xe,
    0x3, 0x83, 0x80, 0x0, 0x1c, 0xe, 0x7, 0x0,
    0x0, 0x38, 0x1c, 0xe, 0x0, 0x0, 0x30, 0x38,
    0x1c, 0x0, 0x0, 0x70, 0x70, 0x38, 0x0, 0x0,
    0xe0, 0xc0, 0x70, 0x0, 0x3f, 0xff, 0xfc, 0xe0,
    0x0, 0x7f, 0xff, 0xf9, 0xff, 0xff, 0xff, 0xff,
    0xf3, 0xff, 0xfe, 0x0, 0xe0, 0x7, 0xff, 0xfc,
    0x1, 0xc0, 0xe, 0x7, 0x0, 0x3, 0x80, 0x1c,
    0xe, 0x0, 0x7, 0x0, 0x38, 0x1c, 0x0, 0xe,
    0x0, 0x70, 0x38, 0x1f, 0xff, 0xf8, 0xe0, 0x70,
    0x3f, 0xff, 0xf1, 0xc0, 0xe0, 0x7f, 0xff, 0xe3,
    0x81, 0xc0, 0x0, 0xe0, 0x7, 0x3, 0x80, 0x1,
    0xc0, 0xe, 0x7, 0x0, 0xf3, 0x9c, 0x3c, 0xe,
    0x1, 0xc7, 0x38, 0x70, 0x1c, 0x3, 0x8e, 0x70,
    0xe0, 0x38, 0xe, 0x1c, 0x71, 0xc0, 0x70, 0x1c,
    0x38, 0xe7, 0x80, 0xe0, 0x78, 0x71, 0xef, 0x1,
    0xc0, 0xe0, 0xe1, 0x9c, 0x3, 0x83, 0xc1, 0xc0,
    0x78, 0x7, 0x7, 0x3, 0x81, 0xe0, 0xe, 0x6,
    0xff, 0x3, 0xc0, 0x1c, 0x0, 0xfe, 0xf, 0x0,
    0x38, 0x1, 0xf8, 0xe, 0x0, 0x70, 0x0, 0x0,
    0x8, 0x0, 0x0,

    /* U+672A "未" */
    0x0, 0x0, 0x78, 0x0, 0x0, 0x0, 0x1, 0xe0,
    0x0, 0x0, 0x0, 0x7, 0x80, 0x0, 0x0, 0x0,
    0x1e, 0x0, 0x0, 0x0, 0x0, 0x78, 0x0, 0x0,
    0x0, 0x1, 0xe0, 0x0, 0x0, 0xff, 0xff, 0xff,
    0xfc, 0x3, 0xff, 0xff, 0xff, 0xf0, 0xf, 0xff,
    0xff, 0xff, 0xc0, 0x0, 0x1, 0xe0, 0x0, 0x0,
    0x0, 0x7, 0x80, 0x0, 0x0, 0x0, 0x1e, 0x0,
    0x0, 0x0, 0x0, 0x78, 0x0, 0x0, 0x0, 0x1,
    0xe0, 0x0, 0x0, 0x0, 0x7, 0x80, 0x0, 0x0,
    0x0, 0x1e, 0x0, 0x0, 0x7f, 0xff, 0xff, 0xff,
    0xf9, 0xff, 0xff, 0xff, 0xff, 0xe7, 0xff, 0xff,
    0xff, 0xff, 0x80, 0x0, 0xff, 0xc0, 0x0, 0x0,
    0x7, 0xff, 0x80, 0x0, 0x0, 0x1d, 0xef, 0x0,
    0x0, 0x0, 0xe7, 0x9c, 0x0, 0x0, 0x7, 0x9e,
    0x78, 0x0, 0x0, 0x3c, 0x78, 0xf0, 0x0, 0x1,
    0xe1, 0xe1, 0xe0, 0x0, 0xf, 0x87, 0x87, 0xc0,
    0x0, 0x7c, 0x1e, 0xf, 0x80, 0x3, 0xe0, 0x78,
    0x1f, 0x0, 0x1f, 0x1, 0xe0, 0x3e, 0x1, 0xf8,
    0x7, 0x80, 0x7e, 0xf, 0xc0, 0x1e, 0x0, 0xfc,
    0xfe, 0x0, 0x78, 0x1, 0xff, 0xe0, 0x1, 0xe0,
    0x1, 0xf7, 0x0, 0x7, 0x80, 0x3, 0x80, 0x0,
    0x1e, 0x0, 0x0, 0x0, 0x0, 0x78, 0x0, 0x0,
    0x0, 0x1, 0xe0, 0x0, 0x0,

    /* U+672C "本" */
    0x0, 0x0, 0x38, 0x0, 0x0, 0x0, 0x0, 0x70,
    0x0, 0x0, 0x0, 0x0, 0xe0, 0x0, 0x0, 0x0,
    0x1, 0xc0, 0x0, 0x0, 0x0, 0x3, 0x80, 0x0,
    0x0, 0x0, 0x7, 0x0, 0x0, 0x0, 0x0, 0xe,
    0x0, 0x0, 0x1f, 0xff, 0xff, 0xff, 0xfc, 0x3f,
    0xff, 0xff, 0xff, 0xf8, 0x7f, 0xff, 0xff, 0xff,
    0xf0, 0x0, 0x7, 0xfc, 0x0, 0x0, 0x0, 0x1d,
    0xdc, 0x0, 0x0, 0x0, 0x3b, 0xb8, 0x0, 0x0,
    0x0, 0xe7, 0x70, 0x0, 0x0, 0x1, 0xce, 0x70,
    0x0, 0x0, 0x7, 0x9c, 0xf0, 0x0, 0x0, 0xe,
    0x38, 0xe0, 0x0, 0x0, 0x38, 0x71, 0xe0, 0x0,
    0x0, 0xf0, 0xe1, 0xc0, 0x0, 0x1, 0xc1, 0xc1,
    0xc0, 0x0, 0x7, 0x83, 0x83, 0xc0, 0x0, 0x1e,
    0x7, 0x3, 0xc0, 0x0, 0x78, 0xe, 0x7, 0x80,
    0x0, 0xf0, 0x1c, 0x7, 0x80, 0x3, 0xc0, 0x38,
    0x7, 0x80, 0xf, 0x0, 0x70, 0x7, 0x80, 0x3c,
    0x0, 0xe0, 0x7, 0x80, 0xf0, 0x1, 0xc0, 0xf,
    0x83, 0xc7, 0xff, 0xff, 0xcf, 0x8f, 0xf, 0xff,
    0xff, 0x8f, 0xfc, 0x1f, 0xff, 0xff, 0xf, 0x30,
    0x0, 0x1c, 0x0, 0xc, 0x20, 0x0, 0x38, 0x0,
    0x0, 0x0, 0x0, 0x70, 0x0, 0x0, 0x0, 0x0,
    0xe0, 0x0, 0x0, 0x0, 0x1, 0xc0, 0x0, 0x0,
    0x0, 0x3, 0x80, 0x0, 0x0, 0x0, 0x7, 0x0,
    0x0, 0x0,

    /* U+7248 "版" */
    0x0, 0x1c, 0x0, 0x0, 0x0, 0xe, 0x1c, 0x0,
    0x0, 0xc, 0xe, 0x1c, 0x0, 0x1, 0xfc, 0xe,
    0x1c, 0x1, 0xff, 0xfc, 0xe, 0x1c, 0x1f, 0xff,
    0xfc, 0xe, 0x1c, 0x1f, 0xff, 0x80, 0xe, 0x1c,
    0x1f, 0xc0, 0x0, 0xe, 0x1c, 0x1c, 0x0, 0x0,
    0xe, 0x1c, 0x1c, 0x0, 0x0, 0xe, 0x1c, 0x1c,
    0x0, 0x0, 0xe, 0x1c, 0x1c, 0x0, 0x0, 0xe,
    0x1c, 0x1c, 0x0, 0x0, 0xf, 0xff, 0x9f, 0xff,
    0xf8, 0xf, 0xff, 0x9f, 0xff, 0xf8, 0xf, 0xff,
    0x9f, 0xff, 0xf8, 0xe, 0x0, 0x1d, 0xc0, 0x38,
    0xe, 0x0, 0x1d, 0xc0, 0x38, 0xe, 0x0, 0x1d,
    0xc0, 0x78, 0xe, 0x0, 0x1c, 0xe0, 0x70, 0xe,
    0x0, 0x1c, 0xe0, 0x70, 0xf, 0xfc, 0x1c, 0xe0,
    0xf0, 0xf, 0xfc, 0x1c, 0x70, 0xe0, 0xf, 0xfc,
    0x3c, 0x70, 0xe0, 0xe, 0x1c, 0x3c, 0x79, 0xe0,
    0xe, 0x1c, 0x38, 0x39, 0xc0, 0xe, 0x1c, 0x38,
    0x3f, 0xc0, 0xe, 0x1c, 0x38, 0x1f, 0x80, 0x1e,
    0x1c, 0x78, 0xf, 0x80, 0x1e, 0x1c, 0x78, 0xf,
    0x0, 0x1e, 0x1c, 0x70, 0x1f, 0x80, 0x1c, 0x1c,
    0xf0, 0x3f, 0xc0, 0x1c, 0x1c, 0xe0, 0xf9, 0xe0,
    0x3c, 0x1d, 0xe1, 0xf0, 0xf0, 0x3c, 0x1d, 0xe3,
    0xe0, 0x7c, 0x78, 0x1f, 0xcf, 0xc0, 0x3e, 0x78,
    0x1c, 0xdf, 0x80, 0x1e, 0x70, 0x1c, 0xe, 0x0,
    0xe, 0x30, 0x0, 0x4, 0x0, 0x0,

    /* U+73B0 "现" */
    0x0, 0x0, 0xff, 0xff, 0xe0, 0xff, 0xf9, 0xff,
    0xff, 0xc1, 0xff, 0xf3, 0xff, 0xff, 0x83, 0xff,
    0xe7, 0x0, 0x7, 0x0, 0x38, 0xe, 0x0, 0xe,
    0x0, 0x70, 0x1c, 0x1c, 0x1c, 0x0, 0xe0, 0x38,
    0x38, 0x38, 0x1, 0xc0, 0x70, 0x70, 0x70, 0x3,
    0x80, 0xe0, 0xe0, 0xe0, 0x7, 0x1, 0xc1, 0xc1,
    0xc0, 0xe, 0x3, 0x83, 0x83, 0x80, 0x1c, 0x7,
    0x7, 0x7, 0x0, 0x38, 0xe, 0xe, 0xe, 0xf,
    0xff, 0x9c, 0x1c, 0x1c, 0x1f, 0xff, 0x38, 0x38,
    0x38, 0x3f, 0xfe, 0x70, 0x70, 0x70, 0x3, 0x80,
    0xe0, 0xe0, 0xe0, 0x7, 0x1, 0xc1, 0xc1, 0xc0,
    0xe, 0x3, 0x83, 0x83, 0x80, 0x1c, 0x7, 0xe,
    0x7, 0x0, 0x38, 0xe, 0x1c, 0xe, 0x0, 0x70,
    0x1c, 0x3f, 0x1c, 0x0, 0xe0, 0x38, 0x7e, 0x38,
    0x1, 0xc0, 0x1, 0xdc, 0x0, 0x3, 0x82, 0x3,
    0xb8, 0x0, 0x7, 0x7c, 0xe, 0x70, 0x10, 0xf,
    0xf8, 0x3c, 0xe0, 0x38, 0xff, 0xf0, 0xf1, 0xc0,
    0x7f, 0xff, 0x3, 0xc3, 0x80, 0xff, 0xe0, 0xf,
    0x7, 0x1, 0xde, 0x0, 0x7c, 0xe, 0x3, 0x80,
    0x1, 0xf0, 0x1c, 0xf, 0x0, 0xf, 0xc0, 0x3f,
    0xfe, 0x0, 0x3f, 0x0, 0x3f, 0xf8, 0x0, 0x38,
    0x0, 0x3f, 0xe0, 0x0, 0x20, 0x0, 0x0, 0x0,

    /* U+73FE "現" */
    0x0, 0x0, 0xff, 0xff, 0xe1, 0xff, 0xf3, 0xff,
    0xff, 0x87, 0xff, 0xcf, 0xff, 0xfe, 0x1f, 0xff,
    0x38, 0x0, 0x38, 0x3, 0x80, 0xe0, 0x0, 0xe0,
    0xe, 0x3, 0x80, 0x3, 0x80, 0x38, 0xe, 0x0,
    0xe, 0x0, 0xe0, 0x3f, 0xff, 0xf8, 0x3, 0x80,
    0xff, 0xff, 0xe0, 0xe, 0x3, 0xff, 0xff, 0x80,
    0x38, 0xe, 0x0, 0xe, 0x0, 0xe0, 0x38, 0x0,
    0x38, 0x3, 0x80, 0xe0, 0x0, 0xe1, 0xff, 0xf3,
    0xff, 0xff, 0x87, 0xff, 0xcf, 0xff, 0xfe, 0x1f,
    0xff, 0x3f, 0xff, 0xf8, 0x3, 0x80, 0xe0, 0x0,
    0xe0, 0xe, 0x3, 0x80, 0x3, 0x80, 0x38, 0xe,
    0x0, 0xe, 0x0, 0xe0, 0x38, 0x0, 0x38, 0x3,
    0x80, 0xff, 0xff, 0xe0, 0xe, 0x3, 0xff, 0xff,
    0x80, 0x38, 0xf, 0xff, 0xfe, 0x0, 0xe0, 0x3,
    0x87, 0x0, 0x3, 0x80, 0xe, 0x1c, 0x0, 0xe,
    0x70, 0x78, 0x70, 0x40, 0x3f, 0xe1, 0xe1, 0xc1,
    0xc3, 0xff, 0x87, 0x7, 0x7, 0xff, 0xf8, 0x3c,
    0x1c, 0x1f, 0xff, 0x1, 0xe0, 0x70, 0x77, 0xe0,
    0xf, 0x81, 0xc1, 0xd8, 0x0, 0x7c, 0x7, 0x7,
    0x0, 0x7, 0xe0, 0x1f, 0xfc, 0x0, 0x7f, 0x0,
    0x7f, 0xf0, 0x0, 0xf0, 0x0, 0x7f, 0x0, 0x1,
    0x0, 0x0, 0x0,

    /* U+7528 "用" */
    0xf, 0xff, 0xff, 0xff, 0xe1, 0xff, 0xff, 0xff,
    0xfc, 0x3f, 0xff, 0xff, 0xff, 0x87, 0x0, 0x1c,
    0x0, 0x70, 0xe0, 0x3, 0x80, 0xe, 0x1c, 0x0,
    0x70, 0x1, 0xc3, 0x80, 0xe, 0x0, 0x38, 0x70,
    0x1, 0xc0, 0x7, 0xe, 0x0, 0x38, 0x0, 0xe1,
    0xc0, 0x7, 0x0, 0x1c, 0x3f, 0xff, 0xff, 0xff,
    0x87, 0xff, 0xff, 0xff, 0xf0, 0xff, 0xff, 0xff,
    0xfe, 0x1c, 0x0, 0x70, 0x1, 0xc3, 0x80, 0xe,
    0x0, 0x38, 0x70, 0x1, 0xc0, 0x7, 0xe, 0x0,
    0x38, 0x0, 0xe1, 0xc0, 0x7, 0x0, 0x1c, 0x38,
    0x0, 0xe0, 0x3, 0x87, 0x0, 0x1c, 0x0, 0x70,
    0xe0, 0x3, 0x80, 0xe, 0x1f, 0xff, 0xff, 0xff,
    0xc3, 0xff, 0xff, 0xff, 0xf8, 0x7f, 0xff, 0xff,
    0xff, 0xe, 0x0, 0x38, 0x0, 0xe1, 0xc0, 0x7,
    0x0, 0x1c, 0x78, 0x0, 0xe0, 0x3, 0x8e, 0x0,
    0x1c, 0x0, 0x71, 0xc0, 0x3, 0x80, 0xe, 0x38,
    0x0, 0x70, 0x1, 0xcf, 0x0, 0xe, 0x0, 0x39,
    0xc0, 0x1, 0xc0, 0x7, 0x78, 0x0, 0x38, 0x7f,
    0xee, 0x0, 0x7, 0xf, 0xfb, 0xc0, 0x0, 0xe1,
    0xfe, 0x18, 0x0, 0x0, 0x0, 0x0,

    /* U+767C "發" */
    0x0, 0x0, 0xc, 0x2, 0x0, 0x0, 0x0, 0x38,
    0xe, 0x0, 0xff, 0xff, 0x38, 0x7c, 0x1, 0xff,
    0xfe, 0x73, 0xf0, 0x3, 0xff, 0xfc, 0xff, 0x80,
    0x1, 0x0, 0x78, 0xfc, 0x4, 0x3, 0x1, 0xe0,
    0xe0, 0x3c, 0xf, 0x87, 0x81, 0xe0, 0xf8, 0xf,
    0x9e, 0x1, 0xe7, 0xc0, 0x7, 0xf8, 0x1, 0xfe,
    0x0, 0x7, 0xe0, 0x1, 0xf0, 0x0, 0xf, 0x80,
    0x1, 0xf0, 0x0, 0x3e, 0x0, 0x1, 0xf8, 0x1,
    0xff, 0xc3, 0xff, 0xfc, 0xf, 0xff, 0x87, 0xff,
    0xff, 0x7f, 0xff, 0xf, 0xff, 0x7e, 0xf8, 0x1e,
    0x1c, 0xe, 0x1c, 0x80, 0x3c, 0x78, 0x1c, 0x0,
    0x0, 0x78, 0xf0, 0x38, 0x0, 0x7f, 0xf3, 0xc0,
    0x7f, 0x80, 0xff, 0xef, 0x0, 0x7f, 0x1, 0xc0,
    0xc, 0x0, 0x0, 0x3, 0x80, 0x3f, 0xff, 0xf0,
    0xe, 0x0, 0x7f, 0xff, 0xe0, 0x1c, 0x0, 0xff,
    0xff, 0xc0, 0x3f, 0xf9, 0xff, 0xff, 0x80, 0x7f,
    0xf0, 0x80, 0x1e, 0x0, 0xff, 0xe3, 0xc0, 0x7c,
    0x0, 0x1, 0xc7, 0xe1, 0xf0, 0x0, 0x3, 0x87,
    0xf7, 0xc0, 0x0, 0x7, 0x3, 0xff, 0x0, 0x0,
    0x1e, 0x1, 0xfc, 0x0, 0x0, 0x3c, 0x3, 0xfe,
    0x0, 0x0, 0x70, 0x1f, 0xff, 0x0, 0x0, 0xe1,
    0xfc, 0x3f, 0x80, 0xff, 0xcf, 0xe0, 0xf, 0xc0,
    0xff, 0xe, 0x0, 0x7, 0x0, 0x0, 0x0, 0x0,
    0x0, 0x0,

    /* U+7D1A "級" */
    0x0, 0x0, 0x0, 0x0, 0x0, 0x1, 0xc0, 0x0,
    0x0, 0x0, 0x7, 0x80, 0x0, 0x0, 0x0, 0xe,
    0x7, 0xff, 0xfe, 0x0, 0x3c, 0xf, 0xff, 0xfc,
    0x0, 0x70, 0x1f, 0xff, 0xf8, 0x1, 0xe1, 0x7,
    0x0, 0x70, 0x3, 0x83, 0x8e, 0x1, 0xc0, 0xf,
    0xf, 0x1c, 0x3, 0x80, 0x1c, 0x1c, 0x38, 0x7,
    0x0, 0x70, 0x70, 0x70, 0x1c, 0x1, 0xe1, 0xe0,
    0xe0, 0x38, 0x7, 0xff, 0x81, 0xe0, 0x70, 0xf,
    0xfe, 0x3, 0xc1, 0xc0, 0x1f, 0xfc, 0x7, 0x83,
    0xfc, 0x20, 0x70, 0xf, 0x7, 0xf8, 0x1, 0xe0,
    0x1f, 0xf, 0xf0, 0x7, 0xb8, 0x3e, 0x0, 0xe0,
    0xe, 0x38, 0x7c, 0x1, 0xc0, 0x38, 0x70, 0xfc,
    0x7, 0x0, 0xf0, 0xe1, 0xf8, 0xe, 0x3, 0xc3,
    0xe3, 0xf0, 0x1c, 0xf, 0xff, 0xc6, 0x70, 0x70,
    0x3f, 0xff, 0x9c, 0xe0, 0xe0, 0x3f, 0x3, 0xb8,
    0xe3, 0x80, 0x40, 0x4, 0x71, 0xe7, 0x0, 0x0,
    0x0, 0xe1, 0xdc, 0x0, 0x0, 0x73, 0xc3, 0xf8,
    0x3, 0x9c, 0xe7, 0x3, 0xe0, 0x7, 0x38, 0xce,
    0x3, 0xc0, 0xe, 0x71, 0xfc, 0xf, 0x80, 0x1c,
    0xe3, 0xf0, 0x3f, 0xc0, 0x70, 0xc5, 0xe1, 0xf7,
    0xc0, 0xe1, 0x83, 0x87, 0xc7, 0xc1, 0xc3, 0x8f,
    0x1f, 0x7, 0xc3, 0x87, 0x1e, 0xfc, 0x7, 0xee,
    0x0, 0x7b, 0xf0, 0x7, 0xc4, 0x0, 0xe7, 0x80,
    0x7, 0x80, 0x0, 0x46, 0x0, 0x2, 0x0, 0x0,
    0x8, 0x0, 0x0,

    /* U+7D9A "続" */
    0x0, 0xc0, 0x0, 0x70, 0x0, 0x1, 0xc0, 0x0,
    0xe0, 0x0, 0x7, 0x0, 0x1, 0xc0, 0x0, 0xe,
    0x0, 0x3, 0x80, 0x0, 0x38, 0xf, 0xff, 0xff,
    0xc0, 0x70, 0x1f, 0xff, 0xff, 0x81, 0xc3, 0x0,
    0x1c, 0x0, 0x7, 0x8e, 0x0, 0x38, 0x0, 0xe,
    0x1c, 0x0, 0x70, 0x0, 0x38, 0x70, 0x0, 0xe0,
    0x0, 0xf0, 0xe0, 0xff, 0xff, 0xc1, 0xff, 0x81,
    0xff, 0xff, 0x87, 0xff, 0x0, 0x0, 0x0, 0xf,
    0xfc, 0x0, 0x0, 0x0, 0x18, 0x70, 0x0, 0x0,
    0x0, 0x0, 0xe4, 0x0, 0x0, 0x0, 0x3, 0xb8,
    0xff, 0xff, 0xfc, 0xf, 0x31, 0xff, 0xff, 0xf8,
    0x3c, 0x73, 0x80, 0x0, 0x70, 0x70, 0x67, 0x0,
    0x0, 0xe1, 0xe1, 0xee, 0x0, 0x1, 0xcf, 0x9f,
    0xdc, 0x0, 0x3, 0x8f, 0xff, 0xf8, 0x0, 0x7,
    0x1f, 0x2, 0x3, 0x87, 0x0, 0x0, 0x0, 0x7,
    0xe, 0x0, 0x0, 0x90, 0xe, 0x1c, 0x0, 0x77,
    0x70, 0x1c, 0x38, 0x0, 0xce, 0xe0, 0x38, 0x70,
    0x3, 0x9c, 0xc0, 0x70, 0xe0, 0xe7, 0x39, 0x80,
    0xe1, 0xc1, 0xce, 0x33, 0x83, 0x83, 0x83, 0x9c,
    0x67, 0x7, 0x7, 0x7, 0x70, 0xce, 0x1e, 0xe,
    0xe, 0xe1, 0x8c, 0x78, 0x1c, 0x1d, 0xc3, 0x19,
    0xe0, 0x38, 0x73, 0x86, 0x7, 0x80, 0x3f, 0xe2,
    0x0, 0x1e, 0x0, 0x3f, 0x80, 0x0, 0x18, 0x0,
    0x0, 0x0,

    /* U+7DB2 "網" */
    0x0, 0xc0, 0x0, 0x0, 0x0, 0xe, 0x0, 0x0,
    0x0, 0x0, 0x70, 0x3f, 0xff, 0xfe, 0x7, 0x1,
    0xff, 0xff, 0xf0, 0x38, 0xf, 0xff, 0xff, 0x83,
    0x80, 0x70, 0x0, 0x1c, 0x1c, 0x73, 0x88, 0x8,
    0xe1, 0xe3, 0x9c, 0xe0, 0x67, 0xe, 0x1c, 0xe3,
    0x87, 0x38, 0xf1, 0xc7, 0x1c, 0x31, 0xc7, 0xe,
    0x38, 0x73, 0x8e, 0x78, 0xe1, 0xc3, 0x98, 0x77,
    0xff, 0xe, 0x1, 0xc3, 0xbf, 0xf0, 0x77, 0xff,
    0xdd, 0xff, 0x83, 0xbf, 0xfe, 0xe0, 0x38, 0x1d,
    0xff, 0xf7, 0x3, 0xb0, 0xe0, 0x0, 0x38, 0x1d,
    0xc7, 0x3, 0x81, 0xc1, 0xc6, 0x38, 0x1c, 0xe,
    0x1e, 0x39, 0xc0, 0x70, 0x70, 0xe0, 0xce, 0xff,
    0xfb, 0x8e, 0x7e, 0x77, 0xff, 0xdc, 0xff, 0xfb,
    0xbf, 0xfe, 0xe7, 0xf1, 0xdc, 0x70, 0x7, 0x30,
    0x0, 0xe3, 0x80, 0x38, 0x0, 0x7, 0x1c, 0x1,
    0xcc, 0x66, 0x38, 0xe0, 0xe, 0x73, 0x39, 0xc7,
    0x0, 0x73, 0x9c, 0xce, 0x3f, 0xfb, 0x9c, 0xe6,
    0x71, 0xff, 0xdc, 0xc7, 0x3b, 0x8f, 0xfe, 0xee,
    0x39, 0xdc, 0x0, 0x7, 0x71, 0xc6, 0xe0, 0x0,
    0x3b, 0x8e, 0x3f, 0x0, 0x1, 0xdc, 0x71, 0x38,
    0x0, 0xe, 0xc3, 0x81, 0xc0, 0xf, 0xf6, 0x0,
    0xe, 0x0, 0x7f, 0x80, 0x0, 0x70, 0x3, 0xf8,

    /* U+7DDA "線" */
    0x0, 0x0, 0x0, 0xe0, 0x0, 0x7, 0x0, 0x3,
    0x80, 0x0, 0x1c, 0x0, 0xe, 0x0, 0x0, 0xf0,
    0x0, 0x78, 0x0, 0x3, 0x80, 0x7f, 0xff, 0xe0,
    0x1e, 0x1, 0xff, 0xff, 0x80, 0x70, 0x7, 0xff,
    0xfe, 0x3, 0x83, 0x1c, 0x0, 0x38, 0xe, 0x1e,
    0x70, 0x0, 0xe0, 0x70, 0xf1, 0xc0, 0x3, 0x81,
    0xc3, 0xc7, 0x0, 0xe, 0xe, 0x1e, 0x1f, 0xff,
    0xf8, 0x79, 0xf0, 0x7f, 0xff, 0xe3, 0xff, 0xc1,
    0xc0, 0x3, 0x8f, 0xfe, 0x7, 0x0, 0xe, 0x3f,
    0xf0, 0x1c, 0x0, 0x38, 0x3, 0xc0, 0x70, 0x0,
    0xe0, 0x1e, 0x61, 0xff, 0xff, 0x80, 0x73, 0x87,
    0xff, 0xfe, 0x3, 0xc7, 0x0, 0x1c, 0x0, 0x1e,
    0x1c, 0x0, 0x70, 0x0, 0xf0, 0xf8, 0x1, 0xc0,
    0xc7, 0xff, 0xe0, 0x7, 0x7, 0x1f, 0xff, 0xbf,
    0x9e, 0x3c, 0x7f, 0xc6, 0xfe, 0x79, 0xe1, 0xc0,
    0x3, 0xf9, 0xef, 0x0, 0x0, 0x80, 0xe7, 0xf8,
    0xe, 0xe7, 0x3, 0x9f, 0x80, 0x33, 0x9c, 0x1c,
    0x7e, 0x1, 0xc7, 0x38, 0x71, 0xdc, 0x7, 0x1c,
    0xe3, 0x87, 0x38, 0x1c, 0x73, 0x9c, 0x1c, 0x70,
    0x71, 0xc7, 0xf0, 0x71, 0xf1, 0xc7, 0x7, 0x81,
    0xc3, 0xee, 0x1c, 0x3c, 0x7, 0x7, 0xf8, 0x70,
    0xe1, 0xfc, 0x6, 0xe0, 0x1, 0x7, 0xf0, 0x8,
    0x0, 0x0, 0x1f, 0x80, 0x0,

    /* U+7EA7 "级" */
    0x0, 0x0, 0x0, 0x0, 0x0, 0x1, 0x80, 0x0,
    0x0, 0x0, 0x7, 0x80, 0x0, 0x0, 0x0, 0xe,
    0xf, 0xff, 0xfe, 0x0, 0x3c, 0x1f, 0xff, 0xfc,
    0x0, 0x70, 0x3f, 0xff, 0xf8, 0x1, 0xe0, 0xe,
    0x0, 0x70, 0x3, 0x80, 0x1c, 0x1, 0xc0, 0xf,
    0xc, 0x38, 0x3, 0x80, 0x1c, 0x3c, 0x70, 0xf,
    0x0, 0x70, 0x70, 0xf0, 0x1c, 0x1, 0xe1, 0xe1,
    0xe0, 0x38, 0x7, 0x83, 0x83, 0xc0, 0xe0, 0x1f,
    0xff, 0x7, 0x81, 0xc0, 0x3f, 0xfc, 0xf, 0x83,
    0xfc, 0x7f, 0xf0, 0x1f, 0x7, 0xf8, 0x41, 0xe0,
    0x3e, 0xf, 0xf0, 0x3, 0x80, 0x7e, 0x0, 0xe0,
    0xe, 0x0, 0xfc, 0x1, 0xc0, 0x3c, 0x1, 0xf8,
    0x7, 0x0, 0x70, 0x3, 0xb8, 0xe, 0x1, 0xc0,
    0x7, 0x70, 0x3c, 0x7, 0x87, 0xc, 0xf0, 0x70,
    0x1f, 0xfe, 0x38, 0xe1, 0xe0, 0x7f, 0xfc, 0x71,
    0xe3, 0x80, 0xff, 0x80, 0xe1, 0xef, 0x1, 0xe0,
    0x3, 0xc3, 0xfc, 0x0, 0x0, 0x7, 0x3, 0xf0,
    0x0, 0x0, 0xe, 0x3, 0xe0, 0x0, 0x0, 0x3c,
    0x7, 0xc0, 0x0, 0x1e, 0x70, 0x1f, 0xc0, 0x3,
    0xfd, 0xe0, 0x7f, 0xc0, 0x7f, 0xfb, 0x81, 0xe7,
    0xc1, 0xff, 0x8f, 0xf, 0x87, 0xc3, 0xf0, 0x3c,
    0x3e, 0x7, 0xe2, 0x0, 0x79, 0xf8, 0x7, 0xf0,
    0x1, 0xef, 0xe0, 0x3, 0xe0, 0x3, 0x9f, 0x0,
    0x3, 0x80, 0x0, 0x1c, 0x0, 0x1, 0x0,

    /* U+7EDC "络" */
    0x0, 0x0, 0x2, 0x0, 0x0, 0x7, 0x0, 0x1e,
    0x0, 0x0, 0x1c, 0x0, 0x70, 0x0, 0x0, 0xf0,
    0x3, 0xc0, 0x0, 0x3, 0x80, 0xf, 0xff, 0xe0,
    0x1e, 0x0, 0x7f, 0xff, 0x80, 0x70, 0x3, 0xff,
    0xfe, 0x3, 0xc3, 0x8e, 0x0, 0x78, 0xe, 0xe,
    0x78, 0x3, 0xc0, 0x78, 0x7b, 0xf0, 0xe, 0x3,
    0xc1, 0xdf, 0xe0, 0x78, 0xe, 0xf, 0x7b, 0x83,
    0xc0, 0x78, 0xfb, 0xcf, 0x1e, 0x3, 0xff, 0xc6,
    0x1f, 0xf0, 0xf, 0xff, 0x0, 0x3f, 0x80, 0x3f,
    0xf8, 0x0, 0x7c, 0x0, 0x1, 0xe0, 0x7, 0xfc,
    0x0, 0xf, 0x0, 0x3f, 0xfc, 0x0, 0x38, 0x3,
    0xf1, 0xfe, 0x1, 0xe0, 0x7f, 0x81, 0xff, 0xf,
    0x7, 0xf8, 0x1, 0xfc, 0x38, 0xf, 0x80, 0x0,
    0xe1, 0xe7, 0xb0, 0x0, 0x0, 0xf, 0xfe, 0x1f,
    0xff, 0xf0, 0x7f, 0xf8, 0x7f, 0xff, 0xc1, 0xff,
    0x1, 0xff, 0xff, 0x7, 0xc0, 0x7, 0x0, 0x1c,
    0x0, 0x0, 0x1c, 0x0, 0x70, 0x0, 0x0, 0x70,
    0x1, 0xc0, 0x0, 0x1, 0xc0, 0x7, 0x0, 0x0,
    0x67, 0x0, 0x1c, 0x0, 0x1f, 0x9c, 0x0, 0x70,
    0xf, 0xfe, 0x70, 0x1, 0xc3, 0xff, 0xf9, 0xc0,
    0x7, 0xf, 0xff, 0x7, 0xff, 0xfc, 0x3f, 0x80,
    0x1f, 0xff, 0xf0, 0xc0, 0x0, 0x7f, 0xff, 0xc0,
    0x0, 0x1, 0xc0, 0x7, 0x0, 0x0, 0x7, 0x0,
    0x1c, 0x0,

    /* U+7F51 "网" */
    0xff, 0xff, 0xff, 0xff, 0xff, 0xff, 0xff, 0xff,
    0xff, 0xff, 0xff, 0xff, 0xfc, 0x0, 0x0, 0x0,
    0x7e, 0x0, 0x0, 0x0, 0x3f, 0x0, 0x0, 0x0,
    0x1f, 0x80, 0xe, 0x0, 0x8f, 0xc6, 0x7, 0x0,
    0xf7, 0xe7, 0x7, 0x0, 0x73, 0xf3, 0xc3, 0x98,
    0x39, 0xf8, 0xf1, 0xde, 0x3c, 0xfc, 0x39, 0xc7,
    0x1c, 0x7e, 0x1e, 0xe3, 0xce, 0x3f, 0x7, 0xf0,
    0xff, 0x1f, 0x83, 0xf0, 0x3f, 0xf, 0xc0, 0xf8,
    0x1f, 0x87, 0xe0, 0x78, 0x7, 0x83, 0xf0, 0x1c,
    0x3, 0xc1, 0xf8, 0x1f, 0x1, 0xe0, 0xfc, 0xf,
    0x81, 0xf8, 0x7e, 0xf, 0xe0, 0xfc, 0x3f, 0x7,
    0x70, 0xff, 0x1f, 0x87, 0xbc, 0x73, 0x8f, 0xc7,
    0x8e, 0x79, 0xe7, 0xe3, 0xc7, 0x78, 0x73, 0xf3,
    0xc2, 0x3c, 0x3d, 0xf9, 0xc0, 0x3c, 0xe, 0xfd,
    0xe0, 0x3c, 0x6, 0x7e, 0xe0, 0x1e, 0x0, 0x3f,
    0x0, 0xe, 0x0, 0x1f, 0x80, 0x0, 0x0, 0xf,
    0xc0, 0x0, 0x0, 0xf, 0xe0, 0x0, 0x1, 0xff,
    0xf0, 0x0, 0x0, 0xff, 0xb8, 0x0, 0x0, 0x7f,
    0x9c, 0x0, 0x0, 0x0, 0x0,

    /* U+8DEF "路" */
    0x0, 0x0, 0x1, 0x80, 0x0, 0x0, 0x0, 0x7,
    0x80, 0x0, 0x0, 0x0, 0xe, 0x0, 0x0, 0xff,
    0xf0, 0x3c, 0x0, 0x1, 0xff, 0xe0, 0x7f, 0xff,
    0x3, 0xff, 0xc1, 0xff, 0xfe, 0x7, 0x3, 0x83,
    0xff, 0xfc, 0xe, 0x7, 0xf, 0x0, 0x38, 0x1c,
    0xe, 0x3e, 0x0, 0xe0, 0x38, 0x1c, 0xfe, 0x3,
    0xc0, 0x70, 0x3b, 0xde, 0x7, 0x0, 0xe0, 0x73,
    0x1e, 0x1e, 0x1, 0xff, 0xe0, 0x1e, 0xf8, 0x3,
    0xff, 0xc0, 0x3f, 0xe0, 0x7, 0xff, 0x80, 0x3f,
    0x80, 0x0, 0x38, 0x0, 0x7f, 0x0, 0x0, 0x70,
    0x1, 0xff, 0x0, 0x0, 0xe0, 0xf, 0xdf, 0xc0,
    0x71, 0xc0, 0x7f, 0x1f, 0xe0, 0xe3, 0x83, 0xf8,
    0xf, 0xf1, 0xc7, 0x7, 0xc0, 0x7, 0xe3, 0x8f,
    0xee, 0x0, 0x1, 0xc7, 0x1f, 0xd0, 0x0, 0x0,
    0xe, 0x3f, 0x8f, 0xff, 0xf8, 0x1c, 0x7f, 0x1f,
    0xff, 0xf0, 0x38, 0xe0, 0x3f, 0xff, 0xe0, 0x71,
    0xc0, 0x70, 0x1, 0xc0, 0xe3, 0x80, 0xe0, 0x3,
    0x81, 0xc7, 0x1, 0xc0, 0x7, 0x3, 0x8e, 0x3,
    0x80, 0xe, 0x7, 0x1c, 0x7, 0x0, 0x1c, 0xe,
    0x3b, 0x8e, 0x0, 0x38, 0x1c, 0xff, 0x1c, 0x0,
    0x70, 0x3f, 0xfe, 0x3f, 0xff, 0xe1, 0xff, 0xf0,
    0x7f, 0xff, 0xc3, 0xfc, 0x0, 0xff, 0xff, 0x87,
    0x0, 0x1, 0xc0, 0x7, 0x0, 0x0, 0x3, 0x80,
    0xe, 0x0,

    /* U+8FDE "连" */
    0x0, 0x0, 0x6, 0x0, 0x0, 0x0, 0x0, 0xe,
    0x0, 0x0, 0x60, 0x0, 0x3c, 0x0, 0x1, 0xe0,
    0x0, 0x78, 0x0, 0x1, 0xe0, 0x0, 0xe0, 0x0,
    0x1, 0xe1, 0xff, 0xff, 0xff, 0x81, 0xe3, 0xff,
    0xff, 0xff, 0x3, 0xe7, 0xff, 0xff, 0xfe, 0x3,
    0xc0, 0x38, 0x0, 0x0, 0x3, 0xc0, 0xf0, 0x0,
    0x0, 0x3, 0x1, 0xe0, 0x0, 0x0, 0x0, 0x7,
    0x87, 0x0, 0x0, 0x0, 0xf, 0xe, 0x0, 0x0,
    0x0, 0x3c, 0x1c, 0x0, 0x0, 0x0, 0x78, 0x38,
    0x0, 0x7f, 0xc1, 0xe0, 0x70, 0x0, 0xff, 0x83,
    0xff, 0xff, 0xf9, 0xff, 0x7, 0xff, 0xff, 0xf3,
    0xfe, 0xf, 0xff, 0xff, 0xe0, 0x1c, 0x0, 0x7,
    0x0, 0x0, 0x38, 0x0, 0xe, 0x0, 0x0, 0x70,
    0x0, 0x1c, 0x0, 0x0, 0xe0, 0x0, 0x38, 0x0,
    0x1, 0xc0, 0x0, 0x70, 0x0, 0x3, 0x8f, 0xff,
    0xff, 0xfc, 0x7, 0x1f, 0xff, 0xff, 0xf8, 0xe,
    0x3f, 0xff, 0xff, 0xf0, 0x1c, 0x0, 0x7, 0x0,
    0x0, 0x38, 0x0, 0xe, 0x0, 0x0, 0x70, 0x0,
    0x1c, 0x0, 0x1, 0xf0, 0x0, 0x38, 0x0, 0x7,
    0xf0, 0x0, 0x70, 0x0, 0x1e, 0xf8, 0x0, 0xe0,
    0x0, 0x78, 0xf8, 0x0, 0x0, 0x1, 0xf0, 0xff,
    0x0, 0x0, 0x7, 0xc0, 0xff, 0xff, 0xff, 0xf7,
    0x0, 0x7f, 0xff, 0xff, 0xec, 0x0, 0x3f, 0xff,
    0xff, 0x80, 0x0, 0x0, 0x0, 0x0, 0x0,

    /* U+9023 "連" */
    0x0, 0x0, 0x0, 0xe0, 0x0, 0x30, 0x0, 0x1,
    0xc0, 0x0, 0xf0, 0x0, 0x3, 0x80, 0x1, 0xe0,
    0x0, 0x7, 0x0, 0x1, 0xe0, 0x3f, 0xff, 0xff,
    0x81, 0xe0, 0x7f, 0xff, 0xff, 0x1, 0xe0, 0xff,
    0xff, 0xfe, 0x3, 0xe0, 0x0, 0x70, 0x0, 0x3,
    0xc0, 0x0, 0xe0, 0x0, 0x3, 0x0, 0x1, 0xc0,
    0x0, 0x0, 0x7, 0xff, 0xff, 0xc0, 0x0, 0xf,
    0xff, 0xff, 0x80, 0x0, 0x1c, 0xe, 0x7, 0x0,
    0x0, 0x38, 0x1c, 0xe, 0x3f, 0xe0, 0x70, 0x38,
    0x1c, 0x7f, 0xc0, 0xff, 0xff, 0xf8, 0xff, 0x81,
    0xff, 0xff, 0xf0, 0x7, 0x3, 0x81, 0xc0, 0xe0,
    0xe, 0x7, 0x3, 0x81, 0xc0, 0x1c, 0xe, 0x7,
    0x3, 0x80, 0x38, 0x1f, 0xff, 0xff, 0x0, 0x70,
    0x3f, 0xff, 0xfe, 0x0, 0xe0, 0x7f, 0xff, 0xfc,
    0x1, 0xc0, 0x0, 0x70, 0x0, 0x3, 0x80, 0x0,
    0xe0, 0x0, 0x7, 0x0, 0x1, 0xc0, 0x0, 0xe,
    0x1f, 0xff, 0xff, 0xf0, 0x1c, 0x3f, 0xff, 0xff,
    0xe0, 0x38, 0x7f, 0xff, 0xff, 0xc0, 0xf8, 0x0,
    0x1c, 0x0, 0x3, 0xf8, 0x0, 0x38, 0x0, 0xf,
    0xf8, 0x0, 0x70, 0x0, 0x3e, 0xf8, 0x0, 0xe0,
    0x0, 0xf8, 0x7e, 0x0, 0x0, 0x3, 0xe0, 0x7f,
    0xff, 0xff, 0xf3, 0x80, 0x7f, 0xff, 0xff, 0xe2,
    0x0, 0x1f, 0xff, 0xff, 0xc0,

    /* U+ACB0 "결" */
    0x0, 0x0, 0x0, 0x7, 0x0, 0x0, 0x0, 0x3,
    0x87, 0xff, 0xfc, 0x1, 0xc3, 0xff, 0xfe, 0x0,
    0xe0, 0x0, 0x7, 0x0, 0x70, 0x0, 0x7, 0x0,
    0x38, 0x0, 0x3, 0x9f, 0xfc, 0x0, 0x3, 0xcf,
    0xfe, 0x0, 0x1, 0xc0, 0x7, 0x0, 0x1, 0xe0,
    0x3, 0x80, 0x0, 0xe0, 0x1, 0xc0, 0x0, 0xe0,
    0x0, 0xe0, 0x0, 0xf0, 0x0, 0x70, 0x0, 0xf0,
    0x0, 0x38, 0x0, 0xf0, 0x3f, 0xfc, 0x1, 0xf0,
    0x1f, 0xfe, 0x1, 0xf0, 0x0, 0x7, 0x3, 0xf0,
    0x0, 0x3, 0x87, 0xe0, 0x0, 0x1, 0xdf, 0xc0,
    0x0, 0x0, 0xe7, 0x80, 0x0, 0x0, 0x1, 0x0,
    0x0, 0x0, 0x0, 0x0, 0x0, 0x0, 0x0, 0x1,
    0xff, 0xff, 0xfe, 0x0, 0xff, 0xff, 0xff, 0x0,
    0x0, 0x0, 0x3, 0x80, 0x0, 0x0, 0x1, 0xc0,
    0x0, 0x0, 0x0, 0xe0, 0x0, 0x0, 0x0, 0x70,
    0x7, 0xff, 0xff, 0xf8, 0x3, 0xff, 0xff, 0xfc,
    0x1, 0xc0, 0x0, 0x0, 0x0, 0xe0, 0x0, 0x0,
    0x0, 0x70, 0x0, 0x0, 0x0, 0x38, 0x0, 0x0,
    0x0, 0x1c, 0x0, 0x0, 0x0, 0xf, 0xff, 0xff,
    0xf8, 0x7, 0xff, 0xff, 0xfc,

    /* U+B124 "네" */
    0x0, 0x0, 0x0, 0xe, 0x0, 0x0, 0x1c, 0x1c,
    0x0, 0x0, 0x38, 0x3f, 0x0, 0x0, 0x70, 0x7e,
    0x0, 0x0, 0xe0, 0xfc, 0x0, 0x1, 0xc1, 0xf8,
    0x0, 0x3, 0x83, 0xf0, 0x0, 0x7, 0x7, 0xe0,
    0x0, 0xe, 0xf, 0xc0, 0x0, 0x1c, 0x1f, 0x80,
    0x0, 0x38, 0x3f, 0x0, 0x0, 0x70, 0x7e, 0x0,
    0x0, 0xe0, 0xfc, 0x3, 0xff, 0xc1, 0xf8, 0x7,
    0xff, 0x83, 0xf0, 0x0, 0x7, 0x7, 0xe0, 0x0,
    0xe, 0xf, 0xc0, 0x0, 0x1c, 0x1f, 0x80, 0x0,
    0x38, 0x3f, 0x0, 0x0, 0x70, 0x7e, 0x0, 0x0,
    0xe0, 0xfc, 0x0, 0x1, 0xc1, 0xf8, 0x0, 0x3,
    0x83, 0xf0, 0x0, 0x7, 0x7, 0xe0, 0x0, 0xe,
    0xf, 0xff, 0xff, 0x1c, 0x1f, 0xff, 0xfe, 0x38,
    0x3f, 0xff, 0xe0, 0x70, 0x70, 0x0, 0x0, 0xe0,
    0xe0, 0x0, 0x1, 0xc1, 0xc0, 0x0, 0x3, 0x83,
    0x80, 0x0, 0x7, 0x7, 0x0, 0x0, 0xe, 0xe,
    0x0, 0x0, 0x1c, 0x1c, 0x0, 0x0, 0x38, 0x38,
    0x0, 0x0, 0x70, 0x70, 0x0, 0x0, 0xe0, 0xe0,
    0x0, 0x1, 0xc1, 0xc0, 0x0, 0x0, 0x3, 0x80,

    /* U+B370 "데" */
    0x0, 0x0, 0x0, 0x1c, 0x0, 0x0, 0x38, 0x70,
    0x0, 0x0, 0xe1, 0xff, 0xff, 0x83, 0x87, 0xff,
    0xfe, 0xe, 0x1f, 0xff, 0xf8, 0x38, 0x7e, 0x0,
    0x0, 0xe1, 0xf8, 0x0, 0x3, 0x87, 0xe0, 0x0,
    0xe, 0x1f, 0x80, 0x0, 0x38, 0x7e, 0x0, 0x0,
    0xe1, 0xf8, 0x0, 0x3, 0x87, 0xe0, 0x0, 0xe,
    0x1f, 0x80, 0x0, 0x38, 0x7e, 0x0, 0xff, 0xe1,
    0xf8, 0x3, 0xff, 0x87, 0xe0, 0xf, 0xfe, 0x1f,
    0x80, 0x0, 0x38, 0x7e, 0x0, 0x0, 0xe1, 0xf8,
    0x0, 0x3, 0x87, 0xe0, 0x0, 0xe, 0x1f, 0x80,
    0x0, 0x38, 0x7e, 0x0, 0x0, 0xe1, 0xf8, 0x0,
    0x3, 0x87, 0xe0, 0x0, 0xe, 0x1f, 0x80, 0x0,
    0x38, 0x7f, 0xff, 0xf0, 0xe1, 0xff, 0xff, 0xc3,
    0x87, 0xff, 0xf8, 0xe, 0x1c, 0x0, 0x0, 0x38,
    0x70, 0x0, 0x0, 0xe1, 0xc0, 0x0, 0x3, 0x87,
    0x0, 0x0, 0xe, 0x1c, 0x0, 0x0, 0x38, 0x70,
    0x0, 0x0, 0xe1, 0xc0, 0x0, 0x3, 0x87, 0x0,
    0x0, 0xe, 0x1c, 0x0, 0x0, 0x38, 0x70, 0x0,
    0x0, 0x1, 0xc0,

    /* U+B418 "되" */
    0x0, 0x0, 0x0, 0x7, 0x0, 0x0, 0x0, 0x7,
    0x0, 0x0, 0x0, 0x7, 0x0, 0x0, 0x0, 0x7,
    0x1f, 0xff, 0xfe, 0x7, 0x1f, 0xff, 0xfe, 0x7,
    0x1c, 0x0, 0x0, 0x7, 0x1c, 0x0, 0x0, 0x7,
    0x1c, 0x0, 0x0, 0x7, 0x1c, 0x0, 0x0, 0x7,
    0x1c, 0x0, 0x0, 0x7, 0x1c, 0x0, 0x0, 0x7,
    0x1c, 0x0, 0x0, 0x7, 0x1c, 0x0, 0x0, 0x7,
    0x1c, 0x0, 0x0, 0x7, 0x1c, 0x0, 0x0, 0x7,
    0x1c, 0x0, 0x0, 0x7, 0x1f, 0xff, 0xfe, 0x7,
    0x1f, 0xff, 0xfe, 0x7, 0x1f, 0xff, 0xfe, 0x7,
    0x0, 0xe, 0x0, 0x7, 0x0, 0xe, 0x0, 0x7,
    0x0, 0xe, 0x0, 0x7, 0x0, 0xe, 0x0, 0x7,
    0x0, 0xe, 0x0, 0x7, 0x0, 0xe, 0x0, 0x7,
    0x0, 0xe, 0x0, 0x7, 0x0, 0xe, 0x0, 0x7,
    0x0, 0xe, 0x0, 0x7, 0xff, 0xff, 0xff, 0xc7,
    0xff, 0xff, 0xff, 0xc7, 0xff, 0xff, 0xff, 0x7,
    0x0, 0x0, 0x0, 0x7, 0x0, 0x0, 0x0, 0x7,
    0x0, 0x0, 0x0, 0x7, 0x0, 0x0, 0x0, 0x7,
    0x0, 0x0, 0x0, 0x7, 0x0, 0x0, 0x0, 0x7,
    0x0, 0x0, 0x0, 0x7,

    /* U+B97C "를" */
    0x3, 0xff, 0xff, 0xfe, 0x0, 0x1f, 0xff, 0xff,
    0xf0, 0x0, 0x0, 0x0, 0x3, 0x80, 0x0, 0x0,
    0x0, 0x1c, 0x0, 0x0, 0x0, 0x0, 0xe0, 0x0,
    0x0, 0x0, 0x7, 0x0, 0xf, 0xff, 0xff, 0xf8,
    0x0, 0x7f, 0xff, 0xff, 0xc0, 0x3, 0x80, 0x0,
    0x0, 0x0, 0x1c, 0x0, 0x0, 0x0, 0x0, 0xe0,
    0x0, 0x0, 0x0, 0x7, 0x0, 0x0, 0x0, 0x0,
    0x3f, 0xff, 0xff, 0xf0, 0x1, 0xff, 0xff, 0xff,
    0x80, 0x0, 0x0, 0x0, 0x0, 0x0, 0x0, 0x0,
    0x0, 0x0, 0x0, 0x0, 0x0, 0x0, 0x7, 0xff,
    0xff, 0xff, 0xff, 0xff, 0xff, 0xff, 0xff, 0xfe,
    0x0, 0x0, 0x0, 0x0, 0x0, 0x0, 0x0, 0x0,
    0x0, 0x0, 0x0, 0x0, 0x0, 0x0, 0x0, 0x0,
    0x0, 0x0, 0x0, 0x7f, 0xff, 0xff, 0xc0, 0x3,
    0xff, 0xff, 0xfe, 0x0, 0x0, 0x0, 0x0, 0x70,
    0x0, 0x0, 0x0, 0x3, 0x80, 0x0, 0x0, 0x0,
    0x1c, 0x0, 0x0, 0x0, 0x0, 0xe0, 0x1, 0xff,
    0xff, 0xff, 0x0, 0xf, 0xff, 0xff, 0xf8, 0x0,
    0x70, 0x0, 0x0, 0x0, 0x3, 0x80, 0x0, 0x0,
    0x0, 0x1c, 0x0, 0x0, 0x0, 0x0, 0xe0, 0x0,
    0x0, 0x0, 0x7, 0xff, 0xff, 0xfe, 0x0, 0x3f,
    0xff, 0xff, 0xf0, 0x0,

    /* U+BC84 "버" */
    0x0, 0x0, 0x0, 0x1c, 0x0, 0x0, 0x0, 0x70,
    0x0, 0x0, 0x1, 0xf8, 0x0, 0x38, 0x7, 0xe0,
    0x0, 0xe0, 0x1f, 0x80, 0x3, 0x80, 0x7e, 0x0,
    0xe, 0x1, 0xf8, 0x0, 0x38, 0x7, 0xe0, 0x0,
    0xe0, 0x1f, 0x80, 0x3, 0x80, 0x7e, 0x0, 0xe,
    0x1, 0xf8, 0x0, 0x38, 0x7, 0xe0, 0x0, 0xe0,
    0x1f, 0xff, 0xff, 0x80, 0x7f, 0xff, 0xff, 0xff,
    0xff, 0xff, 0xff, 0xff, 0xe0, 0x0, 0xff, 0xff,
    0x80, 0x3, 0x80, 0x7e, 0x0, 0xe, 0x1, 0xf8,
    0x0, 0x38, 0x7, 0xe0, 0x0, 0xe0, 0x1f, 0x80,
    0x3, 0x80, 0x7e, 0x0, 0xe, 0x1, 0xf8, 0x0,
    0x38, 0x7, 0xe0, 0x0, 0xe0, 0x1f, 0x80, 0x3,
    0x80, 0x7f, 0xff, 0xfe, 0x1, 0xff, 0xff, 0xf8,
    0x7, 0x0, 0x0, 0x0, 0x1c, 0x0, 0x0, 0x0,
    0x70, 0x0, 0x0, 0x1, 0xc0, 0x0, 0x0, 0x7,
    0x0, 0x0, 0x0, 0x1c, 0x0, 0x0, 0x0, 0x70,
    0x0, 0x0, 0x1, 0xc0, 0x0, 0x0, 0x7, 0x0,
    0x0, 0x0, 0x1c, 0x0, 0x0, 0x0, 0x70, 0x0,
    0x0, 0x1, 0xc0,

    /* U+C0AC "사" */
    0x0, 0x0, 0x0, 0xe, 0x0, 0x0, 0x0, 0x0,
    0x38, 0x0, 0x0, 0x0, 0x0, 0xe0, 0x0, 0x7,
    0x0, 0x3, 0x80, 0x0, 0x1c, 0x0, 0xe, 0x0,
    0x0, 0x70, 0x0, 0x38, 0x0, 0x1, 0xc0, 0x0,
    0xe0, 0x0, 0x7, 0x0, 0x3, 0x80, 0x0, 0x1c,
    0x0, 0xe, 0x0, 0x0, 0x70, 0x0, 0x38, 0x0,
    0x1, 0xc0, 0x0, 0xe0, 0x0, 0x7, 0x0, 0x3,
    0x80, 0x0, 0x1c, 0x0, 0xe, 0x0, 0x0, 0xf8,
    0x0, 0x38, 0x0, 0x3, 0xe0, 0x0, 0xe0, 0x0,
    0xf, 0x80, 0x3, 0x80, 0x0, 0x77, 0x0, 0xf,
    0xfc, 0x1, 0xdc, 0x0, 0x3f, 0xf0, 0x7, 0x78,
    0x0, 0xff, 0xc0, 0x38, 0xe0, 0x3, 0x80, 0x1,
    0xe1, 0xc0, 0xe, 0x0, 0x7, 0x7, 0x80, 0x38,
    0x0, 0x38, 0xe, 0x0, 0xe0, 0x1, 0xe0, 0x1c,
    0x3, 0x80, 0xf, 0x0, 0x78, 0xe, 0x0, 0x78,
    0x0, 0xf8, 0x38, 0x3, 0xc0, 0x1, 0xf0, 0xe0,
    0x3e, 0x0, 0x3, 0xc3, 0x80, 0x70, 0x0, 0x6,
    0xe, 0x0, 0x0, 0x0, 0x0, 0x38, 0x0, 0x0,
    0x0, 0x0, 0xe0, 0x0, 0x0, 0x0, 0x3, 0x80,
    0x0, 0x0, 0x0, 0xe, 0x0, 0x0, 0x0, 0x0,
    0x38, 0x0, 0x0, 0x0, 0x0, 0xe0, 0x0, 0x0,
    0x0, 0x3, 0x80, 0x0, 0x0, 0x0, 0xe, 0x0,
    0x0, 0x0, 0x0, 0x38, 0x0, 0x0, 0x0, 0x0,
    0xe0, 0x0,

    /* U+C0C8 "새" */
    0x0, 0x0, 0x0, 0x3, 0x80, 0x0, 0x0, 0xe1,
    0xc0, 0x0, 0x0, 0x70, 0xe0, 0xe, 0x0, 0x38,
    0x70, 0x7, 0x0, 0x1c, 0x38, 0x3, 0x80, 0xe,
    0x1c, 0x1, 0xc0, 0x7, 0xe, 0x0, 0xe0, 0x3,
    0x87, 0x0, 0x70, 0x1, 0xc3, 0x80, 0x38, 0x0,
    0xe1, 0xc0, 0x1c, 0x0, 0x70, 0xe0, 0xe, 0x0,
    0x38, 0x70, 0x7, 0x0, 0x1c, 0x38, 0x3, 0x80,
    0xe, 0x1c, 0x1, 0xc0, 0x7, 0xe, 0x1, 0xf0,
    0x3, 0x87, 0x0, 0xf8, 0x1, 0xc3, 0x80, 0x7c,
    0x0, 0xff, 0xc0, 0x77, 0x0, 0x7f, 0xe0, 0x3b,
    0x80, 0x3f, 0xf0, 0x39, 0xe0, 0x1c, 0x38, 0x1c,
    0x70, 0xe, 0x1c, 0x1c, 0x3c, 0x7, 0xe, 0xe,
    0xe, 0x3, 0x87, 0xe, 0x3, 0x81, 0xc3, 0x8f,
    0x1, 0xe0, 0xe1, 0xcf, 0x0, 0x78, 0x70, 0xef,
    0x0, 0x1e, 0x38, 0x7f, 0x0, 0x7, 0x1c, 0x3b,
    0x0, 0x1, 0xe, 0x1c, 0x0, 0x0, 0x7, 0xe,
    0x0, 0x0, 0x3, 0x87, 0x0, 0x0, 0x1, 0xc3,
    0x80, 0x0, 0x0, 0xe1, 0xc0, 0x0, 0x0, 0x70,
    0xe0, 0x0, 0x0, 0x38, 0x70, 0x0, 0x0, 0x1c,
    0x38, 0x0, 0x0, 0xe, 0x1c, 0x0, 0x0, 0x0,
    0xe,

    /* U+C218 "수" */
    0x0, 0x0, 0x70, 0x0, 0x0, 0x0, 0x3, 0x80,
    0x0, 0x0, 0x0, 0x1c, 0x0, 0x0, 0x0, 0x0,
    0xe0, 0x0, 0x0, 0x0, 0xf, 0x80, 0x0, 0x0,
    0x0, 0x7c, 0x0, 0x0, 0x0, 0x7, 0xf0, 0x0,
    0x0, 0x0, 0x7b, 0xc0, 0x0, 0x0, 0x7, 0x8f,
    0x0, 0x0, 0x0, 0xf8, 0x3e, 0x0, 0x0, 0xf,
    0x80, 0xf8, 0x0, 0x3, 0xf0, 0x1, 0xf8, 0x1,
    0xfe, 0x0, 0x7, 0xfe, 0x1f, 0xe0, 0x0, 0x7,
    0xf0, 0x78, 0x0, 0x0, 0xf, 0x0, 0x0, 0x0,
    0x0, 0x0, 0x0, 0x0, 0x0, 0x0, 0x0, 0x0,
    0x0, 0x0, 0x0, 0x0, 0x0, 0x0, 0x0, 0x0,
    0x0, 0x0, 0x0, 0x0, 0xf, 0xff, 0xff, 0xff,
    0xff, 0xff, 0xff, 0xff, 0xff, 0xfc, 0x0, 0x1,
    0xc0, 0x0, 0x0, 0x0, 0xe, 0x0, 0x0, 0x0,
    0x0, 0x70, 0x0, 0x0, 0x0, 0x3, 0x80, 0x0,
    0x0, 0x0, 0x1c, 0x0, 0x0, 0x0, 0x0, 0xe0,
    0x0, 0x0, 0x0, 0x7, 0x0, 0x0, 0x0, 0x0,
    0x38, 0x0, 0x0, 0x0, 0x1, 0xc0, 0x0, 0x0,
    0x0, 0xe, 0x0, 0x0, 0x0, 0x0, 0x70, 0x0,
    0x0, 0x0, 0x3, 0x80, 0x0, 0x0, 0x0, 0x1c,
    0x0, 0x0, 0x0, 0x0, 0xe0, 0x0, 0x0, 0x0,
    0x7, 0x0, 0x0, 0x0, 0x0, 0x38, 0x0, 0x0,

    /* U+C54A "않" */
    0x0, 0x0, 0x0, 0x1c, 0x0, 0x7f, 0xe0, 0x1,
    0xc0, 0xf, 0xff, 0x0, 0x1c, 0x1, 0xf0, 0xfc,
    0x1, 0xc0, 0x3c, 0x3, 0xe0, 0x1c, 0x7, 0x80,
    0xe, 0x1, 0xc0, 0x70, 0x0, 0xf0, 0x1c, 0xe,
    0x0, 0x7, 0x1, 0xc0, 0xe0, 0x0, 0x70, 0x1f,
    0xfe, 0x0, 0x7, 0x1, 0xff, 0xe0, 0x0, 0x70,
    0x1f, 0xfe, 0x0, 0x7, 0x1, 0xc0, 0xf0, 0x0,
    0x70, 0x1c, 0x7, 0x0, 0xe, 0x1, 0xc0, 0x78,
    0x1, 0xe0, 0x1c, 0x3, 0xc0, 0x3c, 0x1, 0xc0,
    0x1f, 0xff, 0x80, 0x1c, 0x0, 0xff, 0xf0, 0x1,
    0xc0, 0x1, 0xfc, 0x0, 0x1c, 0x0, 0x0, 0x0,
    0x0, 0x0, 0x0, 0x0, 0x3, 0x80, 0x0, 0x0,
    0x0, 0x38, 0x0, 0x1c, 0x0, 0x3, 0x80, 0x1,
    0xc0, 0x0, 0x38, 0x0, 0x1c, 0x7, 0xff, 0xff,
    0x81, 0xc0, 0x7f, 0xff, 0xf8, 0x1c, 0x0, 0x0,
    0x0, 0x1, 0xc0, 0x0, 0x0, 0x0, 0x1c, 0x0,
    0x1f, 0xe0, 0x1, 0xc0, 0x7, 0xff, 0x80, 0x1c,
    0x0, 0xf0, 0x3c, 0x1, 0xc0, 0x1e, 0x0, 0xe0,
    0x1c, 0x1, 0xc0, 0xe, 0x1, 0xc0, 0x1c, 0x0,
    0xe0, 0x1c, 0x1, 0xe0, 0xe, 0x1, 0xff, 0xcf,
    0x3, 0xc0, 0x1f, 0xfc, 0x7f, 0xf8, 0x0, 0x0,
    0x1, 0xfe, 0x0,

    /* U+C5C5 "업" */
    0x0, 0x60, 0x0, 0x1c, 0x1f, 0xf8, 0x0, 0x70,
    0xff, 0xf0, 0x1, 0xcf, 0xc3, 0xf0, 0x7, 0x3c,
    0x3, 0xc0, 0x1d, 0xe0, 0x7, 0x80, 0x77, 0x0,
    0xe, 0x1, 0xf8, 0x0, 0x3c, 0x7, 0xe0, 0x0,
    0x70, 0x1f, 0x80, 0x1, 0xff, 0xfe, 0x0, 0x7,
    0xff, 0xf8, 0x0, 0x1c, 0x7, 0xe0, 0x0, 0xf0,
    0x1d, 0xc0, 0x3, 0x80, 0x77, 0x0, 0x1e, 0x1,
    0xce, 0x0, 0xf0, 0x7, 0x3f, 0xf, 0xc0, 0x1c,
    0x3f, 0xfc, 0x0, 0x70, 0x7f, 0xe0, 0x1, 0xc0,
    0x0, 0x0, 0x7, 0x0, 0x0, 0x0, 0x0, 0x0,
    0x0, 0x0, 0x0, 0x70, 0x0, 0x1, 0xc1, 0xc0,
    0x0, 0x7, 0x7, 0x0, 0x0, 0x1c, 0x1c, 0x0,
    0x0, 0x70, 0x70, 0x0, 0x1, 0xc1, 0xc0, 0x0,
    0x7, 0x7, 0xff, 0xff, 0xfc, 0x1f, 0xff, 0xff,
    0xf0, 0x70, 0x0, 0x1, 0xc1, 0xc0, 0x0, 0x7,
    0x7, 0x0, 0x0, 0x1c, 0x1c, 0x0, 0x0, 0x70,
    0x70, 0x0, 0x1, 0xc1, 0xc0, 0x0, 0x7, 0x7,
    0xff, 0xff, 0xfc, 0x1f, 0xff, 0xff, 0xf0,

    /* U+C5C6 "없" */
    0x0, 0xe0, 0x0, 0x1c, 0x1, 0xff, 0x80, 0x7,
    0x1, 0xff, 0xf0, 0x1, 0xc0, 0xf8, 0x1f, 0x0,
    0x70, 0x38, 0x1, 0xc0, 0x1c, 0x1c, 0x0, 0x38,
    0x7, 0x7, 0x0, 0xe, 0x1, 0xc3, 0x80, 0x1,
    0xc0, 0x70, 0xe0, 0x0, 0x7f, 0xfc, 0x38, 0x0,
    0x1f, 0xff, 0xe, 0x0, 0x7, 0xff, 0xc3, 0x80,
    0x1, 0xc0, 0x70, 0xf0, 0x0, 0xe0, 0x1c, 0x1c,
    0x0, 0x38, 0x7, 0x7, 0x80, 0x1e, 0x1, 0xc0,
    0xf0, 0xf, 0x0, 0x70, 0x1f, 0xff, 0x80, 0x1c,
    0x3, 0xff, 0x80, 0x7, 0x0, 0x1f, 0x80, 0x1,
    0xc0, 0x0, 0x0, 0x0, 0x70, 0x0, 0x0, 0x0,
    0x0, 0x0, 0x0, 0x0, 0x0, 0x0, 0x0, 0x0,
    0x0, 0x0, 0x70, 0xe, 0x3, 0x80, 0x1c, 0x3,
    0x80, 0xe0, 0x7, 0x0, 0xe0, 0x38, 0x1, 0xc0,
    0x38, 0xe, 0x0, 0x70, 0xe, 0x3, 0x80, 0x1f,
    0xff, 0x80, 0xe0, 0x7, 0xff, 0xe0, 0x7c, 0x1,
    0xc0, 0x38, 0x1f, 0x0, 0x70, 0xe, 0x6, 0xe0,
    0x1c, 0x3, 0x83, 0xb8, 0x7, 0x0, 0xe1, 0xc7,
    0x1, 0xc0, 0x38, 0xe0, 0xe0, 0x70, 0xe, 0x78,
    0x3c, 0x1f, 0xff, 0xbc, 0x7, 0xc7, 0xff, 0xee,
    0x0, 0xe0, 0x0, 0x0, 0x0, 0x10,

    /* U+C5F0 "연" */
    0x0, 0x0, 0x0, 0x1c, 0x0, 0xf0, 0x0, 0x38,
    0x1f, 0xfc, 0x0, 0x70, 0x7f, 0xfc, 0x0, 0xe1,
    0xf0, 0x7c, 0x1, 0xc7, 0x80, 0x3c, 0x3, 0x9e,
    0x0, 0x3f, 0xff, 0x38, 0x0, 0x3f, 0xfe, 0xf0,
    0x0, 0x78, 0x1d, 0xc0, 0x0, 0x70, 0x3b, 0x80,
    0x0, 0xe0, 0x77, 0x0, 0x1, 0xc0, 0xee, 0x0,
    0x3, 0x81, 0xdc, 0x0, 0x7, 0x3, 0xb8, 0x0,
    0xe, 0x7, 0x38, 0x0, 0x38, 0xe, 0x70, 0x0,
    0x7f, 0xfc, 0x70, 0x1, 0xff, 0xf8, 0xf8, 0xf,
    0xff, 0xf0, 0xff, 0xfe, 0x0, 0xe0, 0x7f, 0xf0,
    0x1, 0xc0, 0x3f, 0x80, 0x3, 0x80, 0x0, 0x0,
    0x7, 0x0, 0x0, 0x0, 0xe, 0x0, 0x0, 0x0,
    0x1c, 0x0, 0x0, 0x0, 0x38, 0xe, 0x0, 0x0,
    0x70, 0x1c, 0x0, 0x0, 0xe0, 0x38, 0x0, 0x1,
    0xc0, 0x70, 0x0, 0x0, 0x0, 0xe0, 0x0, 0x0,
    0x1, 0xc0, 0x0, 0x0, 0x3, 0x80, 0x0, 0x0,
    0x7, 0x0, 0x0, 0x0, 0xe, 0x0, 0x0, 0x0,
    0x1f, 0xff, 0xff, 0xf0, 0x3f, 0xff, 0xff, 0xe0,
    0x7f, 0xff, 0xff, 0xc0,

    /* U+C6A9 "용" */
    0x0, 0x7, 0xff, 0x0, 0x0, 0x1, 0xff, 0xff,
    0x0, 0x0, 0x3f, 0x0, 0x7e, 0x0, 0x3, 0xc0,
    0x0, 0x78, 0x0, 0x1c, 0x0, 0x1, 0xc0, 0x1,
    0xc0, 0x0, 0x7, 0x0, 0xe, 0x0, 0x0, 0x38,
    0x0, 0x70, 0x0, 0x1, 0xc0, 0x3, 0x80, 0x0,
    0xe, 0x0, 0x1c, 0x0, 0x0, 0xf0, 0x0, 0xf0,
    0x0, 0x7, 0x80, 0x3, 0xc0, 0x0, 0x78, 0x0,
    0xf, 0xc0, 0x1f, 0x80, 0x0, 0x3f, 0xff, 0xf8,
    0x0, 0x0, 0xff, 0xff, 0x80, 0x0, 0x7, 0x0,
    0x1c, 0x0, 0x0, 0x38, 0x0, 0xe0, 0x0, 0x1,
    0xc0, 0x7, 0x0, 0x0, 0xe, 0x0, 0x38, 0x1,
    0xff, 0xff, 0xff, 0xff, 0xff, 0xff, 0xff, 0xff,
    0xff, 0x80, 0x0, 0x0, 0x0, 0x0, 0x0, 0x0,
    0x0, 0x0, 0x0, 0x0, 0x0, 0x0, 0x0, 0x0,
    0x0, 0x0, 0x0, 0x0, 0x0, 0x3f, 0xf8, 0x0,
    0x0, 0xf, 0xff, 0xf8, 0x0, 0x1, 0xf8, 0x3,
    0xf0, 0x0, 0x1e, 0x0, 0x3, 0xc0, 0x1, 0xe0,
    0x0, 0xf, 0x0, 0xe, 0x0, 0x0, 0x38, 0x0,
    0x70, 0x0, 0x1, 0xc0, 0x3, 0x80, 0x0, 0xe,
    0x0, 0x1c, 0x0, 0x0, 0x70, 0x0, 0xf0, 0x0,
    0x7, 0x80, 0x3, 0xc0, 0x0, 0x78, 0x0, 0xf,
    0xc0, 0x1f, 0x80, 0x0, 0x1f, 0xff, 0xf0, 0x0,
    0x0, 0x1f, 0xfc, 0x0, 0x0,

    /* U+C6CC "워" */
    0x0, 0x0, 0x0, 0x3, 0x80, 0x1f, 0x80, 0x1,
    0xc0, 0x7f, 0xf8, 0x0, 0xe0, 0x7f, 0xfe, 0x0,
    0x70, 0x78, 0x7, 0x80, 0x38, 0x78, 0x1, 0xe0,
    0x1c, 0x78, 0x0, 0x70, 0xe, 0x38, 0x0, 0x1c,
    0x7, 0x1c, 0x0, 0xe, 0x3, 0x8e, 0x0, 0x7,
    0x1, 0xc7, 0x0, 0x3, 0x80, 0xe3, 0x80, 0x1,
    0xc0, 0x70, 0xe0, 0x1, 0xc0, 0x38, 0x78, 0x1,
    0xe0, 0x1c, 0x1f, 0x87, 0xe0, 0xe, 0x7, 0xff,
    0xe0, 0x7, 0x0, 0xff, 0xc0, 0x3, 0x80, 0x0,
    0x0, 0x1, 0xc0, 0x0, 0x0, 0x0, 0xe0, 0x0,
    0x0, 0x0, 0x70, 0x0, 0x0, 0x0, 0x3f, 0xff,
    0xff, 0xff, 0x1f, 0xff, 0xff, 0xff, 0x8f, 0xff,
    0xff, 0xff, 0x7, 0x0, 0xe, 0x0, 0x3, 0x80,
    0x7, 0x0, 0x1, 0xc0, 0x3, 0x80, 0x0, 0xe0,
    0x1, 0xc1, 0xff, 0xf0, 0x0, 0xe0, 0xff, 0xf8,
    0x0, 0x70, 0x7f, 0xfc, 0x0, 0x38, 0x0, 0xe,
    0x0, 0x1c, 0x0, 0x7, 0x0, 0xe, 0x0, 0x3,
    0x80, 0x7, 0x0, 0x1, 0xc0, 0x3, 0x80, 0x0,
    0xe0, 0x1, 0xc0, 0x0, 0x70, 0x0, 0xe0, 0x0,
    0x38, 0x0, 0x70, 0x0, 0x1c, 0x0, 0x0, 0x0,
    0xe,

    /* U+C74C "음" */
    0x0, 0x7, 0xff, 0x0, 0x0, 0x1, 0xff, 0xff,
    0x0, 0x0, 0x1f, 0x0, 0x7c, 0x0, 0x3, 0xe0,
    0x0, 0xf0, 0x0, 0x1c, 0x0, 0x1, 0xc0, 0x1,
    0xe0, 0x0, 0xf, 0x0, 0xe, 0x0, 0x0, 0x38,
    0x0, 0x70, 0x0, 0x1, 0xc0, 0x3, 0x80, 0x0,
    0xe, 0x0, 0x1e, 0x0, 0x0, 0xf0, 0x0, 0x70,
    0x0, 0x7, 0x0, 0x3, 0xe0, 0x0, 0xf0, 0x0,
    0x7, 0xc0, 0x1f, 0x0, 0x0, 0x1f, 0xff, 0xf0,
    0x0, 0x0, 0x1f, 0xfc, 0x0, 0x0, 0x0, 0x0,
    0x0, 0x0, 0x0, 0x0, 0x0, 0x0, 0x0, 0x0,
    0x0, 0x0, 0x0, 0x0, 0x0, 0x0, 0x0, 0x1,
    0xff, 0xff, 0xff, 0xff, 0xff, 0xff, 0xff, 0xff,
    0xff, 0x80, 0x0, 0x0, 0x0, 0x0, 0x0, 0x0,
    0x0, 0x0, 0x0, 0x0, 0x0, 0x0, 0x0, 0x0,
    0x0, 0x0, 0x0, 0x0, 0x1f, 0xff, 0xff, 0xf0,
    0x0, 0xff, 0xff, 0xff, 0x80, 0x7, 0x0, 0x0,
    0x1c, 0x0, 0x38, 0x0, 0x0, 0xe0, 0x1, 0xc0,
    0x0, 0x7, 0x0, 0xe, 0x0, 0x0, 0x38, 0x0,
    0x70, 0x0, 0x1, 0xc0, 0x3, 0x80, 0x0, 0xe,
    0x0, 0x1c, 0x0, 0x0, 0x70, 0x0, 0xe0, 0x0,
    0x3, 0x80, 0x7, 0x0, 0x0, 0x1c, 0x0, 0x3f,
    0xff, 0xff, 0xe0, 0x1, 0xff, 0xff, 0xff, 0x0,

    /* U+C774 "이" */
    0x0, 0x0, 0x0, 0xe, 0x0, 0x0, 0x0, 0x1c,
    0x0, 0x0, 0x0, 0x38, 0x1f, 0xe0, 0x0, 0x70,
    0xff, 0xf0, 0x0, 0xe3, 0xe1, 0xf0, 0x1, 0xcf,
    0x0, 0xf0, 0x3, 0x9c, 0x0, 0xe0, 0x7, 0x78,
    0x1, 0xe0, 0xe, 0xe0, 0x1, 0xc0, 0x1d, 0xc0,
    0x3, 0x80, 0x3f, 0x80, 0x3, 0x80, 0x7e, 0x0,
    0x7, 0x0, 0xfc, 0x0, 0xe, 0x1, 0xf8, 0x0,
    0x1c, 0x3, 0xf0, 0x0, 0x38, 0x7, 0xe0, 0x0,
    0x70, 0xf, 0xc0, 0x0, 0xe0, 0x1f, 0x80, 0x1,
    0xc0, 0x3f, 0x0, 0x3, 0x80, 0x7f, 0x0, 0xf,
    0x0, 0xee, 0x0, 0x1c, 0x1, 0xdc, 0x0, 0x38,
    0x3, 0xbc, 0x0, 0xf0, 0x7, 0x3c, 0x3, 0xc0,
    0xe, 0x3c, 0xf, 0x0, 0x1c, 0x3f, 0xfc, 0x0,
    0x38, 0x3f, 0xf0, 0x0, 0x70, 0x3f, 0x80, 0x0,
    0xe0, 0x0, 0x0, 0x1, 0xc0, 0x0, 0x0, 0x3,
    0x80, 0x0, 0x0, 0x7, 0x0, 0x0, 0x0, 0xe,
    0x0, 0x0, 0x0, 0x1c, 0x0, 0x0, 0x0, 0x38,
    0x0, 0x0, 0x0, 0x70, 0x0, 0x0, 0x0, 0xe0,
    0x0, 0x0, 0x1, 0xc0, 0x0, 0x0, 0x3, 0x80,

    /* U+C788 "있" */
    0x0, 0x0, 0x0, 0x1c, 0x0, 0x3f, 0x0, 0x3,
    0x80, 0x1f, 0xf8, 0x0, 0x70, 0xf, 0xff, 0xc0,
    0xe, 0x3, 0xe0, 0x7c, 0x1, 0xc0, 0xf0, 0x3,
    0xc0, 0x38, 0x1c, 0x0, 0x38, 0x7, 0x7, 0x80,
    0x7, 0x80, 0xe0, 0xe0, 0x0, 0x70, 0x1c, 0x1c,
    0x0, 0xe, 0x3, 0x83, 0x80, 0x1, 0xc0, 0x70,
    0x70, 0x0, 0x38, 0xe, 0xe, 0x0, 0x7, 0x1,
    0xc1, 0xc0, 0x1, 0xe0, 0x38, 0x1c, 0x0, 0x38,
    0x7, 0x3, 0xc0, 0xf, 0x0, 0xe0, 0x3c, 0x3,
    0xc0, 0x1c, 0x3, 0xf3, 0xf0, 0x3, 0x80, 0x3f,
    0xfc, 0x0, 0x70, 0x1, 0xfe, 0x0, 0xe, 0x0,
    0x0, 0x0, 0x1, 0xc0, 0x0, 0x0, 0x0, 0x38,
    0x0, 0x0, 0x0, 0x0, 0x0, 0x0, 0x0, 0x0,
    0x0, 0x0, 0x70, 0x0, 0xe0, 0x0, 0xe, 0x0,
    0x1c, 0x0, 0x1, 0xc0, 0x3, 0x80, 0x0, 0x38,
    0x0, 0x70, 0x0, 0x7, 0x0, 0xe, 0x0, 0x1,
    0xf0, 0x3, 0xe0, 0x0, 0x3e, 0x0, 0x7c, 0x0,
    0xe, 0xe0, 0x1d, 0xc0, 0x1, 0xce, 0x3, 0xb8,
    0x0, 0x71, 0xf0, 0xe3, 0x80, 0x1e, 0xf, 0x3c,
    0x38, 0x7, 0x80, 0x8f, 0x7, 0xc3, 0xe0, 0x7,
    0xc0, 0x7c, 0xf8, 0x1, 0xf0, 0x3, 0x84, 0x0,
    0x18, 0x0, 0x20,

    /* U+C804 "전" */
    0x0, 0x0, 0x0, 0xe, 0x0, 0x0, 0x0, 0xe,
    0x7f, 0xff, 0xf8, 0xe, 0x7f, 0xff, 0xf8, 0xe,
    0x7f, 0xff, 0xf8, 0xe, 0x0, 0x38, 0x0, 0xe,
    0x0, 0x38, 0x0, 0xe, 0x0, 0x38, 0x0, 0xe,
    0x0, 0x78, 0x0, 0xe, 0x0, 0x78, 0x0, 0xe,
    0x0, 0x78, 0x1f, 0xfe, 0x0, 0x7c, 0x1f, 0xfe,
    0x0, 0xfc, 0x1f, 0xfe, 0x0, 0xee, 0x0, 0xe,
    0x1, 0xcf, 0x0, 0xe, 0x3, 0xc7, 0x0, 0xe,
    0x3, 0x83, 0x80, 0xe, 0x7, 0x3, 0xc0, 0xe,
    0xf, 0x1, 0xe0, 0xe, 0x1e, 0x0, 0xf8, 0xe,
    0x7c, 0x0, 0x7c, 0xe, 0xf8, 0x0, 0x18, 0xe,
    0x70, 0x0, 0x0, 0xe, 0x0, 0x0, 0x0, 0xe,
    0x0, 0x0, 0x0, 0xe, 0x0, 0x0, 0x0, 0xe,
    0x1, 0xc0, 0x0, 0xe, 0x1, 0xc0, 0x0, 0xe,
    0x1, 0xc0, 0x0, 0x0, 0x1, 0xc0, 0x0, 0x0,
    0x1, 0xc0, 0x0, 0x0, 0x1, 0xc0, 0x0, 0x0,
    0x1, 0xc0, 0x0, 0x0, 0x1, 0xc0, 0x0, 0x0,
    0x1, 0xc0, 0x0, 0x0, 0x1, 0xc0, 0x0, 0x0,
    0x1, 0xff, 0xff, 0xff, 0x1, 0xff, 0xff, 0xff,

    /* U+C9C0 "지" */
    0x0, 0x0, 0x0, 0x7, 0x0, 0x0, 0x0, 0x7,
    0x0, 0x0, 0x0, 0x7, 0x3f, 0xff, 0xfe, 0x7,
    0x3f, 0xff, 0xfe, 0x7, 0x3f, 0xff, 0xfe, 0x7,
    0x0, 0x1c, 0x0, 0x7, 0x0, 0x1c, 0x0, 0x7,
    0x0, 0x1c, 0x0, 0x7, 0x0, 0x1c, 0x0, 0x7,
    0x0, 0x1c, 0x0, 0x7, 0x0, 0x1c, 0x0, 0x7,
    0x0, 0x1c, 0x0, 0x7, 0x0, 0x3c, 0x0, 0x7,
    0x0, 0x3e, 0x0, 0x7, 0x0, 0x3e, 0x0, 0x7,
    0x0, 0x7e, 0x0, 0x7, 0x0, 0x77, 0x0, 0x7,
    0x0, 0x77, 0x0, 0x7, 0x0, 0xe7, 0x80, 0x7,
    0x0, 0xe3, 0xc0, 0x7, 0x1, 0xc1, 0xc0, 0x7,
    0x3, 0xc1, 0xe0, 0x7, 0x7, 0x80, 0xf0, 0x7,
    0xf, 0x0, 0x78, 0x7, 0x1e, 0x0, 0x3c, 0x7,
    0x3c, 0x0, 0x1e, 0x7, 0x7c, 0x0, 0xf, 0x7,
    0x70, 0x0, 0x6, 0x7, 0x20, 0x0, 0x0, 0x7,
    0x0, 0x0, 0x0, 0x7, 0x0, 0x0, 0x0, 0x7,
    0x0, 0x0, 0x0, 0x7, 0x0, 0x0, 0x0, 0x7,
    0x0, 0x0, 0x0, 0x7, 0x0, 0x0, 0x0, 0x7,
    0x0, 0x0, 0x0, 0x7, 0x0, 0x0, 0x0, 0x7,
    0x0, 0x0, 0x0, 0x7,

    /* U+D06C "크" */
    0x7, 0xff, 0xff, 0xfe, 0x0, 0x3f, 0xff, 0xff,
    0xf0, 0x0, 0x0, 0x0, 0x3, 0x80, 0x0, 0x0,
    0x0, 0x1c, 0x0, 0x0, 0x0, 0x0, 0xe0, 0x0,
    0x0, 0x0, 0x7, 0x0, 0x0, 0x0, 0x0, 0x38,
    0x0, 0x0, 0x0, 0x1, 0xc0, 0x0, 0x0, 0x0,
    0xe, 0x0, 0x0, 0x0, 0x0, 0x70, 0x0, 0x0,
    0x0, 0x3, 0x80, 0x3f, 0xff, 0xff, 0xfc, 0x1,
    0xff, 0xff, 0xff, 0xe0, 0x7, 0xff, 0xff, 0xff,
    0x0, 0x0, 0x0, 0x0, 0x38, 0x0, 0x0, 0x0,
    0x1, 0xc0, 0x0, 0x0, 0x0, 0xe, 0x0, 0x0,
    0x0, 0x0, 0x70, 0x0, 0x0, 0x0, 0x3, 0x80,
    0x0, 0x0, 0x0, 0x1c, 0x0, 0x0, 0x0, 0x1,
    0xe0, 0x0, 0x0, 0x0, 0xe, 0x0, 0x0, 0x0,
    0x0, 0x70, 0x0, 0x0, 0x0, 0x3, 0x80, 0x0,
    0x0, 0x0, 0x1c, 0x0, 0x0, 0x0, 0x0, 0xe0,
    0x3f, 0xff, 0xff, 0xff, 0xff, 0xff, 0xff, 0xff,
    0xff, 0xf0,

    /* U+D2B8 "트" */
    0x3, 0xff, 0xff, 0xfe, 0x0, 0x1f, 0xff, 0xff,
    0xf0, 0x0, 0xe0, 0x0, 0x0, 0x0, 0x7, 0x0,
    0x0, 0x0, 0x0, 0x38, 0x0, 0x0, 0x0, 0x1,
    0xc0, 0x0, 0x0, 0x0, 0xe, 0x0, 0x0, 0x0,
    0x0, 0x70, 0x0, 0x0, 0x0, 0x3, 0xff, 0xff,
    0xfc, 0x0, 0x1f, 0xff, 0xff, 0xe0, 0x0, 0xe0,
    0x0, 0x0, 0x0, 0x7, 0x0, 0x0, 0x0, 0x0,
    0x38, 0x0, 0x0, 0x0, 0x1, 0xc0, 0x0, 0x0,
    0x0, 0xe, 0x0, 0x0, 0x0, 0x0, 0x70, 0x0,
    0x0, 0x0, 0x3, 0xff, 0xff, 0xff, 0x0, 0x1f,
    0xff, 0xff, 0xf8, 0x0, 0x0, 0x0, 0x0, 0x0,
    0x0, 0x0, 0x0, 0x0, 0x0, 0x0, 0x0, 0x0,
    0x0, 0x0, 0x0, 0x0, 0x0, 0x0, 0x0, 0x0,
    0x0, 0x0, 0x0, 0x0, 0x0, 0x0, 0x0, 0x0,
    0x0, 0x0, 0x0, 0x0, 0x0, 0x0, 0x0, 0x0,
    0x0, 0x0, 0x0, 0x0, 0x1, 0xff, 0xff, 0xff,
    0xff, 0xff, 0xff, 0xff, 0xff, 0xff, 0x80,

    /* U+D560 "할" */
    0x0, 0x38, 0x0, 0x0, 0x0, 0x3, 0x80, 0x1,
    0xc0, 0x0, 0x38, 0x0, 0x1c, 0x0, 0x3, 0x80,
    0x1, 0xc0, 0x0, 0x38, 0x0, 0x1c, 0xf, 0xff,
    0xff, 0xe1, 0xc0, 0xff, 0xff, 0xfe, 0x1c, 0x0,
    0x0, 0x0, 0x1, 0xc0, 0x0, 0x0, 0x0, 0x1c,
    0x0, 0x0, 0x0, 0x1, 0xc0, 0x3, 0xff, 0x80,
    0x1c, 0x0, 0xff, 0xfe, 0x1, 0xc0, 0x1f, 0x1,
    0xf0, 0x1c, 0x3, 0xc0, 0x7, 0x81, 0xff, 0x38,
    0x0, 0x38, 0x1f, 0xf3, 0x80, 0x3, 0x81, 0xc0,
    0x38, 0x0, 0x38, 0x1c, 0x3, 0x80, 0x3, 0x81,
    0xc0, 0x1c, 0x0, 0x70, 0x1c, 0x1, 0xfc, 0x3f,
    0x1, 0xc0, 0xf, 0xff, 0xc0, 0x1c, 0x0, 0x1f,
    0xf0, 0x1, 0xc0, 0x0, 0x0, 0x0, 0x1c, 0x0,
    0x0, 0x0, 0x0, 0x0, 0x0, 0x0, 0x0, 0x0,
    0x0, 0x3f, 0xff, 0xff, 0xc0, 0x3, 0xff, 0xff,
    0xfc, 0x0, 0x0, 0x0, 0x1, 0xc0, 0x0, 0x0,
    0x0, 0x1c, 0x0, 0x0, 0x0, 0x1, 0xc0, 0x0,
    0x0, 0x0, 0x1c, 0x0, 0x3f, 0xff, 0xff, 0xc0,
    0x3, 0xff, 0xff, 0xfc, 0x0, 0x38, 0x0, 0x0,
    0x0, 0x3, 0x80, 0x0, 0x0, 0x0, 0x38, 0x0,
    0x0, 0x0, 0x3, 0x80, 0x0, 0x0, 0x0, 0x38,
    0x0, 0x0, 0x0, 0x3, 0xff, 0xff, 0xfe, 0x0,
    0x3f, 0xff, 0xff, 0xe0,

    /* U+F00C "" */
    0x0, 0x0, 0x0, 0x0, 0x1e, 0x0, 0x0, 0x0,
    0x0, 0xf, 0xc0, 0x0, 0x0, 0x0, 0x7, 0xf8,
    0x0, 0x0, 0x0, 0x3, 0xff, 0x0, 0x0, 0x0,
    0x1, 0xff, 0xc0, 0x0, 0x0, 0x0, 0xff, 0xf0,
    0x0, 0x0, 0x0, 0x7f, 0xf8, 0x0, 0x0, 0x0,
    0x3f, 0xfc, 0x0, 0x0, 0x0, 0x1f, 0xfe, 0x0,
    0x0, 0x0, 0xf, 0xff, 0x0, 0xc0, 0x0, 0x7,
    0xff, 0x80, 0x78, 0x0, 0x3, 0xff, 0xc0, 0x3f,
    0x0, 0x1, 0xff, 0xe0, 0x1f, 0xe0, 0x0, 0xff,
    0xf0, 0xf, 0xfc, 0x0, 0x7f, 0xf8, 0x3, 0xff,
    0x80, 0x3f, 0xfc, 0x0, 0xff, 0xf0, 0x1f, 0xfe,
    0x0, 0x1f, 0xfe, 0xf, 0xff, 0x0, 0x3, 0xff,
    0xc7, 0xff, 0x80, 0x0, 0x7f, 0xfb, 0xff, 0xc0,
    0x0, 0xf, 0xff, 0xff, 0xe0, 0x0, 0x1, 0xff,
    0xff, 0xf0, 0x0, 0x0, 0x3f, 0xff, 0xf8, 0x0,
    0x0, 0x7, 0xff, 0xfc, 0x0, 0x0, 0x0, 0xff,
    0xfe, 0x0, 0x0, 0x0, 0x1f, 0xff, 0x0, 0x0,
    0x0, 0x3, 0xff, 0x80, 0x0, 0x0, 0x0, 0x7f,
    0xc0, 0x0, 0x0, 0x0, 0xf, 0xe0, 0x0, 0x0,
    0x0, 0x0, 0xf0, 0x0, 0x0, 0x0, 0x0, 0x18,
    0x0, 0x0, 0x0,

    /* U+F00D "" */
    0x1c, 0x0, 0x1, 0xc1, 0xf0, 0x0, 0x1f, 0x1f,
    0xc0, 0x1, 0xfd, 0xff, 0x0, 0x1f, 0xff, 0xfc,
    0x1, 0xff, 0xff, 0xf0, 0x1f, 0xfd, 0xff, 0xc1,
    0xff, 0xc7, 0xff, 0x1f, 0xfc, 0x1f, 0xfd, 0xff,
    0xc0, 0x7f, 0xff, 0xfc, 0x1, 0xff, 0xff, 0xc0,
    0x7, 0xff, 0xfc, 0x0, 0x1f, 0xff, 0xc0, 0x0,
    0x7f, 0xfc, 0x0, 0x1, 0xff, 0xc0, 0x0, 0x1f,
    0xff, 0x0, 0x1, 0xff, 0xfc, 0x0, 0x1f, 0xff,
    0xf0, 0x1, 0xff, 0xff, 0xc0, 0x1f, 0xff, 0xff,
    0x1, 0xff, 0xdf, 0xfc, 0x1f, 0xfc, 0x7f, 0xf1,
    0xff, 0xc1, 0xff, 0xdf, 0xfc, 0x7, 0xff, 0xff,
    0xc0, 0x1f, 0xff, 0xfc, 0x0, 0x7f, 0xdf, 0xc0,
    0x1, 0xfc, 0x7c, 0x0, 0x7, 0xc1, 0xc0, 0x0,
    0x1c, 0x0
};


/*---------------------
 *  GLYPH DESCRIPTION
 *--------------------*/

static const lv_font_fmt_txt_glyph_dsc_t glyph_dsc[] = {
    {.bitmap_index = 0, .adv_w = 0, .box_w = 0, .box_h = 0, .ofs_x = 0, .ofs_y = 0} /* id = 0 reserved */,
    {.bitmap_index = 0, .adv_w = 181, .box_w = 1, .box_h = 1, .ofs_x = 0, .ofs_y = 0},
    {.bitmap_index = 1, .adv_w = 158, .box_w = 5, .box_h = 32, .ofs_x = 3, .ofs_y = 0},
    {.bitmap_index = 21, .adv_w = 230, .box_w = 10, .box_h = 10, .ofs_x = 2, .ofs_y = 23},
    {.bitmap_index = 34, .adv_w = 433, .box_w = 26, .box_h = 30, .ofs_x = 1, .ofs_y = 0},
    {.bitmap_index = 132, .adv_w = 383, .box_w = 21, .box_h = 42, .ofs_x = 1, .ofs_y = -6},
    {.bitmap_index = 243, .adv_w = 518, .box_w = 31, .box_h = 31, .ofs_x = 1, .ofs_y = 0},
    {.bitmap_index = 364, .adv_w = 474, .box_w = 29, .box_h = 32, .ofs_x = 2, .ofs_y = 0},
    {.bitmap_index = 480, .adv_w = 126, .box_w = 3, .box_h = 10, .ofs_x = 2, .ofs_y = 23},
    {.bitmap_index = 484, .adv_w = 231, .box_w = 11, .box_h = 39, .ofs_x = 3, .ofs_y = -5},
    {.bitmap_index = 538, .adv_w = 231, .box_w = 11, .box_h = 39, .ofs_x = 1, .ofs_y = -5},
    {.bitmap_index = 592, .adv_w = 289, .box_w = 16, .box_h = 15, .ofs_x = 1, .ofs_y = 15},
    {.bitmap_index = 622, .adv_w = 383, .box_w = 20, .box_h = 19, .ofs_x = 2, .ofs_y = 5},
    {.bitmap_index = 670, .adv_w = 162, .box_w = 5, .box_h = 11, .ofs_x = 3, .ofs_y = -6},
    {.bitmap_index = 677, .adv_w = 328, .box_w = 15, .box_h = 3, .ofs_x = 3, .ofs_y = 11},
    {.bitmap_index = 683, .adv_w = 155, .box_w = 4, .box_h = 5, .ofs_x = 2, .ofs_y = 0},
    {.bitmap_index = 686, .adv_w = 262, .box_w = 15, .box_h = 30, .ofs_x = 1, .ofs_y = 0},
    {.bitmap_index = 743, .adv_w = 383, .box_w = 20, .box_h = 31, .ofs_x = 2, .ofs_y = 0},
    {.bitmap_index = 821, .adv_w = 383, .box_w = 12, .box_h = 30, .ofs_x = 4, .ofs_y = 0},
    {.bitmap_index = 866, .adv_w = 383, .box_w = 20, .box_h = 31, .ofs_x = 2, .ofs_y = 0},
    {.bitmap_index = 944, .adv_w = 383, .box_w = 20, .box_h = 31, .ofs_x = 2, .ofs_y = 0},
    {.bitmap_index = 1022, .adv_w = 383, .box_w = 22, .box_h = 30, .ofs_x = 2, .ofs_y = 0},
    {.bitmap_index = 1105, .adv_w = 383, .box_w = 19, .box_h = 30, .ofs_x = 3, .ofs_y = 0},
    {.bitmap_index = 1177, .adv_w = 383, .box_w = 20, .box_h = 30, .ofs_x = 2, .ofs_y = 0},
    {.bitmap_index = 1252, .adv_w = 383, .box_w = 19, .box_h = 30, .ofs_x = 2, .ofs_y = 0},
    {.bitmap_index = 1324, .adv_w = 383, .box_w = 20, .box_h = 31, .ofs_x = 2, .ofs_y = 0},
    {.bitmap_index = 1402, .adv_w = 383, .box_w = 20, .box_h = 31, .ofs_x = 2, .ofs_y = 0},
    {.bitmap_index = 1480, .adv_w = 171, .box_w = 5, .box_h = 23, .ofs_x = 3, .ofs_y = 0},
    {.bitmap_index = 1495, .adv_w = 178, .box_w = 6, .box_h = 29, .ofs_x = 2, .ofs_y = -6},
    {.bitmap_index = 1517, .adv_w = 383, .box_w = 20, .box_h = 20, .ofs_x = 2, .ofs_y = 5},
    {.bitmap_index = 1567, .adv_w = 383, .box_w = 20, .box_h = 12, .ofs_x = 2, .ofs_y = 9},
    {.bitmap_index = 1597, .adv_w = 383, .box_w = 20, .box_h = 20, .ofs_x = 2, .ofs_y = 5},
    {.bitmap_index = 1647, .adv_w = 290, .box_w = 18, .box_h = 32, .ofs_x = -1, .ofs_y = 0},
    {.bitmap_index = 1719, .adv_w = 655, .box_w = 38, .box_h = 37, .ofs_x = 2, .ofs_y = -5},
    {.bitmap_index = 1895, .adv_w = 446, .box_w = 28, .box_h = 30, .ofs_x = 0, .ofs_y = 0},
    {.bitmap_index = 2000, .adv_w = 437, .box_w = 22, .box_h = 30, .ofs_x = 4, .ofs_y = 0},
    {.bitmap_index = 2083, .adv_w = 437, .box_w = 24, .box_h = 31, .ofs_x = 2, .ofs_y = 0},
    {.bitmap_index = 2176, .adv_w = 480, .box_w = 24, .box_h = 30, .ofs_x = 4, .ofs_y = 0},
    {.bitmap_index = 2266, .adv_w = 401, .box_w = 20, .box_h = 30, .ofs_x = 4, .ofs_y = 0},
    {.bitmap_index = 2341, .adv_w = 380, .box_w = 19, .box_h = 30, .ofs_x = 4, .ofs_y = 0},
    {.bitmap_index = 2413, .adv_w = 470, .box_w = 25, .box_h = 31, .ofs_x = 2, .ofs_y = 0},
    {.bitmap_index = 2510, .adv_w = 501, .box_w = 24, .box_h = 30, .ofs_x = 4, .ofs_y = 0},
    {.bitmap_index = 2600, .adv_w = 177, .box_w = 4, .box_h = 30, .ofs_x = 4, .ofs_y = 0},
    {.bitmap_index = 2615, .adv_w = 307, .box_w = 16, .box_h = 30, .ofs_x = 0, .ofs_y = 0},
    {.bitmap_index = 2675, .adv_w = 456, .box_w = 25, .box_h = 30, .ofs_x = 4, .ofs_y = 0},
    {.bitmap_index = 2769, .adv_w = 380, .box_w = 19, .box_h = 30, .ofs_x = 4, .ofs_y = 0},
    {.bitmap_index = 2841, .adv_w = 581, .box_w = 29, .box_h = 30, .ofs_x = 4, .ofs_y = 0},
    {.bitmap_index = 2950, .adv_w = 497, .box_w = 24, .box_h = 30, .ofs_x = 4, .ofs_y = 0},
    {.bitmap_index = 3040, .adv_w = 513, .box_w = 28, .box_h = 31, .ofs_x = 2, .ofs_y = 0},
    {.bitmap_index = 3149, .adv_w = 399, .box_w = 20, .box_h = 30, .ofs_x = 4, .ofs_y = 0},
    {.bitmap_index = 3224, .adv_w = 513, .box_w = 30, .box_h = 37, .ofs_x = 2, .ofs_y = -6},
    {.bitmap_index = 3363, .adv_w = 431, .box_w = 23, .box_h = 30, .ofs_x = 4, .ofs_y = 0},
    {.bitmap_index = 3450, .adv_w = 385, .box_w = 22, .box_h = 31, .ofs_x = 1, .ofs_y = 0},
    {.bitmap_index = 3536, .adv_w = 382, .box_w = 23, .box_h = 30, .ofs_x = 1, .ofs_y = 0},
    {.bitmap_index = 3623, .adv_w = 491, .box_w = 24, .box_h = 30, .ofs_x = 3, .ofs_y = 0},
    {.bitmap_index = 3713, .adv_w = 442, .box_w = 27, .box_h = 30, .ofs_x = 0, .ofs_y = 0},
    {.bitmap_index = 3815, .adv_w = 649, .box_w = 40, .box_h = 30, .ofs_x = 0, .ofs_y = 0},
    {.bitmap_index = 3965, .adv_w = 442, .box_w = 27, .box_h = 30, .ofs_x = 0, .ofs_y = 0},
    {.bitmap_index = 4067, .adv_w = 414, .box_w = 26, .box_h = 30, .ofs_x = 0, .ofs_y = 0},
    {.bitmap_index = 4165, .adv_w = 387, .box_w = 22, .box_h = 30, .ofs_x = 1, .ofs_y = 0},
    {.bitmap_index = 4248, .adv_w = 231, .box_w = 10, .box_h = 38, .ofs_x = 4, .ofs_y = -5},
    {.bitmap_index = 4296, .adv_w = 262, .box_w = 15, .box_h = 30, .ofs_x = 1, .ofs_y = 0},
    {.bitmap_index = 4353, .adv_w = 231, .box_w = 11, .box_h = 38, .ofs_x = 0, .ofs_y = -5},
    {.bitmap_index = 4406, .adv_w = 317, .box_w = 18, .box_h = 16, .ofs_x = 1, .ofs_y = 15},
    {.bitmap_index = 4442, .adv_w = 278, .box_w = 17, .box_h = 3, .ofs_x = 0, .ofs_y = -6},
    {.bitmap_index = 4449, .adv_w = 203, .box_w = 7, .box_h = 7, .ofs_x = 3, .ofs_y = 25},
    {.bitmap_index = 4456, .adv_w = 367, .box_w = 18, .box_h = 23, .ofs_x = 2, .ofs_y = 0},
    {.bitmap_index = 4508, .adv_w = 408, .box_w = 20, .box_h = 31, .ofs_x = 3, .ofs_y = 0},
    {.bitmap_index = 4586, .adv_w = 331, .box_w = 18, .box_h = 23, .ofs_x = 2, .ofs_y = 0},
    {.bitmap_index = 4638, .adv_w = 408, .box_w = 20, .box_h = 31, .ofs_x = 2, .ofs_y = 0},
    {.bitmap_index = 4716, .adv_w = 368, .box_w = 20, .box_h = 23, .ofs_x = 2, .ofs_y = 0},
    {.bitmap_index = 4774, .adv_w = 231, .box_w = 15, .box_h = 32, .ofs_x = 1, .ofs_y = 0},
    {.bitmap_index = 4834, .adv_w = 408, .box_w = 20, .box_h = 34, .ofs_x = 2, .ofs_y = -11},
    {.bitmap_index = 4919, .adv_w = 390, .box_w = 18, .box_h = 31, .ofs_x = 3, .ofs_y = 0},
    {.bitmap_index = 4989, .adv_w = 162, .box_w = 5, .box_h = 30, .ofs_x = 3, .ofs_y = 0},
    {.bitmap_index = 5008, .adv_w = 161, .box_w = 13, .box_h = 41, .ofs_x = -5, .ofs_y = -11},
    {.bitmap_index = 5075, .adv_w = 351, .box_w = 19, .box_h = 31, .ofs_x = 3, .ofs_y = 0},
    {.bitmap_index = 5149, .adv_w = 161, .box_w = 4, .box_h = 31, .ofs_x = 3, .ofs_y = 0},
    {.bitmap_index = 5165, .adv_w = 574, .box_w = 30, .box_h = 23, .ofs_x = 3, .ofs_y = 0},
    {.bitmap_index = 5252, .adv_w = 390, .box_w = 18, .box_h = 23, .ofs_x = 3, .ofs_y = 0},
    {.bitmap_index = 5304, .adv_w = 397, .box_w = 21, .box_h = 23, .ofs_x = 2, .ofs_y = 0},
    {.bitmap_index = 5365, .adv_w = 408, .box_w = 20, .box_h = 33, .ofs_x = 3, .ofs_y = -10},
    {.bitmap_index = 5448, .adv_w = 408, .box_w = 20, .box_h = 33, .ofs_x = 2, .ofs_y = -10},
    {.bitmap_index = 5531, .adv_w = 251, .box_w = 13, .box_h = 23, .ofs_x = 3, .ofs_y = 0},
    {.bitmap_index = 5569, .adv_w = 306, .box_w = 17, .box_h = 23, .ofs_x = 1, .ofs_y = 0},
    {.bitmap_index = 5618, .adv_w = 247, .box_w = 15, .box_h = 28, .ofs_x = 1, .ofs_y = 0},
    {.bitmap_index = 5671, .adv_w = 390, .box_w = 18, .box_h = 22, .ofs_x = 3, .ofs_y = 0},
    {.bitmap_index = 5721, .adv_w = 346, .box_w = 21, .box_h = 22, .ofs_x = 0, .ofs_y = 0},
    {.bitmap_index = 5779, .adv_w = 523, .box_w = 32, .box_h = 22, .ofs_x = 0, .ofs_y = 0},
    {.bitmap_index = 5867, .adv_w = 334, .box_w = 20, .box_h = 22, .ofs_x = 0, .ofs_y = 0},
    {.bitmap_index = 5922, .adv_w = 349, .box_w = 21, .box_h = 33, .ofs_x = 0, .ofs_y = -11},
    {.bitmap_index = 6009, .adv_w = 319, .box_w = 17, .box_h = 22, .ofs_x = 1, .ofs_y = 0},
    {.bitmap_index = 6056, .adv_w = 248, .box_w = 14, .box_h = 38, .ofs_x = 1, .ofs_y = -5},
    {.bitmap_index = 6123, .adv_w = 123, .box_w = 4, .box_h = 39, .ofs_x = 2, .ofs_y = -5},
    {.bitmap_index = 6143, .adv_w = 248, .box_w = 13, .box_h = 38, .ofs_x = 0, .ofs_y = -5},
    {.bitmap_index = 6205, .adv_w = 383, .box_w = 19, .box_h = 7, .ofs_x = 2, .ofs_y = 11},
    {.bitmap_index = 6222, .adv_w = 367, .box_w = 18, .box_h = 31, .ofs_x = 2, .ofs_y = 0},
    {.bitmap_index = 6292, .adv_w = 367, .box_w = 18, .box_h = 31, .ofs_x = 2, .ofs_y = 0},
    {.bitmap_index = 6362, .adv_w = 331, .box_w = 18, .box_h = 34, .ofs_x = 2, .ofs_y = -11},
    {.bitmap_index = 6439, .adv_w = 368, .box_w = 20, .box_h = 31, .ofs_x = 2, .ofs_y = 0},
    {.bitmap_index = 6517, .adv_w = 161, .box_w = 8, .box_h = 31, .ofs_x = 3, .ofs_y = 0},
    {.bitmap_index = 6548, .adv_w = 397, .box_w = 21, .box_h = 31, .ofs_x = 2, .ofs_y = 0},
    {.bitmap_index = 6630, .adv_w = 390, .box_w = 18, .box_h = 30, .ofs_x = 3, .ofs_y = 0},
    {.bitmap_index = 6698, .adv_w = 367, .box_w = 20, .box_h = 34, .ofs_x = 2, .ofs_y = -11},
    {.bitmap_index = 6783, .adv_w = 331, .box_w = 18, .box_h = 31, .ofs_x = 2, .ofs_y = 0},
    {.bitmap_index = 6853, .adv_w = 368, .box_w = 20, .box_h = 34, .ofs_x = 2, .ofs_y = -11},
    {.bitmap_index = 6938, .adv_w = 408, .box_w = 20, .box_h = 42, .ofs_x = 2, .ofs_y = -11},
    {.bitmap_index = 7043, .adv_w = 161, .box_w = 4, .box_h = 22, .ofs_x = 3, .ofs_y = 0},
    {.bitmap_index = 7054, .adv_w = 174, .box_w = 10, .box_h = 31, .ofs_x = 1, .ofs_y = 0},
    {.bitmap_index = 7093, .adv_w = 521, .box_w = 30, .box_h = 37, .ofs_x = 1, .ofs_y = -7},
    {.bitmap_index = 7232, .adv_w = 501, .box_w = 24, .box_h = 30, .ofs_x = 4, .ofs_y = 0},
    {.bitmap_index = 7322, .adv_w = 513, .box_w = 28, .box_h = 30, .ofs_x = 2, .ofs_y = 0},
    {.bitmap_index = 7427, .adv_w = 437, .box_w = 24, .box_h = 30, .ofs_x = 2, .ofs_y = 0},
    {.bitmap_index = 7517, .adv_w = 367, .box_w = 18, .box_h = 22, .ofs_x = 2, .ofs_y = 0},
    {.bitmap_index = 7567, .adv_w = 399, .box_w = 21, .box_h = 31, .ofs_x = 2, .ofs_y = 0},
    {.bitmap_index = 7649, .adv_w = 355, .box_w = 17, .box_h = 22, .ofs_x = 3, .ofs_y = 0},
    {.bitmap_index = 7696, .adv_w = 418, .box_w = 24, .box_h = 29, .ofs_x = 1, .ofs_y = -7},
    {.bitmap_index = 7783, .adv_w = 368, .box_w = 20, .box_h = 22, .ofs_x = 2, .ofs_y = 0},
    {.bitmap_index = 7838, .adv_w = 395, .box_w = 18, .box_h = 22, .ofs_x = 3, .ofs_y = 0},
    {.bitmap_index = 7888, .adv_w = 351, .box_w = 19, .box_h = 22, .ofs_x = 3, .ofs_y = 0},
    {.bitmap_index = 7941, .adv_w = 377, .box_w = 21, .box_h = 22, .ofs_x = 0, .ofs_y = 0},
    {.bitmap_index = 7999, .adv_w = 394, .box_w = 18, .box_h = 22, .ofs_x = 3, .ofs_y = 0},
    {.bitmap_index = 8049, .adv_w = 397, .box_w = 21, .box_h = 22, .ofs_x = 2, .ofs_y = 0},
    {.bitmap_index = 8107, .adv_w = 394, .box_w = 18, .box_h = 22, .ofs_x = 3, .ofs_y = 0},
    {.bitmap_index = 8157, .adv_w = 408, .box_w = 20, .box_h = 32, .ofs_x = 3, .ofs_y = -10},
    {.bitmap_index = 8237, .adv_w = 331, .box_w = 18, .box_h = 22, .ofs_x = 2, .ofs_y = 0},
    {.bitmap_index = 8287, .adv_w = 310, .box_w = 19, .box_h = 22, .ofs_x = 1, .ofs_y = 0},
    {.bitmap_index = 8340, .adv_w = 349, .box_w = 21, .box_h = 33, .ofs_x = 0, .ofs_y = -11},
    {.bitmap_index = 8427, .adv_w = 376, .box_w = 18, .box_h = 22, .ofs_x = 2, .ofs_y = 0},
    {.bitmap_index = 8477, .adv_w = 345, .box_w = 17, .box_h = 22, .ofs_x = 3, .ofs_y = 0},
    {.bitmap_index = 8524, .adv_w = 521, .box_w = 27, .box_h = 22, .ofs_x = 3, .ofs_y = 0},
    {.bitmap_index = 8599, .adv_w = 358, .box_w = 19, .box_h = 22, .ofs_x = 1, .ofs_y = 0},
    {.bitmap_index = 8652, .adv_w = 672, .box_w = 33, .box_h = 35, .ofs_x = 4, .ofs_y = -2},
    {.bitmap_index = 8797, .adv_w = 672, .box_w = 33, .box_h = 28, .ofs_x = 4, .ofs_y = 1},
    {.bitmap_index = 8913, .adv_w = 672, .box_w = 38, .box_h = 37, .ofs_x = 4, .ofs_y = -3},
    {.bitmap_index = 9089, .adv_w = 672, .box_w = 27, .box_h = 34, .ofs_x = 9, .ofs_y = -2},
    {.bitmap_index = 9204, .adv_w = 672, .box_w = 34, .box_h = 36, .ofs_x = 4, .ofs_y = -3},
    {.bitmap_index = 9357, .adv_w = 672, .box_w = 30, .box_h = 35, .ofs_x = 6, .ofs_y = -2},
    {.bitmap_index = 9489, .adv_w = 672, .box_w = 24, .box_h = 37, .ofs_x = 9, .ofs_y = -4},
    {.bitmap_index = 9600, .adv_w = 672, .box_w = 33, .box_h = 32, .ofs_x = 5, .ofs_y = -1},
    {.bitmap_index = 9732, .adv_w = 672, .box_w = 30, .box_h = 36, .ofs_x = 5, .ofs_y = -3},
    {.bitmap_index = 9867, .adv_w = 672, .box_w = 36, .box_h = 35, .ofs_x = 4, .ofs_y = -1},
    {.bitmap_index = 10025, .adv_w = 672, .box_w = 28, .box_h = 28, .ofs_x = 6, .ofs_y = -3},
    {.bitmap_index = 10123, .adv_w = 672, .box_w = 37, .box_h = 40, .ofs_x = 4, .ofs_y = -3},
    {.bitmap_index = 10308, .adv_w = 672, .box_w = 24, .box_h = 35, .ofs_x = 12, .ofs_y = -2},
    {.bitmap_index = 10413, .adv_w = 672, .box_w = 35, .box_h = 35, .ofs_x = 4, .ofs_y = -2},
    {.bitmap_index = 10567, .adv_w = 672, .box_w = 40, .box_h = 36, .ofs_x = 2, .ofs_y = 0},
    {.bitmap_index = 10747, .adv_w = 672, .box_w = 40, .box_h = 38, .ofs_x = 3, .ofs_y = -2},
    {.bitmap_index = 10937, .adv_w = 672, .box_w = 21, .box_h = 25, .ofs_x = 10, .ofs_y = -2},
    {.bitmap_index = 11003, .adv_w = 672, .box_w = 30, .box_h = 32, .ofs_x = 6, .ofs_y = -2},
    {.bitmap_index = 11123, .adv_w = 672, .box_w = 33, .box_h = 30, .ofs_x = 5, .ofs_y = 0},
    {.bitmap_index = 11247, .adv_w = 672, .box_w = 35, .box_h = 3, .ofs_x = 3, .ofs_y = 14},
    {.bitmap_index = 11261, .adv_w = 672, .box_w = 37, .box_h = 35, .ofs_x = 3, .ofs_y = -3},
    {.bitmap_index = 11423, .adv_w = 672, .box_w = 36, .box_h = 38, .ofs_x = 1, .ofs_y = -3},
    {.bitmap_index = 11594, .adv_w = 672, .box_w = 38, .box_h = 38, .ofs_x = 2, .ofs_y = -3},
    {.bitmap_index = 11775, .adv_w = 672, .box_w = 38, .box_h = 39, .ofs_x = 1, .ofs_y = -4},
    {.bitmap_index = 11961, .adv_w = 672, .box_w = 38, .box_h = 35, .ofs_x = 2, .ofs_y = -2},
    {.bitmap_index = 12128, .adv_w = 672, .box_w = 38, .box_h = 39, .ofs_x = 1, .ofs_y = -3},
    {.bitmap_index = 12314, .adv_w = 672, .box_w = 39, .box_h = 40, .ofs_x = 2, .ofs_y = -4},
    {.bitmap_index = 12509, .adv_w = 672, .box_w = 38, .box_h = 38, .ofs_x = 2, .ofs_y = -3},
    {.bitmap_index = 12690, .adv_w = 672, .box_w = 39, .box_h = 38, .ofs_x = 2, .ofs_y = -3},
    {.bitmap_index = 12876, .adv_w = 672, .box_w = 40, .box_h = 38, .ofs_x = 1, .ofs_y = -3},
    {.bitmap_index = 13066, .adv_w = 672, .box_w = 39, .box_h = 36, .ofs_x = 1, .ofs_y = -3},
    {.bitmap_index = 13242, .adv_w = 672, .box_w = 38, .box_h = 36, .ofs_x = 2, .ofs_y = -3},
    {.bitmap_index = 13413, .adv_w = 672, .box_w = 35, .box_h = 36, .ofs_x = 2, .ofs_y = -3},
    {.bitmap_index = 13571, .adv_w = 672, .box_w = 39, .box_h = 38, .ofs_x = 2, .ofs_y = -3},
    {.bitmap_index = 13757, .adv_w = 672, .box_w = 39, .box_h = 40, .ofs_x = 2, .ofs_y = -4},
    {.bitmap_index = 13952, .adv_w = 672, .box_w = 39, .box_h = 38, .ofs_x = 1, .ofs_y = -3},
    {.bitmap_index = 14138, .adv_w = 672, .box_w = 37, .box_h = 38, .ofs_x = 1, .ofs_y = -3},
    {.bitmap_index = 14314, .adv_w = 672, .box_w = 38, .box_h = 38, .ofs_x = 2, .ofs_y = -2},
    {.bitmap_index = 14495, .adv_w = 672, .box_w = 39, .box_h = 39, .ofs_x = 2, .ofs_y = -3},
    {.bitmap_index = 14686, .adv_w = 672, .box_w = 38, .box_h = 39, .ofs_x = 2, .ofs_y = -3},
    {.bitmap_index = 14872, .adv_w = 672, .box_w = 33, .box_h = 36, .ofs_x = 4, .ofs_y = -3},
    {.bitmap_index = 15021, .adv_w = 672, .box_w = 39, .box_h = 38, .ofs_x = 1, .ofs_y = -2},
    {.bitmap_index = 15207, .adv_w = 672, .box_w = 39, .box_h = 39, .ofs_x = 2, .ofs_y = -3},
    {.bitmap_index = 15398, .adv_w = 672, .box_w = 39, .box_h = 37, .ofs_x = 2, .ofs_y = -2},
    {.bitmap_index = 15579, .adv_w = 672, .box_w = 33, .box_h = 38, .ofs_x = 3, .ofs_y = -6},
    {.bitmap_index = 15736, .adv_w = 672, .box_w = 31, .box_h = 39, .ofs_x = 6, .ofs_y = -7},
    {.bitmap_index = 15888, .adv_w = 672, .box_w = 30, .box_h = 39, .ofs_x = 6, .ofs_y = -7},
    {.bitmap_index = 16035, .adv_w = 672, .box_w = 32, .box_h = 39, .ofs_x = 4, .ofs_y = -7},
    {.bitmap_index = 16191, .adv_w = 672, .box_w = 37, .box_h = 37, .ofs_x = 2, .ofs_y = -6},
    {.bitmap_index = 16363, .adv_w = 672, .box_w = 30, .box_h = 39, .ofs_x = 5, .ofs_y = -7},
    {.bitmap_index = 16510, .adv_w = 672, .box_w = 38, .box_h = 39, .ofs_x = 2, .ofs_y = -7},
    {.bitmap_index = 16696, .adv_w = 672, .box_w = 33, .box_h = 39, .ofs_x = 3, .ofs_y = -7},
    {.bitmap_index = 16857, .adv_w = 672, .box_w = 37, .box_h = 38, .ofs_x = 2, .ofs_y = -7},
    {.bitmap_index = 17033, .adv_w = 672, .box_w = 36, .box_h = 38, .ofs_x = 4, .ofs_y = -6},
    {.bitmap_index = 17204, .adv_w = 672, .box_w = 30, .box_h = 38, .ofs_x = 6, .ofs_y = -6},
    {.bitmap_index = 17347, .adv_w = 672, .box_w = 34, .box_h = 39, .ofs_x = 6, .ofs_y = -7},
    {.bitmap_index = 17513, .adv_w = 672, .box_w = 31, .box_h = 38, .ofs_x = 5, .ofs_y = -6},
    {.bitmap_index = 17661, .adv_w = 672, .box_w = 37, .box_h = 39, .ofs_x = 2, .ofs_y = -7},
    {.bitmap_index = 17842, .adv_w = 672, .box_w = 33, .box_h = 39, .ofs_x = 3, .ofs_y = -7},
    {.bitmap_index = 18003, .adv_w = 672, .box_w = 37, .box_h = 38, .ofs_x = 2, .ofs_y = -6},
    {.bitmap_index = 18179, .adv_w = 672, .box_w = 31, .box_h = 39, .ofs_x = 5, .ofs_y = -7},
    {.bitmap_index = 18331, .adv_w = 672, .box_w = 35, .box_h = 39, .ofs_x = 6, .ofs_y = -7},
    {.bitmap_index = 18502, .adv_w = 672, .box_w = 32, .box_h = 38, .ofs_x = 4, .ofs_y = -6},
    {.bitmap_index = 18654, .adv_w = 672, .box_w = 32, .box_h = 39, .ofs_x = 3, .ofs_y = -7},
    {.bitmap_index = 18810, .adv_w = 672, .box_w = 37, .box_h = 28, .ofs_x = 2, .ofs_y = 0},
    {.bitmap_index = 18940, .adv_w = 672, .box_w = 37, .box_h = 29, .ofs_x = 2, .ofs_y = -1},
    {.bitmap_index = 19075, .adv_w = 672, .box_w = 36, .box_h = 40, .ofs_x = 3, .ofs_y = -7},
    {.bitmap_index = 19255, .adv_w = 672, .box_w = 42, .box_h = 31, .ofs_x = 0, .ofs_y = 0},
    {.bitmap_index = 19418, .adv_w = 462, .box_w = 29, .box_h = 29, .ofs_x = 0, .ofs_y = 1}
};

/*---------------------
 *  CHARACTER MAPPING
 *--------------------*/

static const uint16_t unicode_list_1[] = {
    0x0, 0x3, 0x7, 0x9, 0xd, 0x13, 0x1c, 0x25,
    0x27, 0x39, 0x3f, 0x51, 0x62, 0x334, 0x33d, 0x33e,
    0x341, 0x350, 0x351, 0x352, 0x354, 0x355, 0x358, 0x35a,
    0x35b, 0x35d, 0x35e, 0x35f, 0x360, 0x361, 0x362, 0x363,
    0x367, 0x36c, 0x36e, 0x36f, 0x2f62, 0x2f64, 0x2f6c, 0x2f77,
    0x2f79, 0x2f9e, 0x2faa, 0x2fc2, 0x2fcf, 0x2fd8, 0x2fe3, 0x2fe7,
    0x2fe8, 0x2fed, 0x2ff0, 0x2ff7, 0x3007, 0x300f, 0x3013, 0x301c,
    0x4d2d, 0x5149, 0x5267, 0x52f1, 0x530f, 0x62c5, 0x64d0, 0x664a,
    0x664c, 0x7168, 0x72d0, 0x731e, 0x7448, 0x759c, 0x7c3a, 0x7cba,
    0x7cd2, 0x7cfa, 0x7dc7, 0x7dfc, 0x7e71, 0x8d0f, 0x8efe, 0x8f43,
    0xabd0, 0xb044, 0xb290, 0xb338, 0xb89c, 0xbba4, 0xbfcc, 0xbfe8,
    0xc138, 0xc46a, 0xc4e5, 0xc4e6, 0xc510, 0xc5c9, 0xc5ec, 0xc66c,
    0xc694, 0xc6a8, 0xc724, 0xc8e0, 0xcf8c, 0xd1d8, 0xd480, 0xef2c,
    0xef2d
};

/*Collect the unicode lists and glyph_id offsets*/
static const lv_font_fmt_txt_cmap_t cmaps[] =
{
    {
        .range_start = 32, .range_length = 95, .glyph_id_start = 1,
        .unicode_list = NULL, .glyph_id_ofs_list = NULL, .list_length = 0, .type = LV_FONT_FMT_TXT_CMAP_FORMAT0_TINY
    },
    {
        .range_start = 224, .range_length = 61230, .glyph_id_start = 96,
        .unicode_list = unicode_list_1, .glyph_id_ofs_list = NULL, .list_length = 105, .type = LV_FONT_FMT_TXT_CMAP_SPARSE_TINY
    }
};



/*--------------------
 *  ALL CUSTOM DATA
 *--------------------*/

#if LVGL_VERSION_MAJOR == 8
/*Store all the custom data of the font*/
static  lv_font_fmt_txt_glyph_cache_t cache;
#endif

#if LVGL_VERSION_MAJOR >= 8
static const lv_font_fmt_txt_dsc_t font_dsc = {
#else
static lv_font_fmt_txt_dsc_t font_dsc = {
#endif
    .glyph_bitmap = glyph_bitmap,
    .glyph_dsc = glyph_dsc,
    .cmaps = cmaps,
    .kern_dsc = NULL,
    .kern_scale = 0,
    .cmap_num = 2,
    .bpp = 1,
    .kern_classes = 0,
    .bitmap_format = 0,
#if LVGL_VERSION_MAJOR == 8
    .cache = &cache
#endif

};



/*-----------------
 *  PUBLIC FONT
 *----------------*/

/*Initialize a public general font descriptor*/
#if LVGL_VERSION_MAJOR >= 8
const lv_font_t v853Font_OTA_42 = {
#else
lv_font_t v853Font_OTA_42 = {
#endif
    .get_glyph_dsc = lv_font_get_glyph_dsc_fmt_txt,    /*Function pointer to get glyph's data*/
    .get_glyph_bitmap = lv_font_get_bitmap_fmt_txt,    /*Function pointer to get glyph's bitmap*/
    .line_height = 48,          /*The maximum line height required by the font*/
    .base_line = 11,             /*Baseline measured from the bottom of the line*/
#if !(LVGL_VERSION_MAJOR == 6 && LVGL_VERSION_MINOR == 0)
    .subpx = LV_FONT_SUBPX_NONE,
#endif
#if LV_VERSION_CHECK(7, 4, 0) || LVGL_VERSION_MAJOR >= 8
    .underline_position = -3,
    .underline_thickness = 2,
#endif
    // .static_bitmap = 0,
    .dsc = &font_dsc,          /*The custom font data. Will be accessed by `get_glyph_bitmap/dsc` */
#if LV_VERSION_CHECK(8, 2, 0) || LVGL_VERSION_MAJOR >= 9
    .fallback = NULL,
#endif
    .user_data = NULL,
};



#endif /*#if V853FONT_OTA_42*/
