/*******************************************************************************
 * Size: 28 px
 * Bpp: 1
 * Opts: --bpp 1 --size 28 --no-compress --stride 1 --align 1 --font HarmonyOS_Sans_SC2.ttf --symbols 0%
V1.0.0
系统即将重新启动。
The system is about to restart.
系統即將重新啟動。
Le système va redémarrer.
Das System wird neu gestartet.
Il sistema si riavvierà.
システムが再起動します。
O sistema vai reiniciar.
Система будет перезагружена.
El sistema se reiniciará.
System zostanie uruchomiony ponownie.
Sistem yeniden başlatılacak.
시스템이 다시 시작됩니다.
Het systeem wordt opnieuw opgestart.
升级文件下载出错。
Failed to download file.
升級檔案下載出錯。
Erreur lors du téléchargement du fichier.
Fehler beim Herunterladen der Datei.
Errore durante il download del file.
ファイルのダウンロードエラー。
Erro ao transferir o ficheiro.
Ошибка загрузки файла.
Error al descargar el archivo.
Błąd pobierania pliku.
Dosya indirme hatası.
파일 다운로드 오류.
Fout bij downloaden van bestand.
版本校验文件下载失败
Failed to download Version file.
版本校驗檔案下載失敗
Échec du téléchargement du fichier de version
Versionsdatei konnte nicht heruntergeladen werden
Impossibile scaricare il file di versione
バージョンファイルのダウンロードに失敗
Falha ao transferir ficheiro de versão
Не удалось загрузить файл версии
Error al descargar el archivo de versión
Nie udało się pobrać pliku wersji
Sürüm dosyası indirilemedi
버전 파일 다운로드 실패
Versiebestand downloaden mislukt
版本文件无效
Invalid Version
版本檔案無效
Version invalide
Ungültige Version
Versione non valida
無効なバージョン
Versão inválida
Недопустимая версия
Versión no válida
Nieprawidłowa wersja
Geçersiz sürüm
잘못된 버전
Ongeldige versie
已是最新版本
This is the current latest version.
Vous disposez de la dernière version
Sie haben die neueste Version
Versione già aggiornata
最新バージョンです
Já tem a versão mais recente
Установлена последняя версия
Ya tiene la última versión
Masz najnowszą wersję
En son sürüm yüklü
최신 버전입니다
U heeft de nieuwste versie
当前版本: %s
Current version: %s
目前版本：%s
Version actuelle : %s
Aktuelle Version: %s
Versione attuale: %s
現在のバージョン：%s
Versão atual: %s
Текущая версия: %s
Versión actual: %s
Aktualna wersja: %s
Mevcut sürüm: %s
현재 버전: %s
Huidige versie: %s
连接成功
Connected
連線成功
Connecté
Verbunden
Connesso
接続成功
Ligado
Подключено
Conectado
Połączono
Bağlandı
연결됨
Verbonden
连接失败
Failed
連線失敗
Échec
Fehlgeschlagen
Non riuscito
接続失敗
Falhou
Ошибка
Fallido
Niepowodzenie
Başarısız
실패
Mislukt --format lvgl -o v853Font_OTA_28.c
 ******************************************************************************/

#ifdef __has_include
    #if __has_include("lvgl.h")
        #ifndef LV_LVGL_H_INCLUDE_SIMPLE
            #define LV_LVGL_H_INCLUDE_SIMPLE
        #endif
    #endif
#endif

#ifdef LV_LVGL_H_INCLUDE_SIMPLE
    #include "lvgl.h"
#else
    #include "lvgl/lvgl.h"
#endif



#ifndef V853FONT_OTA_28
#define V853FONT_OTA_28 1
#endif

#if V853FONT_OTA_28

/*-----------------
 *    BITMAPS
 *----------------*/

/*Store the image of the glyphs*/
static LV_ATTRIBUTE_LARGE_CONST const uint8_t glyph_bitmap[] = {
    /* U+0020 " " */
    0x0,

    /* U+0025 "%" */
    0x3e, 0x1, 0x87, 0xf0, 0x38, 0xe3, 0x83, 0xc,
    0x18, 0x70, 0xc1, 0x86, 0xc, 0x18, 0xc0, 0xe3,
    0x9c, 0x7, 0xf1, 0x80, 0x3e, 0x38, 0x0, 0x3,
    0x0, 0x0, 0x60, 0x0, 0xe, 0x0, 0x0, 0xc3,
    0xc0, 0x1c, 0x7e, 0x1, 0x8e, 0x70, 0x38, 0xc3,
    0x7, 0xc, 0x30, 0x60, 0xc3, 0xe, 0xe, 0x70,
    0xc0, 0x7e, 0x1c, 0x3, 0xc0,

    /* U+002E "." */
    0xff, 0x80,

    /* U+0030 "0" */
    0xf, 0x80, 0xfe, 0xe, 0x38, 0xe0, 0xe7, 0x7,
    0x70, 0x1b, 0x80, 0xfc, 0x7, 0xe0, 0x3f, 0x1,
    0xf8, 0xf, 0xc0, 0x7e, 0x3, 0xf0, 0x1f, 0x80,
    0xfc, 0x6, 0x70, 0x73, 0x83, 0x8e, 0x38, 0x3f,
    0x80, 0xf8, 0x0,

    /* U+0031 "1" */
    0x3, 0x87, 0xcf, 0xef, 0x7e, 0x3e, 0x1c, 0xe,
    0x7, 0x3, 0x81, 0xc0, 0xe0, 0x70, 0x38, 0x1c,
    0xe, 0x7, 0x3, 0x81, 0xc0, 0xe0, 0x70, 0x38,

    /* U+003A ":" */
    0xff, 0x80, 0x0, 0x0, 0xf, 0xf8,

    /* U+0041 "A" */
    0x0, 0xc0, 0x0, 0x78, 0x0, 0x1e, 0x0, 0x7,
    0xc0, 0x3, 0xf0, 0x0, 0xcc, 0x0, 0x33, 0x80,
    0x1c, 0xe0, 0x6, 0x18, 0x3, 0x87, 0x0, 0xe0,
    0xc0, 0x30, 0x38, 0x1c, 0xe, 0x7, 0xff, 0x81,
    0xff, 0xf0, 0xe0, 0xc, 0x30, 0x3, 0x9c, 0x0,
    0xe7, 0x0, 0x19, 0x80, 0x7, 0xe0, 0x1, 0xc0,

    /* U+0042 "B" */
    0xff, 0xc1, 0xff, 0xe3, 0x81, 0xe7, 0x1, 0xee,
    0x1, 0xdc, 0x3, 0xb8, 0x7, 0x70, 0x1e, 0xe0,
    0x79, 0xff, 0xe3, 0xff, 0xe7, 0x1, 0xee, 0x1,
    0xfc, 0x1, 0xf8, 0x3, 0xf0, 0x7, 0xe0, 0xf,
    0xc0, 0x3f, 0x80, 0xf7, 0xff, 0xcf, 0xfe, 0x0,

    /* U+0043 "C" */
    0x3, 0xf8, 0x7, 0xff, 0x7, 0x83, 0xc7, 0x80,
    0xe3, 0x80, 0x33, 0x80, 0x1, 0xc0, 0x1, 0xc0,
    0x0, 0xe0, 0x0, 0x70, 0x0, 0x38, 0x0, 0x1c,
    0x0, 0xe, 0x0, 0x7, 0x0, 0x1, 0xc0, 0x0,
    0xe0, 0x0, 0x38, 0x3, 0x1e, 0x3, 0x87, 0x83,
    0xc1, 0xff, 0xc0, 0x3f, 0x80,

    /* U+0044 "D" */
    0xff, 0x80, 0xff, 0xe0, 0xe0, 0xf8, 0xe0, 0x3c,
    0xe0, 0x1c, 0xe0, 0xe, 0xe0, 0xe, 0xe0, 0x7,
    0xe0, 0x7, 0xe0, 0x7, 0xe0, 0x7, 0xe0, 0x7,
    0xe0, 0x7, 0xe0, 0x7, 0xe0, 0xe, 0xe0, 0xe,
    0xe0, 0x1c, 0xe0, 0x3c, 0xe0, 0xf8, 0xff, 0xe0,
    0xff, 0x80,

    /* U+0045 "E" */
    0xff, 0xff, 0xff, 0xf8, 0x1, 0xc0, 0xe, 0x0,
    0x70, 0x3, 0x80, 0x1c, 0x0, 0xe0, 0x7, 0xff,
    0xbf, 0xfd, 0xc0, 0xe, 0x0, 0x70, 0x3, 0x80,
    0x1c, 0x0, 0xe0, 0x7, 0x0, 0x38, 0x1, 0xff,
    0xff, 0xff, 0x80,

    /* U+0046 "F" */
    0xff, 0xff, 0xff, 0xf8, 0x1, 0xc0, 0xe, 0x0,
    0x70, 0x3, 0x80, 0x1c, 0x0, 0xe0, 0x7, 0x0,
    0x3f, 0xfd, 0xff, 0xee, 0x0, 0x70, 0x3, 0x80,
    0x1c, 0x0, 0xe0, 0x7, 0x0, 0x38, 0x1, 0xc0,
    0xe, 0x0, 0x0,

    /* U+0047 "G" */
    0x1, 0xf8, 0x7, 0xff, 0x7, 0x83, 0xc7, 0x80,
    0xf3, 0x80, 0x23, 0x80, 0x1, 0xc0, 0x1, 0xc0,
    0x0, 0xe0, 0x0, 0x70, 0x0, 0x38, 0xf, 0xfc,
    0x7, 0xfe, 0x0, 0x3f, 0x0, 0x1d, 0xc0, 0xe,
    0xe0, 0x7, 0x38, 0x3, 0x9e, 0x1, 0xc7, 0x83,
    0xe1, 0xff, 0xe0, 0x1f, 0x80,

    /* U+0048 "H" */
    0xe0, 0x7, 0xe0, 0x7, 0xe0, 0x7, 0xe0, 0x7,
    0xe0, 0x7, 0xe0, 0x7, 0xe0, 0x7, 0xe0, 0x7,
    0xe0, 0x7, 0xff, 0xff, 0xff, 0xff, 0xe0, 0x7,
    0xe0, 0x7, 0xe0, 0x7, 0xe0, 0x7, 0xe0, 0x7,
    0xe0, 0x7, 0xe0, 0x7, 0xe0, 0x7, 0xe0, 0x7,
    0xe0, 0x7,

    /* U+0049 "I" */
    0xff, 0xff, 0xff, 0xff, 0xff, 0xff, 0xff, 0xfe,

    /* U+004A "J" */
    0x0, 0xe0, 0x1c, 0x3, 0x80, 0x70, 0xe, 0x1,
    0xc0, 0x38, 0x7, 0x0, 0xe0, 0x1c, 0x3, 0x80,
    0x70, 0xe, 0x1, 0xc0, 0x38, 0x7, 0x0, 0xf8,
    0x3f, 0x87, 0x3f, 0xc3, 0xf0,

    /* U+004C "L" */
    0xe0, 0x7, 0x0, 0x38, 0x1, 0xc0, 0xe, 0x0,
    0x70, 0x3, 0x80, 0x1c, 0x0, 0xe0, 0x7, 0x0,
    0x38, 0x1, 0xc0, 0xe, 0x0, 0x70, 0x3, 0x80,
    0x1c, 0x0, 0xe0, 0x7, 0x0, 0x38, 0x1, 0xff,
    0xff, 0xff, 0x80,

    /* U+004D "M" */
    0xe0, 0x0, 0x7f, 0x0, 0x7, 0xf0, 0x0, 0xff,
    0x80, 0x1f, 0xf8, 0x1, 0xff, 0xc0, 0x3f, 0xee,
    0x3, 0x7e, 0x60, 0x77, 0xe7, 0xe, 0x7e, 0x30,
    0xc7, 0xe3, 0x9c, 0x7e, 0x1d, 0x87, 0xe1, 0xf8,
    0x7e, 0xf, 0x7, 0xe0, 0x60, 0x7e, 0x6, 0x7,
    0xe0, 0x0, 0x7e, 0x0, 0x7, 0xe0, 0x0, 0x7e,
    0x0, 0x7, 0xe0, 0x0, 0x70,

    /* U+004E "N" */
    0xe0, 0x7, 0xf0, 0x7, 0xf0, 0x7, 0xf8, 0x7,
    0xf8, 0x7, 0xec, 0x7, 0xee, 0x7, 0xe6, 0x7,
    0xe7, 0x7, 0xe3, 0x87, 0xe1, 0x87, 0xe1, 0xc7,
    0xe0, 0xe7, 0xe0, 0x67, 0xe0, 0x77, 0xe0, 0x37,
    0xe0, 0x1f, 0xe0, 0x1f, 0xe0, 0xf, 0xe0, 0xf,
    0xe0, 0x7,

    /* U+004F "O" */
    0x3, 0xf8, 0x1, 0xff, 0xc0, 0x78, 0x3c, 0x1e,
    0x3, 0xc7, 0x80, 0x3c, 0xe0, 0x3, 0x9c, 0x0,
    0x77, 0x0, 0x7, 0xe0, 0x0, 0xfc, 0x0, 0x1f,
    0x80, 0x3, 0xf0, 0x0, 0x7e, 0x0, 0xf, 0xc0,
    0x1, 0xdc, 0x0, 0x73, 0x80, 0xe, 0x78, 0x3,
    0x87, 0x80, 0xf0, 0x78, 0x3c, 0x7, 0xff, 0x0,
    0x3f, 0x80,

    /* U+0050 "P" */
    0xff, 0xc3, 0xff, 0x8e, 0x7, 0xb8, 0xe, 0xe0,
    0x1f, 0x80, 0x7e, 0x1, 0xf8, 0x7, 0xe0, 0x1f,
    0x80, 0xee, 0x7, 0xbf, 0xfc, 0xff, 0xc3, 0x80,
    0xe, 0x0, 0x38, 0x0, 0xe0, 0x3, 0x80, 0xe,
    0x0, 0x38, 0x0, 0xe0, 0x0,

    /* U+0053 "S" */
    0x7, 0xe0, 0x3f, 0xf0, 0xf0, 0xf3, 0xc0, 0xe7,
    0x0, 0xce, 0x0, 0x1c, 0x0, 0x3c, 0x0, 0x3f,
    0x0, 0x3f, 0xc0, 0x1f, 0xe0, 0x7, 0xe0, 0x3,
    0xc0, 0x3, 0xc0, 0x3, 0xb0, 0x7, 0xe0, 0xe,
    0xe0, 0x39, 0xe0, 0xf0, 0xff, 0xc0, 0x7e, 0x0,

    /* U+0054 "T" */
    0xff, 0xff, 0xff, 0xfc, 0xe, 0x0, 0x1c, 0x0,
    0x38, 0x0, 0x70, 0x0, 0xe0, 0x1, 0xc0, 0x3,
    0x80, 0x7, 0x0, 0xe, 0x0, 0x1c, 0x0, 0x38,
    0x0, 0x70, 0x0, 0xe0, 0x1, 0xc0, 0x3, 0x80,
    0x7, 0x0, 0xe, 0x0, 0x1c, 0x0, 0x38, 0x0,

    /* U+0055 "U" */
    0xe0, 0x7, 0xe0, 0x7, 0xe0, 0x7, 0xe0, 0x7,
    0xe0, 0x7, 0xe0, 0x7, 0xe0, 0x7, 0xe0, 0x7,
    0xe0, 0x7, 0xe0, 0x7, 0xe0, 0x7, 0xe0, 0x7,
    0xe0, 0x7, 0xe0, 0x7, 0xe0, 0x7, 0xe0, 0x7,
    0x70, 0xe, 0x70, 0x1e, 0x3c, 0x3c, 0x1f, 0xf8,
    0x7, 0xe0,

    /* U+0056 "V" */
    0xe0, 0x0, 0xdc, 0x0, 0x77, 0x0, 0x18, 0xc0,
    0xe, 0x38, 0x3, 0x8e, 0x0, 0xc1, 0x80, 0x70,
    0x70, 0x18, 0xc, 0x6, 0x3, 0x3, 0x80, 0xe0,
    0xc0, 0x18, 0x30, 0x7, 0x1c, 0x1, 0xc6, 0x0,
    0x31, 0x80, 0xe, 0xc0, 0x1, 0xb0, 0x0, 0x6c,
    0x0, 0x1e, 0x0, 0x3, 0x80, 0x0, 0xe0, 0x0,

    /* U+0059 "Y" */
    0xe0, 0x3, 0xb8, 0x3, 0x9c, 0x1, 0xc7, 0x1,
    0xc3, 0xc0, 0xc0, 0xe0, 0xe0, 0x38, 0xe0, 0x1c,
    0x70, 0x7, 0x70, 0x3, 0xf8, 0x0, 0xf8, 0x0,
    0x38, 0x0, 0x1c, 0x0, 0xe, 0x0, 0x7, 0x0,
    0x3, 0x80, 0x1, 0xc0, 0x0, 0xe0, 0x0, 0x70,
    0x0, 0x38, 0x0, 0x1c, 0x0,

    /* U+0061 "a" */
    0xf, 0x83, 0xfc, 0x78, 0x66, 0x7, 0x0, 0x30,
    0x3, 0x1f, 0xf7, 0xff, 0x70, 0x3e, 0x3, 0xe0,
    0x3e, 0x7, 0xf0, 0xf7, 0xff, 0x1f, 0x30,

    /* U+0062 "b" */
    0xe0, 0x3, 0x80, 0xe, 0x0, 0x38, 0x0, 0xe0,
    0x3, 0x80, 0xe, 0x7c, 0x3b, 0xfc, 0xf8, 0x73,
    0xc0, 0xee, 0x3, 0xf8, 0x7, 0xe0, 0x1f, 0x80,
    0x7e, 0x1, 0xf8, 0x7, 0xf0, 0x3f, 0xc0, 0xef,
    0x87, 0xbb, 0xfc, 0xe7, 0xc0,

    /* U+0063 "c" */
    0x7, 0xc0, 0xff, 0x8e, 0x1c, 0xe0, 0x67, 0x0,
    0x70, 0x3, 0x80, 0x1c, 0x0, 0xe0, 0x7, 0x0,
    0x1c, 0x0, 0xe0, 0x63, 0x87, 0xf, 0xf8, 0x3f,
    0x0,

    /* U+0064 "d" */
    0x0, 0x1c, 0x0, 0x70, 0x1, 0xc0, 0x7, 0x0,
    0x1c, 0x0, 0x70, 0xf9, 0xcf, 0xf7, 0x78, 0x7d,
    0xc0, 0xfe, 0x3, 0xf8, 0x7, 0xe0, 0x1f, 0x80,
    0x7e, 0x1, 0xf8, 0x7, 0xf0, 0x3d, 0xc0, 0xf7,
    0x87, 0xcf, 0xf7, 0xf, 0x9c,

    /* U+0065 "e" */
    0xf, 0x80, 0xff, 0xe, 0x3c, 0xe0, 0xee, 0x3,
    0xf0, 0x1f, 0xff, 0xff, 0xff, 0xe0, 0x7, 0x0,
    0x38, 0x0, 0xe0, 0x43, 0x87, 0xf, 0xf0, 0x3f,
    0x0,

    /* U+0066 "f" */
    0x7, 0xc7, 0xf1, 0xc0, 0xe0, 0x38, 0xe, 0x3,
    0x83, 0xfe, 0xff, 0x8e, 0x3, 0x80, 0xe0, 0x38,
    0xe, 0x3, 0x80, 0xe0, 0x38, 0xe, 0x3, 0x80,
    0xe0, 0x38, 0xe, 0x0,

    /* U+0067 "g" */
    0xf, 0x9c, 0xff, 0x77, 0x87, 0xdc, 0xf, 0xe0,
    0x3f, 0x80, 0x7e, 0x1, 0xf8, 0x7, 0xe0, 0x1f,
    0x80, 0x7f, 0x3, 0xdc, 0xf, 0x38, 0x7c, 0xff,
    0x70, 0xf9, 0xc0, 0x7, 0x0, 0x1c, 0x0, 0x77,
    0x3, 0x9e, 0x1e, 0x3f, 0xf0, 0x3f, 0x0,

    /* U+0068 "h" */
    0xe0, 0xe, 0x0, 0xe0, 0xe, 0x0, 0xe0, 0xe,
    0x0, 0xe7, 0x8e, 0xfe, 0xf8, 0xef, 0xf, 0xe0,
    0x7e, 0x7, 0xe0, 0x7e, 0x7, 0xe0, 0x7e, 0x7,
    0xe0, 0x7e, 0x7, 0xe0, 0x7e, 0x7, 0xe0, 0x70,

    /* U+0069 "i" */
    0xff, 0x80, 0x3f, 0xff, 0xff, 0xff, 0xff, 0xfe,

    /* U+006A "j" */
    0x7, 0x7, 0x7, 0x0, 0x0, 0x0, 0x7, 0x7,
    0x7, 0x7, 0x7, 0x7, 0x7, 0x7, 0x7, 0x7,
    0x7, 0x7, 0x7, 0x7, 0x7, 0x7, 0x7, 0x7,
    0x7, 0x4e, 0xfe, 0x78,

    /* U+006B "k" */
    0xe0, 0x7, 0x0, 0x38, 0x1, 0xc0, 0xe, 0x0,
    0x70, 0x3, 0x81, 0xdc, 0x1c, 0xe0, 0xc7, 0xe,
    0x38, 0xe1, 0xce, 0xe, 0xe0, 0x7f, 0x83, 0xee,
    0x1e, 0x70, 0xe1, 0xc7, 0x7, 0x38, 0x39, 0xc0,
    0xee, 0x3, 0x80,

    /* U+006C "l" */
    0xff, 0xff, 0xff, 0xff, 0xff, 0xff, 0xff, 0xfe,

    /* U+006D "m" */
    0xe7, 0x87, 0x8f, 0xfd, 0xfe, 0xf1, 0xd8, 0xef,
    0xf, 0xf, 0xe0, 0xe0, 0x7e, 0xe, 0x7, 0xe0,
    0xe0, 0x7e, 0xe, 0x7, 0xe0, 0xe0, 0x7e, 0xe,
    0x7, 0xe0, 0xe0, 0x7e, 0xe, 0x7, 0xe0, 0xe0,
    0x7e, 0xe, 0x7, 0xe0, 0xe0, 0x70,

    /* U+006E "n" */
    0xe7, 0x8e, 0xfe, 0xf8, 0xef, 0xf, 0xe0, 0x7e,
    0x7, 0xe0, 0x7e, 0x7, 0xe0, 0x7e, 0x7, 0xe0,
    0x7e, 0x7, 0xe0, 0x7e, 0x7, 0xe0, 0x70,

    /* U+006F "o" */
    0xf, 0xc0, 0x7f, 0x83, 0x87, 0x1c, 0xe, 0x70,
    0x3b, 0x80, 0x7e, 0x1, 0xf8, 0x7, 0xe0, 0x1f,
    0x80, 0x77, 0x3, 0x9c, 0xe, 0x38, 0x70, 0x7f,
    0x80, 0xfc, 0x0,

    /* U+0070 "p" */
    0xe7, 0xc3, 0xbf, 0xcf, 0x87, 0x3c, 0xe, 0xf0,
    0x3f, 0x80, 0x7e, 0x1, 0xf8, 0x7, 0xe0, 0x1f,
    0x80, 0x7f, 0x3, 0xfc, 0xe, 0xf8, 0x7b, 0xbf,
    0xce, 0x7c, 0x38, 0x0, 0xe0, 0x3, 0x80, 0xe,
    0x0, 0x38, 0x0, 0xe0, 0x3, 0x80, 0x0,

    /* U+0072 "r" */
    0xe7, 0xff, 0xbe, 0x1e, 0xe, 0x7, 0x3, 0x81,
    0xc0, 0xe0, 0x70, 0x38, 0x1c, 0xe, 0x7, 0x3,
    0x80,

    /* U+0073 "s" */
    0x1f, 0xf, 0xfb, 0xc7, 0xf0, 0x6e, 0x1, 0xe0,
    0x1f, 0x81, 0xfc, 0x7, 0xc0, 0x3c, 0x3, 0xe0,
    0x7e, 0x1e, 0xff, 0x8f, 0xc0,

    /* U+0074 "t" */
    0x38, 0xe, 0x3, 0x80, 0xe0, 0xff, 0xbf, 0xe3,
    0x80, 0xe0, 0x38, 0xe, 0x3, 0x80, 0xe0, 0x38,
    0xe, 0x3, 0x80, 0xe0, 0x3c, 0x7, 0xe0, 0xf8,

    /* U+0075 "u" */
    0xe0, 0x7e, 0x7, 0xe0, 0x7e, 0x7, 0xe0, 0x7e,
    0x7, 0xe0, 0x7e, 0x7, 0xe0, 0x7e, 0x7, 0xe0,
    0x7e, 0xf, 0x71, 0xf7, 0xf7, 0x1e, 0x70,

    /* U+0076 "v" */
    0xe0, 0x1d, 0xc0, 0x77, 0x1, 0x8c, 0xe, 0x38,
    0x30, 0x60, 0xc1, 0x87, 0x7, 0x18, 0xc, 0x60,
    0x3b, 0x0, 0x6c, 0x1, 0xb0, 0x7, 0x80, 0xe,
    0x0, 0x30, 0x0,

    /* U+0077 "w" */
    0xe0, 0x30, 0x19, 0x80, 0xc0, 0x67, 0x7, 0x83,
    0x8c, 0x1e, 0xc, 0x30, 0x78, 0x30, 0xe3, 0x70,
    0xc1, 0x8c, 0xc6, 0x6, 0x33, 0x18, 0x1d, 0x86,
    0x60, 0x36, 0x1b, 0x0, 0xd8, 0x6c, 0x3, 0xc0,
    0xf0, 0x7, 0x3, 0x80, 0x1c, 0xe, 0x0, 0x60,
    0x18, 0x0,

    /* U+0079 "y" */
    0xe0, 0xd, 0x80, 0x77, 0x1, 0x8c, 0x6, 0x38,
    0x38, 0xe0, 0xc1, 0x87, 0x7, 0x18, 0xc, 0x60,
    0x33, 0x80, 0xec, 0x1, 0xb0, 0x7, 0x80, 0x1e,
    0x0, 0x38, 0x0, 0xc0, 0x3, 0x0, 0x1c, 0x0,
    0x60, 0x3, 0x80, 0xfc, 0x3, 0xe0, 0x0,

    /* U+007A "z" */
    0xff, 0xff, 0xfc, 0x7, 0x0, 0xc0, 0x38, 0xe,
    0x1, 0x80, 0x70, 0x1c, 0x3, 0x0, 0xe0, 0x38,
    0x6, 0x1, 0xff, 0xff, 0xf8,

    /* U+00C9 "É" */
    0x0, 0xc0, 0xc, 0x0, 0xc0, 0x0, 0x0, 0x0,
    0x7f, 0xff, 0xff, 0xfc, 0x0, 0xe0, 0x7, 0x0,
    0x38, 0x1, 0xc0, 0xe, 0x0, 0x70, 0x3, 0xff,
    0xdf, 0xfe, 0xe0, 0x7, 0x0, 0x38, 0x1, 0xc0,
    0xe, 0x0, 0x70, 0x3, 0x80, 0x1c, 0x0, 0xff,
    0xff, 0xff, 0xc0,

    /* U+00E0 "à" */
    0x1c, 0x0, 0xc0, 0x6, 0x0, 0x60, 0x0, 0x0,
    0x0, 0xf, 0x83, 0xfc, 0x78, 0x66, 0x7, 0x0,
    0x30, 0x3, 0x1f, 0xf7, 0xff, 0x70, 0x3e, 0x3,
    0xe0, 0x3e, 0x7, 0xf0, 0xf7, 0xff, 0x1f, 0x30,

    /* U+00E1 "á" */
    0x1, 0xc0, 0x18, 0x3, 0x80, 0x30, 0x0, 0x0,
    0x0, 0xf, 0x83, 0xfc, 0x78, 0x66, 0x7, 0x0,
    0x30, 0x3, 0x1f, 0xf7, 0xff, 0x70, 0x3e, 0x3,
    0xe0, 0x3e, 0x7, 0xf0, 0xf7, 0xff, 0x1f, 0x30,

    /* U+00E3 "ã" */
    0x1c, 0x63, 0xe6, 0x33, 0xe3, 0x1c, 0x0, 0x0,
    0x0, 0xf, 0x83, 0xfc, 0x78, 0x66, 0x7, 0x0,
    0x30, 0x3, 0x1f, 0xf7, 0xff, 0x70, 0x3e, 0x3,
    0xe0, 0x3e, 0x7, 0xf0, 0xf7, 0xff, 0x1f, 0x30,

    /* U+00E7 "ç" */
    0xf, 0x81, 0xfe, 0x38, 0x77, 0x2, 0xf0, 0xe,
    0x0, 0xe0, 0xe, 0x0, 0xe0, 0xe, 0x0, 0xf0,
    0x7, 0x2, 0x38, 0x73, 0xfe, 0xf, 0xc0, 0x20,
    0x6, 0x0, 0x78, 0x0, 0xc0, 0xc, 0x7, 0xc0,
    0x78,

    /* U+00E8 "è" */
    0xc, 0x0, 0x70, 0x1, 0x80, 0x6, 0x0, 0x0,
    0x0, 0x0, 0x3e, 0x3, 0xfc, 0x38, 0xf3, 0x83,
    0xb8, 0xf, 0xc0, 0x7f, 0xff, 0xff, 0xff, 0x80,
    0x1c, 0x0, 0xe0, 0x3, 0x81, 0xe, 0x1c, 0x3f,
    0xc0, 0xfc, 0x0,

    /* U+00E9 "é" */
    0x0, 0xc0, 0xc, 0x0, 0x60, 0x6, 0x0, 0x0,
    0x0, 0x0, 0x3e, 0x3, 0xfc, 0x38, 0xf3, 0x83,
    0xb8, 0xf, 0xc0, 0x7f, 0xff, 0xff, 0xff, 0x80,
    0x1c, 0x0, 0xe0, 0x3, 0x81, 0xe, 0x1c, 0x3f,
    0xc0, 0xfc, 0x0,

    /* U+00F3 "ó" */
    0x0, 0xc0, 0x6, 0x0, 0x18, 0x0, 0xc0, 0x0,
    0x0, 0x0, 0x0, 0xfc, 0x7, 0xf8, 0x38, 0x71,
    0xc0, 0xe7, 0x3, 0xb8, 0x7, 0xe0, 0x1f, 0x80,
    0x7e, 0x1, 0xf8, 0x7, 0x70, 0x39, 0xc0, 0xe3,
    0x87, 0x7, 0xf8, 0xf, 0xc0,

    /* U+00FA "ú" */
    0x1, 0x80, 0x30, 0x3, 0x0, 0x60, 0x0, 0x0,
    0x0, 0xe0, 0x7e, 0x7, 0xe0, 0x7e, 0x7, 0xe0,
    0x7e, 0x7, 0xe0, 0x7e, 0x7, 0xe0, 0x7e, 0x7,
    0xe0, 0x7e, 0xf, 0x71, 0xf7, 0xf7, 0x1e, 0x70,

    /* U+00FC "ü" */
    0x38, 0xe3, 0x8e, 0x38, 0xe0, 0x0, 0x0, 0x0,
    0x0, 0xe0, 0x7e, 0x7, 0xe0, 0x7e, 0x7, 0xe0,
    0x7e, 0x7, 0xe0, 0x7e, 0x7, 0xe0, 0x7e, 0x7,
    0xe0, 0x7e, 0xf, 0x71, 0xf7, 0xf7, 0x1e, 0x70,

    /* U+0105 "ą" */
    0xf, 0x80, 0xff, 0x7, 0x86, 0x18, 0x1c, 0x0,
    0x30, 0x0, 0xc1, 0xff, 0x1f, 0xfc, 0x70, 0x33,
    0x80, 0xce, 0x3, 0x38, 0x1c, 0xf0, 0xf1, 0xff,
    0xc1, 0xf3, 0x0, 0x38, 0x0, 0xc0, 0x6, 0x0,
    0x18, 0x0, 0x62, 0x1, 0xfc, 0x3, 0xc0,

    /* U+0107 "ć" */
    0x0, 0xe0, 0xe, 0x0, 0x60, 0x7, 0x0, 0x0,
    0x0, 0x0, 0x1f, 0x3, 0xfe, 0x38, 0x73, 0x81,
    0x9c, 0x1, 0xc0, 0xe, 0x0, 0x70, 0x3, 0x80,
    0x1c, 0x0, 0x70, 0x3, 0x81, 0x8e, 0x1c, 0x3f,
    0xe0, 0xfc, 0x0,

    /* U+0119 "ę" */
    0xf, 0x80, 0xff, 0xe, 0x3c, 0xe0, 0xee, 0x3,
    0xf0, 0x1f, 0xff, 0xff, 0xff, 0xe0, 0x7, 0x0,
    0x38, 0x0, 0xe0, 0x47, 0x87, 0x1f, 0xf0, 0x3f,
    0x0, 0x70, 0x3, 0x0, 0x30, 0x1, 0x80, 0xc,
    0x40, 0x7f, 0x1, 0xf0,

    /* U+011F "ğ" */
    0x30, 0xe0, 0xe7, 0x81, 0xfc, 0x3, 0xe0, 0x0,
    0x0, 0x0, 0x0, 0xf9, 0xcf, 0xf7, 0x78, 0x7d,
    0xc0, 0xfe, 0x3, 0xf8, 0x7, 0xe0, 0x1f, 0x80,
    0x7e, 0x1, 0xf8, 0x7, 0xf0, 0x3d, 0xc0, 0xf3,
    0x87, 0xcf, 0xf7, 0xf, 0x9c, 0x0, 0x70, 0x1,
    0xc8, 0x7, 0xf0, 0x39, 0xe1, 0xe3, 0xff, 0x3,
    0xf0,

    /* U+0131 "ı" */
    0xff, 0xff, 0xff, 0xff, 0xff, 0xf8,

    /* U+0142 "ł" */
    0x38, 0x70, 0xe1, 0xc3, 0x87, 0xe, 0x1d, 0x3e,
    0x7d, 0xf7, 0xcf, 0x87, 0xe, 0x1c, 0x38, 0x70,
    0xe1, 0xc3, 0x80,

    /* U+015F "ş" */
    0x1f, 0xf, 0xfb, 0xc7, 0xf0, 0x6e, 0x1, 0xe0,
    0x1f, 0x81, 0xfc, 0x7, 0xc0, 0x3c, 0x3, 0xe0,
    0x7e, 0x1e, 0xff, 0x8f, 0xc0, 0x40, 0x1c, 0x3,
    0xe0, 0xc, 0x1, 0x81, 0xf0, 0x3c, 0x0,

    /* U+041D "Н" */
    0xe0, 0x7, 0xe0, 0x7, 0xe0, 0x7, 0xe0, 0x7,
    0xe0, 0x7, 0xe0, 0x7, 0xe0, 0x7, 0xe0, 0x7,
    0xe0, 0x7, 0xff, 0xff, 0xff, 0xff, 0xe0, 0x7,
    0xe0, 0x7, 0xe0, 0x7, 0xe0, 0x7, 0xe0, 0x7,
    0xe0, 0x7, 0xe0, 0x7, 0xe0, 0x7, 0xe0, 0x7,
    0xe0, 0x7,

    /* U+041E "О" */
    0x3, 0xf8, 0x1, 0xff, 0xc0, 0x78, 0x3c, 0x1e,
    0x3, 0xc7, 0x80, 0x3c, 0xe0, 0x3, 0x9c, 0x0,
    0x77, 0x0, 0x7, 0xe0, 0x0, 0xfc, 0x0, 0x1f,
    0x80, 0x3, 0xf0, 0x0, 0x7e, 0x0, 0xf, 0xc0,
    0x1, 0xdc, 0x0, 0x73, 0x80, 0xe, 0x78, 0x3,
    0x87, 0x80, 0xf0, 0x78, 0x3c, 0x7, 0xff, 0x0,
    0x3f, 0x80,

    /* U+041F "П" */
    0xff, 0xff, 0xff, 0xff, 0xe0, 0x7, 0xe0, 0x7,
    0xe0, 0x7, 0xe0, 0x7, 0xe0, 0x7, 0xe0, 0x7,
    0xe0, 0x7, 0xe0, 0x7, 0xe0, 0x7, 0xe0, 0x7,
    0xe0, 0x7, 0xe0, 0x7, 0xe0, 0x7, 0xe0, 0x7,
    0xe0, 0x7, 0xe0, 0x7, 0xe0, 0x7, 0xe0, 0x7,
    0xe0, 0x7,

    /* U+0421 "С" */
    0x3, 0xf8, 0x7, 0xff, 0x7, 0x83, 0xc7, 0x80,
    0xe3, 0x80, 0x33, 0x80, 0x1, 0xc0, 0x1, 0xc0,
    0x0, 0xe0, 0x0, 0x70, 0x0, 0x38, 0x0, 0x1c,
    0x0, 0xe, 0x0, 0x7, 0x0, 0x1, 0xc0, 0x0,
    0xe0, 0x0, 0x38, 0x3, 0x1e, 0x3, 0x87, 0x83,
    0xc1, 0xff, 0xc0, 0x3f, 0x80,

    /* U+0422 "Т" */
    0xff, 0xff, 0xff, 0xfc, 0xe, 0x0, 0x1c, 0x0,
    0x38, 0x0, 0x70, 0x0, 0xe0, 0x1, 0xc0, 0x3,
    0x80, 0x7, 0x0, 0xe, 0x0, 0x1c, 0x0, 0x38,
    0x0, 0x70, 0x0, 0xe0, 0x1, 0xc0, 0x3, 0x80,
    0x7, 0x0, 0xe, 0x0, 0x1c, 0x0, 0x38, 0x0,

    /* U+0423 "У" */
    0xe0, 0x3, 0xb8, 0x1, 0x9c, 0x1, 0xc7, 0x0,
    0xc3, 0x80, 0xe0, 0xe0, 0x60, 0x70, 0x70, 0x1c,
    0x30, 0xe, 0x38, 0x3, 0x98, 0x1, 0xcc, 0x0,
    0x7e, 0x0, 0x3e, 0x0, 0xf, 0x0, 0x7, 0x0,
    0x3, 0x80, 0x1, 0x80, 0x1, 0xc0, 0x1, 0xc0,
    0xf, 0xc0, 0x7, 0xc0, 0x0,

    /* U+0430 "а" */
    0xf, 0x83, 0xfc, 0x78, 0x66, 0x7, 0x0, 0x30,
    0x3, 0x1f, 0xf7, 0xff, 0x70, 0x3e, 0x3, 0xe0,
    0x3e, 0x7, 0xf0, 0xf7, 0xff, 0x1f, 0x30,

    /* U+0431 "б" */
    0x7, 0xf0, 0x7f, 0xc3, 0xc0, 0xe, 0x0, 0x70,
    0x1, 0xc0, 0xe, 0x7c, 0x3b, 0xfc, 0xf8, 0x7b,
    0xc0, 0xef, 0x3, 0xf8, 0x7, 0xe0, 0x1f, 0x80,
    0x7e, 0x1, 0xf8, 0x7, 0x70, 0x3d, 0xc0, 0xe3,
    0x87, 0x7, 0xfc, 0xf, 0xc0,

    /* U+0432 "в" */
    0xff, 0xf, 0xfc, 0xe1, 0xee, 0xe, 0xe0, 0xee,
    0xe, 0xe1, 0xcf, 0xf8, 0xff, 0xce, 0xf, 0xe0,
    0x7e, 0x7, 0xe0, 0xff, 0xfe, 0xff, 0xc0,

    /* U+0433 "г" */
    0xff, 0xff, 0xfe, 0x3, 0x80, 0xe0, 0x38, 0xe,
    0x3, 0x80, 0xe0, 0x38, 0xe, 0x3, 0x80, 0xe0,
    0x38, 0xe, 0x0,

    /* U+0434 "д" */
    0xf, 0xfc, 0xf, 0xfc, 0xe, 0x1c, 0xe, 0x1c,
    0xe, 0x1c, 0xe, 0x1c, 0xe, 0x1c, 0xe, 0x1c,
    0xe, 0x1c, 0xe, 0x1c, 0xe, 0x1c, 0x1c, 0x1c,
    0x1c, 0x1c, 0xff, 0xff, 0xff, 0xff, 0xc0, 0x3,
    0xc0, 0x3, 0xc0, 0x3, 0xc0, 0x3, 0xc0, 0x3,

    /* U+0435 "е" */
    0xf, 0x80, 0xff, 0xe, 0x3c, 0xe0, 0xee, 0x3,
    0xf0, 0x1f, 0xff, 0xff, 0xff, 0xe0, 0x7, 0x0,
    0x38, 0x0, 0xe0, 0x43, 0x87, 0xf, 0xf0, 0x3f,
    0x0,

    /* U+0436 "ж" */
    0x60, 0x70, 0x3b, 0x83, 0x83, 0x8e, 0x1c, 0x38,
    0x70, 0xe1, 0xc1, 0xc7, 0x1c, 0x6, 0x38, 0xc0,
    0x39, 0xce, 0x0, 0xff, 0xe0, 0x7, 0xff, 0x0,
    0x73, 0x9c, 0x7, 0x1c, 0x70, 0x30, 0xe1, 0x83,
    0x87, 0xe, 0x38, 0x38, 0x3b, 0x81, 0xc0, 0xe0,

    /* U+0437 "з" */
    0x1f, 0x8f, 0xfb, 0x87, 0xa0, 0x70, 0xe, 0x3,
    0x87, 0xe0, 0xfc, 0x1, 0xc0, 0x1c, 0x3, 0xe0,
    0x7e, 0x1e, 0xff, 0x8f, 0xc0,

    /* U+0438 "и" */
    0xe0, 0x7e, 0x7, 0xe0, 0xfe, 0x1f, 0xe1, 0xfe,
    0x37, 0xe3, 0x7e, 0x67, 0xec, 0x7e, 0xc7, 0xf8,
    0x7f, 0x87, 0xf0, 0x7e, 0x7, 0xe0, 0x70,

    /* U+0439 "й" */
    0x30, 0xe3, 0x9e, 0x1f, 0xc0, 0xf8, 0x0, 0x0,
    0x0, 0xe0, 0x3e, 0x7, 0xe0, 0xfe, 0xf, 0xe1,
    0xfe, 0x37, 0xe3, 0x7e, 0x67, 0xe4, 0x7e, 0xc7,
    0xf8, 0x7f, 0x87, 0xf0, 0x7e, 0x7, 0xe0, 0x70,

    /* U+043A "к" */
    0xe0, 0x37, 0x3, 0xb8, 0x39, 0xc3, 0x8e, 0x18,
    0x71, 0xc3, 0x9c, 0x1f, 0xc0, 0xff, 0x7, 0x38,
    0x38, 0xe1, 0xc3, 0x8e, 0xe, 0x70, 0x3b, 0x80,
    0xe0,

    /* U+043B "л" */
    0x1f, 0xfc, 0x7f, 0xf1, 0x81, 0xc6, 0x7, 0x18,
    0x1c, 0x60, 0x71, 0x81, 0xc6, 0x7, 0x18, 0x1c,
    0x60, 0x71, 0x81, 0xc6, 0x7, 0x30, 0x1f, 0xc0,
    0x7e, 0x1, 0xc0,

    /* U+043C "м" */
    0xe0, 0x7, 0xf0, 0xf, 0xf0, 0xf, 0xf8, 0x1f,
    0xf8, 0x1f, 0xec, 0x37, 0xee, 0x37, 0xe6, 0x67,
    0xe7, 0xe7, 0xe3, 0xc7, 0xe3, 0xc7, 0xe1, 0x87,
    0xe0, 0x7, 0xe0, 0x7, 0xe0, 0x7,

    /* U+043D "н" */
    0xe0, 0x7e, 0x7, 0xe0, 0x7e, 0x7, 0xe0, 0x7e,
    0x7, 0xe0, 0x7f, 0xff, 0xff, 0xfe, 0x7, 0xe0,
    0x7e, 0x7, 0xe0, 0x7e, 0x7, 0xe0, 0x70,

    /* U+043E "о" */
    0xf, 0xc0, 0x7f, 0x83, 0x87, 0x1c, 0xe, 0x70,
    0x3b, 0x80, 0x7e, 0x1, 0xf8, 0x7, 0xe0, 0x1f,
    0x80, 0x77, 0x3, 0x9c, 0xe, 0x38, 0x70, 0x7f,
    0x80, 0xfc, 0x0,

    /* U+043F "п" */
    0xff, 0xff, 0xff, 0xe0, 0x7e, 0x7, 0xe0, 0x7e,
    0x7, 0xe0, 0x7e, 0x7, 0xe0, 0x7e, 0x7, 0xe0,
    0x7e, 0x7, 0xe0, 0x7e, 0x7, 0xe0, 0x70,

    /* U+0440 "р" */
    0xe7, 0xc3, 0xbf, 0xcf, 0x87, 0x3c, 0xe, 0xf0,
    0x3f, 0x80, 0x7e, 0x1, 0xf8, 0x7, 0xe0, 0x1f,
    0x80, 0x7f, 0x3, 0xfc, 0xe, 0xf8, 0x7b, 0xbf,
    0xce, 0x7c, 0x38, 0x0, 0xe0, 0x3, 0x80, 0xe,
    0x0, 0x38, 0x0, 0xe0, 0x3, 0x80, 0x0,

    /* U+0441 "с" */
    0x7, 0xc0, 0xff, 0x8e, 0x1c, 0xe0, 0x67, 0x0,
    0x70, 0x3, 0x80, 0x1c, 0x0, 0xe0, 0x7, 0x0,
    0x1c, 0x0, 0xe0, 0x63, 0x87, 0xf, 0xf8, 0x3f,
    0x0,

    /* U+0442 "т" */
    0xff, 0xff, 0xff, 0x7, 0x0, 0x70, 0x7, 0x0,
    0x70, 0x7, 0x0, 0x70, 0x7, 0x0, 0x70, 0x7,
    0x0, 0x70, 0x7, 0x0, 0x70, 0x7, 0x0,

    /* U+0443 "у" */
    0xe0, 0xd, 0x80, 0x77, 0x1, 0x8c, 0x6, 0x38,
    0x38, 0xe0, 0xc1, 0x87, 0x7, 0x18, 0xc, 0x60,
    0x33, 0x80, 0xec, 0x1, 0xb0, 0x7, 0x80, 0x1e,
    0x0, 0x38, 0x0, 0xc0, 0x3, 0x0, 0x1c, 0x0,
    0x60, 0x3, 0x80, 0xfc, 0x3, 0xe0, 0x0,

    /* U+0444 "ф" */
    0x1, 0xc0, 0x0, 0x70, 0x0, 0x1c, 0x0, 0x7,
    0x0, 0x1, 0xc0, 0x3, 0xff, 0x3, 0xff, 0xe1,
    0xe7, 0x3c, 0x71, 0xc3, 0xb8, 0x70, 0xfe, 0x1c,
    0x1f, 0x87, 0x7, 0xe1, 0xc1, 0xf8, 0x70, 0x7e,
    0x1c, 0x3d, 0xc7, 0xe, 0x79, 0xc7, 0x8f, 0xff,
    0xc1, 0xff, 0xc0, 0xf, 0x80, 0x1, 0xc0, 0x0,
    0x70, 0x0, 0x1c, 0x0, 0x7, 0x0, 0x1, 0xc0,
    0x0, 0x70, 0x0,

    /* U+0447 "ч" */
    0xe0, 0x7e, 0x7, 0xe0, 0x7e, 0x7, 0xe0, 0x7e,
    0x7, 0xe0, 0x7f, 0xf, 0x7f, 0xf3, 0xe7, 0x0,
    0x70, 0x7, 0x0, 0x70, 0x7, 0x0, 0x70,

    /* U+0448 "ш" */
    0xe1, 0xc3, 0xf0, 0xe1, 0xf8, 0x70, 0xfc, 0x38,
    0x7e, 0x1c, 0x3f, 0xe, 0x1f, 0x87, 0xf, 0xc3,
    0x87, 0xe1, 0xc3, 0xf0, 0xe1, 0xf8, 0x70, 0xfc,
    0x38, 0x7e, 0x1c, 0x3f, 0xff, 0xff, 0xff, 0xfe,

    /* U+0449 "щ" */
    0xe1, 0xc1, 0xce, 0x1c, 0x1c, 0xe1, 0xc1, 0xce,
    0x1c, 0x1c, 0xe1, 0xc1, 0xce, 0x1c, 0x1c, 0xe1,
    0xc1, 0xce, 0x1c, 0x1c, 0xe1, 0xc1, 0xce, 0x1c,
    0x1c, 0xe1, 0xc1, 0xce, 0x1c, 0x1c, 0xe1, 0xc1,
    0xcf, 0xff, 0xff, 0xff, 0xff, 0xf0, 0x0, 0x3,
    0x0, 0x0, 0x30, 0x0, 0x3, 0x0, 0x0, 0x30,
    0x0, 0x3,

    /* U+044C "ь" */
    0xe0, 0xe, 0x0, 0xe0, 0xe, 0x0, 0xe0, 0xe,
    0x0, 0xff, 0x8f, 0xfe, 0xe0, 0xfe, 0x7, 0xe0,
    0x7e, 0x7, 0xe0, 0xef, 0xfe, 0xff, 0x80,

    /* U+044E "ю" */
    0xe0, 0x7c, 0x38, 0x3f, 0xce, 0x1c, 0x7b, 0x8e,
    0xe, 0xe3, 0x1, 0xf8, 0xc0, 0x7f, 0xf0, 0x1f,
    0xfc, 0x7, 0xe3, 0x1, 0xf8, 0xc0, 0x7e, 0x30,
    0x1f, 0x8e, 0xe, 0xe1, 0xc7, 0xb8, 0x3f, 0xce,
    0x7, 0xc0,

    /* U+044F "я" */
    0xf, 0xf3, 0xff, 0x78, 0x77, 0x7, 0x70, 0x77,
    0x7, 0x78, 0x73, 0xff, 0xf, 0xf0, 0xc7, 0x1c,
    0x73, 0x87, 0x30, 0x77, 0x7, 0xe0, 0x70,

    /* U+3002 "。" */
    0x3c, 0x66, 0xc3, 0xc3, 0xc3, 0x66, 0x3c,

    /* U+304C "が" */
    0x0, 0x0, 0x2, 0x0, 0xc0, 0x3, 0x0, 0x60,
    0x8, 0xc0, 0x30, 0x6, 0x30, 0x18, 0x1, 0x98,
    0xc, 0x0, 0xc0, 0x6, 0x0, 0x30, 0x3, 0xe0,
    0x0, 0x7f, 0xfc, 0x8, 0x3f, 0xff, 0xc, 0x0,
    0xc1, 0xc7, 0x0, 0x60, 0x61, 0x80, 0x30, 0x30,
    0xc0, 0x30, 0x18, 0x70, 0x18, 0xc, 0x38, 0xc,
    0x6, 0xc, 0xc, 0x3, 0x6, 0x6, 0x1, 0x80,
    0x7, 0x0, 0xc0, 0x3, 0x0, 0xc0, 0x3, 0x80,
    0x60, 0x1, 0x80, 0x70, 0x1, 0xc7, 0xf0, 0x1,
    0xc3, 0xf0, 0x0, 0x20, 0x0, 0x0, 0x0,

    /* U+3057 "し" */
    0xc0, 0x0, 0x60, 0x0, 0x30, 0x0, 0x18, 0x0,
    0xc, 0x0, 0x6, 0x0, 0x3, 0x0, 0x1, 0x80,
    0x0, 0xc0, 0x0, 0x60, 0x0, 0x30, 0x0, 0x18,
    0x0, 0xc, 0x0, 0x6, 0x0, 0x3, 0x0, 0x5,
    0x80, 0x7, 0xc0, 0x3, 0xe0, 0x3, 0x98, 0x3,
    0x8c, 0x3, 0x87, 0x7, 0x81, 0xff, 0x0, 0x3e,
    0x0,

    /* U+3059 "す" */
    0x0, 0x7, 0x0, 0x0, 0xe, 0x0, 0x0, 0x1c,
    0x7, 0xff, 0xff, 0xff, 0xff, 0xff, 0xe0, 0x0,
    0xe0, 0x0, 0x1, 0xc0, 0x0, 0x3, 0x80, 0x0,
    0xf7, 0x0, 0x3, 0xfe, 0x0, 0xe, 0x3c, 0x0,
    0x18, 0x38, 0x0, 0x30, 0x70, 0x0, 0x60, 0xe0,
    0x0, 0xe3, 0xc0, 0x0, 0xff, 0x80, 0x0, 0xf6,
    0x0, 0x0, 0xc, 0x0, 0x0, 0x18, 0x0, 0x0,
    0x60, 0x0, 0x1, 0xc0, 0x0, 0xf, 0x0, 0x0,
    0xf8, 0x0, 0x1, 0xc0, 0x0,

    /* U+3067 "で" */
    0xff, 0xff, 0xfd, 0xff, 0xff, 0x0, 0x0, 0x1c,
    0x0, 0x0, 0x70, 0x40, 0x1, 0xc0, 0xc0, 0x3,
    0x19, 0x80, 0xc, 0x19, 0x80, 0x38, 0x33, 0x0,
    0x60, 0x30, 0x1, 0xc0, 0x60, 0x3, 0x0, 0x0,
    0x6, 0x0, 0x0, 0x1c, 0x0, 0x0, 0x38, 0x0,
    0x0, 0x70, 0x0, 0x0, 0xe0, 0x0, 0x0, 0xc0,
    0x0, 0x1, 0xc0, 0x0, 0x1, 0xe0, 0x0, 0x1,
    0xfe, 0x0, 0x0, 0x7c, 0x0,

    /* U+306A "な" */
    0x3, 0x0, 0x0, 0xc, 0x0, 0x0, 0x30, 0x0,
    0x1, 0xc0, 0x0, 0x7f, 0xf9, 0xfd, 0xff, 0xe7,
    0xf0, 0x60, 0x18, 0x1, 0x80, 0x60, 0xe, 0x1,
    0x80, 0x38, 0x6, 0x0, 0xc0, 0x18, 0x7, 0x0,
    0x60, 0x18, 0x1, 0x80, 0x60, 0x6, 0x3, 0x80,
    0x18, 0x1c, 0x1f, 0xe0, 0x70, 0xff, 0xc3, 0x87,
    0x7, 0x84, 0x38, 0x1f, 0x80, 0xe0, 0x67, 0x3,
    0x81, 0x8c, 0x7, 0xc, 0x0, 0xf, 0xf0, 0x0,
    0x1f, 0x80,

    /* U+306B "に" */
    0x60, 0x0, 0x3, 0x0, 0x0, 0x18, 0x0, 0x1,
    0xc3, 0xff, 0xec, 0xf, 0xff, 0x60, 0x40, 0x3,
    0x0, 0x0, 0x18, 0x0, 0x0, 0xc0, 0x0, 0x6,
    0x0, 0x0, 0x30, 0x0, 0x1, 0x80, 0x0, 0xc,
    0xc, 0x0, 0x60, 0xc0, 0x3, 0x6, 0x0, 0x18,
    0x30, 0x0, 0xc1, 0x80, 0x6, 0xf, 0x0, 0x38,
    0x3f, 0xfe, 0xc0, 0x7f, 0xf6, 0x0, 0x0, 0x30,
    0x0, 0x0,

    /* U+306E "の" */
    0x0, 0x7f, 0x0, 0x7, 0xff, 0xc0, 0x1f, 0xc3,
    0xc0, 0x71, 0x81, 0xc1, 0xc7, 0x1, 0xc7, 0xe,
    0x1, 0x9c, 0x18, 0x3, 0xb0, 0x30, 0x3, 0x60,
    0x60, 0x7, 0x81, 0xc0, 0xf, 0x3, 0x80, 0x1e,
    0x6, 0x0, 0x3c, 0xc, 0x0, 0x78, 0x38, 0x1,
    0xb0, 0x60, 0x3, 0x71, 0xc0, 0xe, 0x63, 0x0,
    0x38, 0xfe, 0x1, 0xe0, 0x70, 0xf, 0x80, 0x0,
    0x7c, 0x0, 0x0, 0x60, 0x0,

    /* U+307E "ま" */
    0x0, 0x60, 0x0, 0x6, 0x0, 0x0, 0x60, 0xf,
    0xff, 0xff, 0xff, 0xff, 0xf0, 0x6, 0x0, 0x0,
    0x60, 0x0, 0x6, 0x0, 0x0, 0x60, 0x3, 0xff,
    0xfc, 0x3f, 0xff, 0xc0, 0x6, 0x0, 0x0, 0x60,
    0x0, 0x6, 0x0, 0x0, 0x60, 0x1, 0xfe, 0x0,
    0x7f, 0xf8, 0x7, 0x7, 0xe0, 0xc0, 0x6f, 0x8c,
    0x6, 0x3c, 0xc0, 0x60, 0xee, 0xc, 0x6, 0x7f,
    0xc0, 0x21, 0xf0, 0x0,

    /* U+30A1 "ァ" */
    0xff, 0xff, 0xff, 0xff, 0xf0, 0x0, 0x1c, 0x0,
    0xe, 0x1, 0xc7, 0x0, 0x73, 0x80, 0x1c, 0xc0,
    0x7, 0x70, 0x1, 0x80, 0x0, 0x60, 0x0, 0x18,
    0x0, 0xe, 0x0, 0x3, 0x0, 0x1, 0xc0, 0x0,
    0xe0, 0x0, 0x78, 0x0, 0x3c, 0x0, 0x4, 0x0,
    0x0,

    /* U+30A4 "イ" */
    0x0, 0x0, 0x0, 0x0, 0x1, 0x80, 0x0, 0x1c,
    0x0, 0x1, 0xc0, 0x0, 0x1c, 0x0, 0x3, 0xc0,
    0x0, 0x3c, 0x0, 0x3, 0xc0, 0x0, 0x78, 0x0,
    0x7, 0xc0, 0x0, 0xfe, 0x0, 0xf, 0x30, 0x1,
    0xf1, 0x80, 0x3e, 0xc, 0x3, 0xc0, 0x60, 0x8,
    0x3, 0x0, 0x0, 0x18, 0x0, 0x0, 0xc0, 0x0,
    0x6, 0x0, 0x0, 0x30, 0x0, 0x1, 0x80, 0x0,
    0xc, 0x0, 0x0, 0x60, 0x0, 0x3, 0x0,

    /* U+30A6 "ウ" */
    0x0, 0x60, 0x0, 0x6, 0x0, 0x0, 0x60, 0x0,
    0x6, 0x0, 0x0, 0x60, 0xf, 0xff, 0xff, 0xff,
    0xff, 0xfc, 0x0, 0x3, 0xc0, 0x0, 0x3c, 0x0,
    0x3, 0xc0, 0x0, 0x3c, 0x0, 0x3, 0xc0, 0x0,
    0x30, 0x0, 0x3, 0x0, 0x0, 0x60, 0x0, 0x6,
    0x0, 0x0, 0xe0, 0x0, 0x1c, 0x0, 0x3, 0x80,
    0x0, 0x78, 0x0, 0x1f, 0x0, 0xf, 0xc0, 0x1,
    0xf0, 0x0, 0x8, 0x0,

    /* U+30A8 "エ" */
    0x3f, 0xff, 0xf8, 0x7f, 0xff, 0xf0, 0x0, 0xe0,
    0x0, 0x1, 0xc0, 0x0, 0x3, 0x80, 0x0, 0x7,
    0x0, 0x0, 0xe, 0x0, 0x0, 0x1c, 0x0, 0x0,
    0x38, 0x0, 0x0, 0x70, 0x0, 0x0, 0xe0, 0x0,
    0x1, 0xc0, 0x0, 0x3, 0x80, 0x0, 0x7, 0x0,
    0x0, 0xe, 0x0, 0x7f, 0xff, 0xff, 0xff, 0xff,
    0xfe,

    /* U+30B7 "シ" */
    0x18, 0x0, 0x0, 0x7c, 0x0, 0x0, 0xfc, 0x0,
    0x0, 0x7c, 0x0, 0x0, 0x70, 0x0, 0x0, 0x0,
    0x0, 0x0, 0x0, 0x80, 0x0, 0x3, 0xf0, 0x0,
    0x1f, 0xf8, 0x0, 0xe3, 0xfc, 0x3, 0x80, 0xe0,
    0x1c, 0x0, 0x80, 0xe0, 0x0, 0x7, 0x80, 0x0,
    0x3c, 0x0, 0x1, 0xe0, 0x0, 0xf, 0x0, 0x0,
    0xf8, 0x0, 0x1f, 0x80, 0xf, 0xfc, 0x0, 0x3f,
    0xc0, 0x0, 0xe0, 0x0, 0x0,

    /* U+30B8 "ジ" */
    0x0, 0x0, 0x0, 0x0, 0x0, 0x66, 0x18, 0x0,
    0x66, 0x1f, 0x0, 0x32, 0xf, 0xc0, 0x33, 0x1,
    0xf0, 0x30, 0x0, 0x70, 0x0, 0x0, 0x0, 0x0,
    0x0, 0x0, 0x8, 0x0, 0x0, 0xc, 0xf0, 0x0,
    0x1c, 0xfe, 0x0, 0x38, 0x3f, 0xc0, 0x38, 0x3,
    0x80, 0x70, 0x0, 0x80, 0xe0, 0x0, 0x1, 0xe0,
    0x0, 0x3, 0xc0, 0x0, 0x7, 0x80, 0x0, 0xf,
    0x0, 0x0, 0x3e, 0x0, 0x1, 0xf8, 0x0, 0x3f,
    0xf0, 0x0, 0x3f, 0xc0, 0x0, 0x38, 0x0, 0x0,

    /* U+30B9 "ス" */
    0x1f, 0xff, 0xe0, 0x1f, 0xff, 0xe0, 0x0, 0x0,
    0x60, 0x0, 0x0, 0xe0, 0x0, 0x0, 0xe0, 0x0,
    0x0, 0xc0, 0x0, 0x1, 0xc0, 0x0, 0x1, 0x80,
    0x0, 0x3, 0x80, 0x0, 0x7, 0x0, 0x0, 0xe,
    0x0, 0x0, 0xe, 0x0, 0x0, 0x1f, 0x0, 0x0,
    0x3b, 0x80, 0x0, 0xf1, 0xc0, 0x1, 0xe0, 0xe0,
    0x3, 0xc0, 0x70, 0xf, 0x0, 0x38, 0x3e, 0x0,
    0x1c, 0xf8, 0x0, 0xe, 0x70, 0x0, 0x6, 0x0,
    0x0, 0x0,

    /* U+30C0 "ダ" */
    0x0, 0x0, 0x4, 0x0, 0x0, 0x66, 0x0, 0x0,
    0x26, 0x0, 0xc0, 0x22, 0x1, 0xc0, 0x33, 0x1,
    0x80, 0x10, 0x3, 0x80, 0x0, 0x3, 0xff, 0xf0,
    0x7, 0xff, 0xf0, 0x7, 0x0, 0x30, 0xe, 0x0,
    0x30, 0xc, 0x0, 0x30, 0x1c, 0x0, 0x30, 0x39,
    0xc0, 0x70, 0x70, 0xf0, 0x60, 0x60, 0x78, 0x60,
    0x0, 0x3c, 0xe0, 0x0, 0xe, 0xc0, 0x0, 0x7,
    0xc0, 0x0, 0x3, 0x80, 0x0, 0x7, 0x0, 0x0,
    0xe, 0x0, 0x0, 0x1c, 0x0, 0x0, 0x78, 0x0,
    0x3, 0xf0, 0x0, 0x1, 0xc0, 0x0,

    /* U+30C6 "テ" */
    0x1f, 0xff, 0xf0, 0x3f, 0xff, 0xe0, 0x0, 0x0,
    0x0, 0x0, 0x0, 0x0, 0x0, 0x0, 0x0, 0x0,
    0x0, 0x0, 0x0, 0x0, 0x0, 0x0, 0x0, 0xff,
    0xff, 0xff, 0xff, 0xff, 0xfc, 0x0, 0x30, 0x0,
    0x0, 0x60, 0x0, 0x1, 0xc0, 0x0, 0x3, 0x80,
    0x0, 0x6, 0x0, 0x0, 0xc, 0x0, 0x0, 0x38,
    0x0, 0x0, 0xe0, 0x0, 0x3, 0x80, 0x0, 0x1e,
    0x0, 0x0, 0xf8, 0x0, 0x1, 0xe0, 0x0, 0x0,

    /* U+30C9 "ド" */
    0xc0, 0x18, 0xc0, 0x4c, 0xc0, 0xc6, 0xc0, 0x66,
    0xc0, 0x32, 0xc0, 0x30, 0xc0, 0x0, 0xf0, 0x0,
    0xfc, 0x0, 0xdf, 0x0, 0xc7, 0xc0, 0xc1, 0xf0,
    0xc0, 0x78, 0xc0, 0x1e, 0xc0, 0xe, 0xc0, 0x4,
    0xc0, 0x0, 0xc0, 0x0, 0xc0, 0x0, 0xc0, 0x0,
    0xc0, 0x0, 0xc0, 0x0, 0xc0, 0x0,

    /* U+30D0 "バ" */
    0x0, 0x0, 0x1, 0x80, 0x0, 0x1, 0x10, 0x0,
    0x0, 0x33, 0x0, 0x0, 0x6, 0x20, 0x18, 0xc,
    0x66, 0x3, 0x1, 0xcc, 0x0, 0x60, 0x18, 0x0,
    0x1c, 0x3, 0x80, 0x3, 0x80, 0x30, 0x0, 0x60,
    0x7, 0x0, 0xc, 0x0, 0xe0, 0x3, 0x80, 0xc,
    0x0, 0x60, 0x1, 0xc0, 0xc, 0x0, 0x18, 0x3,
    0x80, 0x3, 0x0, 0x60, 0x0, 0x70, 0xc, 0x0,
    0x6, 0x3, 0x80, 0x0, 0xc0, 0x60, 0x0, 0x1c,
    0x1c, 0x0, 0x1, 0x83, 0x0, 0x0, 0x30, 0xe0,
    0x0, 0x7, 0x18, 0x0, 0x0, 0xe1, 0x0, 0x0,
    0x8,

    /* U+30D5 "フ" */
    0xff, 0xff, 0xff, 0xff, 0xfc, 0x0, 0x1, 0x80,
    0x0, 0x30, 0x0, 0x6, 0x0, 0x0, 0xc0, 0x0,
    0x18, 0x0, 0x6, 0x0, 0x0, 0xc0, 0x0, 0x18,
    0x0, 0x6, 0x0, 0x0, 0xc0, 0x0, 0x30, 0x0,
    0xe, 0x0, 0x3, 0x80, 0x1, 0xe0, 0x0, 0xf8,
    0x0, 0x7e, 0x0, 0x7f, 0x0, 0x7, 0x0, 0x0,

    /* U+30E0 "ム" */
    0x0, 0x60, 0x0, 0x0, 0xc0, 0x0, 0x3, 0x80,
    0x0, 0x7, 0x0, 0x0, 0xc, 0x0, 0x0, 0x38,
    0x0, 0x0, 0x70, 0x0, 0x0, 0xc0, 0x0, 0x1,
    0x80, 0x0, 0x7, 0x0, 0x0, 0xc, 0x7, 0x0,
    0x38, 0x7, 0x0, 0x70, 0xe, 0x0, 0xc0, 0xe,
    0x3, 0x80, 0xc, 0x6, 0x0, 0x1c, 0xc, 0x0,
    0x18, 0x38, 0x0, 0xf8, 0x63, 0xff, 0xf7, 0xff,
    0xff, 0x6f, 0xfc, 0x0, 0xe0, 0x0, 0x0, 0xc0,
    0x0, 0x0, 0x0,

    /* U+30E7 "ョ" */
    0xff, 0xff, 0xff, 0xf0, 0x0, 0xc0, 0x3, 0x0,
    0xc, 0x0, 0x30, 0x0, 0xdf, 0xff, 0x7f, 0xfc,
    0x0, 0x30, 0x0, 0xc0, 0x3, 0x0, 0xc, 0x0,
    0x30, 0x0, 0xff, 0xff, 0xff, 0xfc,

    /* U+30E9 "ラ" */
    0x3f, 0xff, 0xc3, 0xff, 0xfc, 0x0, 0x0, 0x0,
    0x0, 0x0, 0x0, 0x0, 0x0, 0x0, 0x0, 0x0,
    0x0, 0x0, 0x0, 0x0, 0xff, 0xff, 0xff, 0xff,
    0xff, 0x0, 0x0, 0x70, 0x0, 0x6, 0x0, 0x0,
    0x60, 0x0, 0xe, 0x0, 0x0, 0xe0, 0x0, 0x1c,
    0x0, 0x1, 0x80, 0x0, 0x38, 0x0, 0xf, 0x0,
    0x3, 0xe0, 0x3, 0xf8, 0x1, 0xfe, 0x0, 0xf,
    0x0, 0x0,

    /* U+30EB "ル" */
    0x3, 0x3, 0x0, 0x0, 0xc0, 0xc0, 0x0, 0x30,
    0x30, 0x0, 0xc, 0xc, 0x0, 0x3, 0x3, 0x0,
    0x0, 0xc0, 0xc0, 0x0, 0x30, 0x30, 0x0, 0xc,
    0xc, 0x0, 0x3, 0x3, 0x0, 0x0, 0xc0, 0xc0,
    0x0, 0x30, 0x30, 0x0, 0xc, 0xc, 0x0, 0x3,
    0x3, 0x1, 0xc1, 0xc0, 0xc0, 0x60, 0x60, 0x30,
    0x18, 0x18, 0xc, 0xe, 0xe, 0x3, 0x7, 0x7,
    0x0, 0xc3, 0x83, 0x80, 0x31, 0xc1, 0xe0, 0xf,
    0xe0, 0xf0, 0x3, 0xe0, 0x10, 0x0, 0x0, 0x0,

    /* U+30ED "ロ" */
    0xff, 0xff, 0xff, 0xff, 0xff, 0x0, 0x1, 0xe0,
    0x0, 0x3c, 0x0, 0x7, 0x80, 0x0, 0xf0, 0x0,
    0x1e, 0x0, 0x3, 0xc0, 0x0, 0x78, 0x0, 0xf,
    0x0, 0x1, 0xe0, 0x0, 0x3c, 0x0, 0x7, 0x80,
    0x0, 0xf0, 0x0, 0x1e, 0x0, 0x3, 0xff, 0xff,
    0xff, 0xff, 0xfc,

    /* U+30F3 "ン" */
    0x40, 0x0, 0x1, 0xc0, 0x0, 0x7, 0xc0, 0x0,
    0x7, 0xc0, 0x2, 0x7, 0xc0, 0xc, 0x7, 0x0,
    0x70, 0x4, 0x1, 0x80, 0x0, 0xe, 0x0, 0x0,
    0x30, 0x0, 0x1, 0xc0, 0x0, 0xe, 0x0, 0x0,
    0x70, 0x0, 0x1, 0xc0, 0x0, 0xe, 0x0, 0x0,
    0xf0, 0x0, 0x7, 0x0, 0x0, 0x78, 0x0, 0xf,
    0xc0, 0x3, 0xfc, 0x0, 0xf, 0x80, 0x0,

    /* U+30FC "ー" */
    0xff, 0xff, 0xff, 0xff, 0xff, 0xff,

    /* U+4E0B "下" */
    0xff, 0xff, 0xff, 0xff, 0xff, 0xff, 0xc0, 0x6,
    0x0, 0x0, 0x3, 0x0, 0x0, 0x1, 0x80, 0x0,
    0x0, 0xc0, 0x0, 0x0, 0x70, 0x0, 0x0, 0x3e,
    0x0, 0x0, 0x1f, 0x80, 0x0, 0xd, 0xf0, 0x0,
    0x6, 0x3e, 0x0, 0x3, 0x7, 0xc0, 0x1, 0x81,
    0xe0, 0x0, 0xc0, 0x20, 0x0, 0x60, 0x0, 0x0,
    0x30, 0x0, 0x0, 0x18, 0x0, 0x0, 0xc, 0x0,
    0x0, 0x6, 0x0, 0x0, 0x3, 0x0, 0x0, 0x1,
    0x80, 0x0, 0x0, 0xc0, 0x0, 0x0, 0x60, 0x0,

    /* U+4EF6 "件" */
    0x2, 0x0, 0xe0, 0x1, 0xc0, 0x38, 0x0, 0x71,
    0x8e, 0x0, 0x18, 0x63, 0x80, 0xe, 0x18, 0xe0,
    0x3, 0x8e, 0x38, 0x0, 0xc3, 0xff, 0xf8, 0x70,
    0xff, 0xfe, 0x1c, 0x70, 0xe0, 0xf, 0x18, 0x38,
    0x3, 0xc6, 0xe, 0x1, 0xf3, 0x83, 0x80, 0xec,
    0x40, 0xe0, 0x3b, 0x0, 0x38, 0x4, 0xc0, 0xe,
    0x0, 0x33, 0xff, 0xff, 0xc, 0xff, 0xff, 0xc3,
    0x0, 0x38, 0x0, 0xc0, 0xe, 0x0, 0x30, 0x3,
    0x80, 0xc, 0x0, 0xe0, 0x3, 0x0, 0x38, 0x0,
    0xc0, 0xe, 0x0, 0x30, 0x3, 0x80, 0xc, 0x0,
    0xe0, 0x3, 0x0, 0x38, 0x0,

    /* U+518D "再" */
    0x7f, 0xff, 0xff, 0x9f, 0xff, 0xff, 0xe0, 0x0,
    0xc0, 0x0, 0x0, 0x30, 0x0, 0x0, 0xc, 0x0,
    0x7, 0xff, 0xff, 0x81, 0xff, 0xff, 0xe0, 0x70,
    0x30, 0x38, 0x1c, 0xc, 0xe, 0x7, 0x3, 0x3,
    0x81, 0xff, 0xff, 0xe0, 0x7f, 0xff, 0xf8, 0x1c,
    0xc, 0xe, 0x7, 0x3, 0x3, 0x81, 0xc0, 0xc0,
    0xe3, 0xff, 0xff, 0xff, 0xff, 0xff, 0xff, 0xc7,
    0x0, 0x3, 0x81, 0xc0, 0x0, 0xe0, 0x70, 0x0,
    0x38, 0x1c, 0x0, 0xe, 0x7, 0x0, 0x3, 0x1,
    0xc0, 0xf, 0xc0, 0x70, 0x3, 0xe0,

    /* U+51FA "出" */
    0x0, 0x30, 0x0, 0x1, 0x80, 0x18, 0xc, 0xc,
    0xc0, 0x60, 0x66, 0x3, 0x3, 0x30, 0x18, 0x19,
    0x80, 0xc0, 0xcc, 0x6, 0x6, 0x60, 0x30, 0x33,
    0x1, 0x81, 0x9f, 0xff, 0xfc, 0xff, 0xff, 0xe0,
    0x3, 0x0, 0x0, 0x18, 0x3, 0x0, 0xc0, 0x78,
    0x6, 0x3, 0xc0, 0x30, 0x1e, 0x1, 0x80, 0xf0,
    0xc, 0x7, 0x80, 0x60, 0x3c, 0x3, 0x1, 0xe0,
    0x18, 0xf, 0xff, 0xff, 0xff, 0xff, 0xff, 0x0,
    0x0, 0x18,

    /* U+524D "前" */
    0x1, 0x0, 0x40, 0x1, 0xc0, 0x30, 0x0, 0x60,
    0x38, 0x0, 0x38, 0x38, 0xf, 0xff, 0xff, 0xff,
    0xff, 0xff, 0xfc, 0x0, 0x0, 0x0, 0x0, 0x0,
    0x0, 0x0, 0x0, 0x6, 0x1f, 0xf8, 0xc3, 0xf,
    0xfc, 0x61, 0x86, 0x6, 0x30, 0xc3, 0x3, 0x18,
    0x61, 0xff, 0x8c, 0x30, 0xff, 0xc6, 0x18, 0x60,
    0x63, 0xc, 0x30, 0x31, 0x86, 0x18, 0x18, 0xc3,
    0xf, 0xfc, 0x61, 0x87, 0xfe, 0x30, 0xc3, 0x3,
    0x18, 0x61, 0x81, 0x80, 0x30, 0xc0, 0xc0, 0x38,
    0x60, 0x60, 0x1c, 0x31, 0xf0, 0xfc, 0x18, 0xf0,
    0x7e, 0x0,

    /* U+529F "功" */
    0x0, 0x1, 0x80, 0x0, 0x1, 0x80, 0x0, 0x1,
    0x80, 0x7f, 0xc1, 0x80, 0x7f, 0xc1, 0x80, 0xe,
    0x1f, 0xff, 0xe, 0x1f, 0xff, 0xe, 0x1, 0x83,
    0xe, 0x1, 0x83, 0xe, 0x1, 0x83, 0xe, 0x1,
    0x83, 0xe, 0x1, 0x83, 0xe, 0x1, 0x83, 0xe,
    0x1, 0x83, 0xe, 0x1, 0x83, 0xe, 0x3, 0x3,
    0xe, 0x63, 0x3, 0xf, 0xe3, 0x3, 0x3f, 0xc6,
    0x3, 0xfe, 0xe, 0x3, 0x70, 0xc, 0x3, 0x0,
    0x1c, 0x7, 0x0, 0x38, 0x6, 0x0, 0xf0, 0xfe,
    0x0, 0xe0, 0x7c, 0x0, 0x40, 0x0,

    /* U+52A8 "动" */
    0x0, 0x0, 0xc0, 0x0, 0x0, 0xc0, 0x7f, 0xe0,
    0xc0, 0x7f, 0xe0, 0xc0, 0x0, 0x0, 0xc0, 0x0,
    0xf, 0xff, 0x0, 0xf, 0xff, 0x0, 0x0, 0xc3,
    0x0, 0x0, 0xc3, 0xff, 0xf0, 0xc3, 0xff, 0xf0,
    0xc3, 0xc, 0x0, 0xc3, 0xc, 0x0, 0xc3, 0x1c,
    0x0, 0xc3, 0x19, 0xc0, 0xc3, 0x18, 0xc1, 0xc3,
    0x38, 0xe1, 0x83, 0x30, 0x61, 0x83, 0x30, 0x61,
    0x83, 0x71, 0xf3, 0x3, 0xff, 0xf3, 0x3, 0xff,
    0x37, 0x3, 0xf0, 0x2e, 0x7, 0x0, 0x1c, 0x7e,
    0x0, 0x1c, 0x7c, 0x0, 0x8, 0x0,

    /* U+52B9 "効" */
    0x0, 0x0, 0x60, 0x1, 0x80, 0x30, 0x0, 0xc0,
    0x18, 0x0, 0x70, 0xc, 0x7, 0xff, 0xc6, 0x3,
    0xff, 0xe3, 0x0, 0x0, 0x7, 0xfe, 0x8, 0xc3,
    0xff, 0xc, 0x60, 0x61, 0x8e, 0x18, 0x30, 0xc6,
    0x6, 0x18, 0x67, 0x3, 0x8c, 0x37, 0x0, 0xc6,
    0x1b, 0x43, 0x83, 0xc, 0x71, 0x81, 0x86, 0x1c,
    0xc0, 0xc3, 0x7, 0xc0, 0xc1, 0x81, 0xe0, 0x60,
    0xc0, 0x70, 0x30, 0x60, 0x7c, 0x38, 0x30, 0x77,
    0x18, 0x18, 0x71, 0xdc, 0xc, 0xf0, 0x6c, 0xc,
    0xf0, 0xe, 0x7e, 0x60, 0xe, 0x3e, 0x0, 0x0,
    0x0, 0x0,

    /* U+52D5 "動" */
    0x0, 0x78, 0x60, 0xff, 0xf8, 0x60, 0xff, 0x80,
    0x60, 0x3, 0x0, 0x60, 0x3, 0x0, 0x60, 0xff,
    0xf8, 0x60, 0xff, 0xfb, 0xff, 0x3, 0x3, 0xff,
    0x7f, 0xf8, 0x63, 0x63, 0x18, 0x63, 0x63, 0x18,
    0x63, 0x63, 0x18, 0x63, 0x7f, 0xf8, 0x63, 0x63,
    0x18, 0x63, 0x63, 0x18, 0x63, 0x7f, 0xf8, 0x63,
    0x3, 0x0, 0xc3, 0x3, 0x0, 0xc3, 0x7f, 0xf8,
    0xc3, 0x3, 0x1, 0xc3, 0x3, 0x1, 0x83, 0x3,
    0xfb, 0x83, 0xff, 0xff, 0x7, 0xff, 0x8e, 0x3e,
    0x0, 0x6, 0x3e,

    /* U+5347 "升" */
    0x0, 0x0, 0x60, 0x0, 0x3e, 0x30, 0x7, 0xff,
    0x18, 0xf, 0xf8, 0xc, 0x7, 0xb8, 0x6, 0x0,
    0x1c, 0x3, 0x0, 0xe, 0x1, 0x80, 0x7, 0x0,
    0xc0, 0x3, 0x80, 0x60, 0x1, 0xc0, 0x30, 0x3f,
    0xff, 0xff, 0xff, 0xff, 0xff, 0xf0, 0x38, 0x6,
    0x0, 0x1c, 0x3, 0x0, 0xe, 0x1, 0x80, 0x7,
    0x0, 0xc0, 0x3, 0x0, 0x60, 0x1, 0x80, 0x30,
    0x1, 0xc0, 0x18, 0x0, 0xc0, 0xc, 0x0, 0xe0,
    0x6, 0x0, 0xe0, 0x3, 0x0, 0xe0, 0x1, 0x80,
    0xe0, 0x0, 0xc0, 0x20, 0x0, 0x60, 0x0,

    /* U+5373 "即" */
    0x7f, 0xe3, 0xfe, 0xff, 0xc7, 0xfd, 0x81, 0x8c,
    0x1b, 0x3, 0x18, 0x36, 0x6, 0x30, 0x6f, 0xfc,
    0x60, 0xdf, 0xf8, 0xc1, 0xb0, 0x31, 0x83, 0x60,
    0x63, 0x6, 0xc0, 0xc6, 0xd, 0x81, 0x8c, 0x1b,
    0xff, 0x18, 0x37, 0xfe, 0x30, 0x6c, 0x0, 0x60,
    0xd8, 0x60, 0xc1, 0xb0, 0xe1, 0x83, 0x60, 0xc3,
    0x6, 0xc1, 0xc6, 0xd, 0x8f, 0x8d, 0xfb, 0xfb,
    0x99, 0xef, 0xc3, 0x30, 0x1e, 0x6, 0x60, 0x10,
    0x0, 0xc0, 0x0, 0x1, 0x80,

    /* U+542F "启" */
    0x0, 0xe, 0x0, 0x0, 0x3, 0x0, 0x0, 0x1,
    0xc0, 0x1, 0xff, 0xff, 0xf0, 0xff, 0xff, 0xf8,
    0x60, 0x0, 0x1c, 0x30, 0x0, 0xe, 0x18, 0x0,
    0x7, 0xc, 0x0, 0x3, 0x86, 0x0, 0x1, 0xc3,
    0xff, 0xff, 0xe1, 0xff, 0xff, 0xf0, 0xc0, 0x0,
    0x0, 0x60, 0x0, 0x0, 0x30, 0x0, 0x0, 0x1b,
    0xff, 0xfe, 0x1d, 0xff, 0xff, 0xe, 0xe0, 0x1,
    0x86, 0x70, 0x0, 0xc3, 0x38, 0x0, 0x63, 0x9c,
    0x0, 0x31, 0x8e, 0x0, 0x19, 0xc7, 0x0, 0xc,
    0xc3, 0xff, 0xfe, 0x61, 0xff, 0xff, 0x0, 0xe0,
    0x1, 0x80,

    /* U+555F "啟" */
    0x1, 0x0, 0x0, 0x0, 0xc0, 0x1c, 0x0, 0x38,
    0x6, 0x0, 0x6, 0x1, 0x80, 0x3f, 0xf8, 0xe0,
    0xf, 0xfe, 0x3f, 0xf3, 0x1, 0x8f, 0xfc, 0xc0,
    0x67, 0xc, 0x30, 0x19, 0x83, 0xc, 0x6, 0xe0,
    0xc3, 0xff, 0xb8, 0x30, 0xff, 0xff, 0x18, 0x30,
    0x2, 0xc6, 0xc, 0x0, 0x31, 0x83, 0x0, 0xe,
    0x60, 0xdf, 0xe1, 0xb8, 0x37, 0xf8, 0x6c, 0xd,
    0x86, 0xf, 0x3, 0x61, 0x83, 0x80, 0xd8, 0x60,
    0xe0, 0x66, 0x18, 0x3c, 0x19, 0x86, 0x1f, 0x6,
    0x61, 0x8e, 0x63, 0x98, 0x67, 0x1c, 0xc7, 0xfb,
    0x83, 0xf1, 0xff, 0xc0, 0x60, 0x0, 0x20, 0x8,

    /* U+5728 "在" */
    0x0, 0x10, 0x0, 0x0, 0xe, 0x0, 0x0, 0x3,
    0x0, 0x0, 0x1, 0xc0, 0x0, 0x7f, 0xff, 0xff,
    0xdf, 0xff, 0xff, 0xf0, 0xe, 0x0, 0x0, 0x7,
    0x0, 0x0, 0x1, 0xc0, 0xc0, 0x0, 0xe0, 0x30,
    0x0, 0x30, 0xc, 0x0, 0x1c, 0x3, 0x0, 0xe,
    0x0, 0xc0, 0x7, 0x8f, 0xff, 0xe3, 0xe3, 0xff,
    0xf9, 0xd8, 0x3, 0x0, 0xf6, 0x0, 0xc0, 0x19,
    0x80, 0x30, 0x0, 0x60, 0xc, 0x0, 0x18, 0x3,
    0x0, 0x6, 0x0, 0xc0, 0x1, 0x80, 0x30, 0x0,
    0x60, 0xc, 0x0, 0x1b, 0xff, 0xff, 0x6, 0xff,
    0xff, 0xc1, 0x80, 0x0, 0x0,

    /* U+5931 "失" */
    0x0, 0x18, 0x0, 0x3, 0xc, 0x0, 0x3, 0x86,
    0x0, 0x1, 0x83, 0x0, 0x0, 0xc1, 0x80, 0x0,
    0xff, 0xff, 0xf0, 0x7f, 0xff, 0xf8, 0x70, 0x30,
    0x0, 0x30, 0x18, 0x0, 0x38, 0xc, 0x0, 0x1c,
    0x6, 0x0, 0x0, 0x3, 0x0, 0x0, 0x1, 0x80,
    0x7, 0xff, 0xff, 0xfb, 0xff, 0xff, 0xfc, 0x0,
    0x78, 0x0, 0x0, 0x3c, 0x0, 0x0, 0x3f, 0x0,
    0x0, 0x1d, 0xc0, 0x0, 0x1c, 0x70, 0x0, 0x1c,
    0x3c, 0x0, 0x3c, 0xf, 0x0, 0x3c, 0x1, 0xe0,
    0x7c, 0x0, 0x7c, 0xf8, 0x0, 0xf, 0x30, 0x0,
    0x1, 0x80,

    /* U+5C06 "将" */
    0x0, 0x0, 0x0, 0x0, 0xc0, 0x70, 0x0, 0x30,
    0x38, 0x0, 0xc, 0x1f, 0xfe, 0x63, 0xf, 0xff,
    0x98, 0xc7, 0x0, 0xe7, 0x37, 0xe0, 0x70, 0xcc,
    0xdc, 0x38, 0x33, 0x3, 0xbc, 0xe, 0xc0, 0x5e,
    0x1, 0xb0, 0x3e, 0x0, 0x6c, 0xfe, 0x18, 0x13,
    0x3c, 0x6, 0x0, 0xc0, 0x1, 0x80, 0x70, 0x0,
    0x60, 0x3c, 0xff, 0xff, 0x3f, 0x3f, 0xff, 0xde,
    0xc0, 0x1, 0x8e, 0x30, 0xc0, 0x61, 0xc, 0x38,
    0x18, 0x3, 0x7, 0x6, 0x0, 0xc0, 0xe1, 0x80,
    0x30, 0x10, 0x60, 0xc, 0x0, 0x38, 0x3, 0x0,
    0xfc, 0x0, 0xc0, 0x3f, 0x0,

    /* U+5C07 "將" */
    0x0, 0x0, 0x0, 0x0, 0x60, 0x30, 0x3, 0x18,
    0x18, 0x0, 0xc6, 0xf, 0xfe, 0x31, 0x87, 0xff,
    0x8c, 0x63, 0x80, 0xc3, 0x19, 0xd8, 0x70, 0xc6,
    0xe3, 0xb8, 0x3f, 0xa4, 0x7c, 0xf, 0xe3, 0x9e,
    0x0, 0x18, 0x7f, 0x0, 0x6, 0xf, 0x30, 0x1,
    0x9f, 0xc, 0x0, 0x67, 0x3, 0xf, 0xf8, 0x0,
    0xc3, 0xfe, 0xff, 0xff, 0x31, 0xbf, 0xff, 0xcc,
    0x60, 0x3, 0x3, 0x18, 0xc0, 0xc0, 0xc6, 0x38,
    0x30, 0x31, 0x87, 0xc, 0xc, 0x60, 0xe3, 0x3,
    0x18, 0x10, 0xc1, 0x86, 0x0, 0x30, 0x61, 0x81,
    0xfc, 0x30, 0x60, 0x7e, 0x0,

    /* U+5DF2 "已" */
    0xff, 0xff, 0xf1, 0xff, 0xff, 0xe0, 0x0, 0x0,
    0xc0, 0x0, 0x1, 0x80, 0x0, 0x3, 0xc, 0x0,
    0x6, 0x18, 0x0, 0xc, 0x30, 0x0, 0x18, 0x60,
    0x0, 0x30, 0xff, 0xff, 0xe1, 0xff, 0xff, 0xc3,
    0x0, 0x0, 0x6, 0x0, 0x0, 0xc, 0x0, 0x0,
    0x18, 0x0, 0x0, 0x30, 0x0, 0x4, 0x60, 0x0,
    0xe, 0xc0, 0x0, 0x1d, 0x80, 0x0, 0x3b, 0x0,
    0x0, 0x76, 0x0, 0x0, 0xee, 0x0, 0x3, 0x8f,
    0xff, 0xff, 0x1f, 0xff, 0xfc,

    /* U+5F53 "当" */
    0x0, 0x18, 0x0, 0xc0, 0x60, 0x37, 0x81, 0x81,
    0xcf, 0x6, 0xe, 0x1e, 0x18, 0x38, 0x3c, 0x61,
    0xc0, 0x71, 0x8e, 0x0, 0x86, 0x10, 0x0, 0x18,
    0x1, 0xff, 0xff, 0xf7, 0xff, 0xff, 0xc0, 0x0,
    0x3, 0x0, 0x0, 0xc, 0x0, 0x0, 0x30, 0x0,
    0x0, 0xdf, 0xff, 0xff, 0x7f, 0xff, 0xfc, 0x0,
    0x0, 0x30, 0x0, 0x0, 0xc0, 0x0, 0x3, 0x0,
    0x0, 0xf, 0xff, 0xff, 0xff, 0xff, 0xff, 0xc0,
    0x0, 0x3, 0x0, 0x0, 0xc,

    /* U+6210 "成" */
    0x0, 0x0, 0x10, 0x0, 0x0, 0xce, 0x0, 0x0,
    0x31, 0xc0, 0x0, 0xc, 0x38, 0x0, 0x3, 0x4,
    0x7, 0xff, 0xff, 0xe1, 0xff, 0xff, 0xf8, 0x60,
    0xc, 0x0, 0x18, 0x3, 0x80, 0x6, 0x0, 0x61,
    0x81, 0x80, 0x18, 0x60, 0x7f, 0xc6, 0x18, 0x1f,
    0xf1, 0x8e, 0x6, 0xc, 0x63, 0x1, 0x83, 0x1d,
    0xc0, 0x60, 0xc3, 0xe0, 0x18, 0x30, 0xf0, 0x6,
    0xc, 0x3c, 0x1, 0x87, 0xe, 0xc, 0xe1, 0xc7,
    0x83, 0x33, 0xe3, 0xe0, 0xcc, 0xf1, 0xcc, 0x67,
    0x0, 0xe3, 0x19, 0x80, 0x70, 0x66, 0xe0, 0x38,
    0x1f, 0x38, 0x4, 0x3, 0xc0,

    /* U+63A5 "接" */
    0xc, 0x1, 0x80, 0x6, 0x0, 0xe0, 0x3, 0x0,
    0x30, 0x1, 0x8f, 0xff, 0xe0, 0xc0, 0xc1, 0xc3,
    0xf8, 0x60, 0xc1, 0xfc, 0x38, 0x60, 0x18, 0xc,
    0x30, 0xc, 0x7f, 0xff, 0x86, 0x3f, 0xff, 0xc3,
    0x0, 0x0, 0x1, 0xe0, 0x60, 0x3, 0xf0, 0x70,
    0x7, 0xe7, 0xff, 0xff, 0x33, 0xff, 0xfe, 0x18,
    0x18, 0x18, 0xc, 0x1c, 0x18, 0x6, 0xc, 0xc,
    0x3, 0xf, 0x8e, 0x1, 0x81, 0xfe, 0x0, 0xc0,
    0x3e, 0x0, 0x60, 0x1f, 0xc0, 0x30, 0x3e, 0xf8,
    0xf9, 0xfc, 0x1f, 0x78, 0xf0, 0x3, 0x0,

    /* U+6548 "效" */
    0x2, 0x0, 0xc0, 0x1, 0xc0, 0x30, 0x0, 0x30,
    0xc, 0x0, 0xc, 0x3, 0x0, 0x7f, 0xf9, 0xc0,
    0x1f, 0xfe, 0x7f, 0xf0, 0x0, 0x3f, 0xfc, 0x21,
    0xe, 0x1c, 0xc, 0xe7, 0x86, 0x7, 0x19, 0xe1,
    0x81, 0x83, 0x78, 0x60, 0xc0, 0xe7, 0x18, 0x70,
    0x18, 0xce, 0x1a, 0x3e, 0x33, 0x5, 0xcc, 0xe,
    0xc0, 0x3b, 0x1, 0xf0, 0x7, 0xc0, 0x78, 0x0,
    0xe0, 0xe, 0x0, 0x38, 0x3, 0x80, 0x1f, 0x1,
    0xf0, 0x6, 0xe0, 0xfc, 0x3, 0x9c, 0x73, 0x81,
    0xc3, 0x38, 0x71, 0xe0, 0x9c, 0xf, 0x70, 0x6,
    0x1, 0xd0, 0x1, 0x0, 0x20,

    /* U+6557 "敗" */
    0x0, 0x0, 0x80, 0x0, 0x0, 0x30, 0x3, 0xfe,
    0xc, 0x0, 0xff, 0x87, 0x0, 0x30, 0x61, 0x80,
    0xc, 0x18, 0x7f, 0xf3, 0x6, 0x3f, 0xfc, 0xff,
    0x8c, 0x1c, 0x3f, 0xe7, 0x6, 0xc, 0x19, 0xc1,
    0x83, 0x6, 0xf0, 0x60, 0xc1, 0xbc, 0x18, 0x3f,
    0xed, 0x8e, 0xf, 0xf8, 0x63, 0x3, 0x6, 0x18,
    0xc0, 0xc1, 0x83, 0x70, 0x30, 0x60, 0xd8, 0xf,
    0xf8, 0x3e, 0x3, 0xfe, 0x7, 0x0, 0x0, 0x1,
    0xc0, 0xd, 0xc0, 0xf8, 0x7, 0x30, 0x37, 0x3,
    0x8e, 0x1c, 0xe0, 0xc1, 0x8e, 0x1e, 0x60, 0x3f,
    0x3, 0xd8, 0x9, 0x80, 0x60, 0x0, 0x0, 0x0,

    /* U+6587 "文" */
    0x0, 0x1c, 0x0, 0x0, 0x7, 0x0, 0x0, 0x0,
    0xc0, 0x0, 0x0, 0x38, 0x0, 0x7f, 0xff, 0xff,
    0x9f, 0xff, 0xff, 0xe0, 0x70, 0x3, 0x0, 0xc,
    0x0, 0xc0, 0x3, 0x80, 0x70, 0x0, 0xe0, 0x18,
    0x0, 0x18, 0x6, 0x0, 0x7, 0x3, 0x80, 0x0,
    0xc0, 0xc0, 0x0, 0x38, 0x70, 0x0, 0x7, 0x38,
    0x0, 0x0, 0xfc, 0x0, 0x0, 0x1e, 0x0, 0x0,
    0x7, 0x80, 0x0, 0x3, 0xf0, 0x0, 0x3, 0xcf,
    0x0, 0x3, 0xe1, 0xf0, 0x3, 0xe0, 0x1f, 0x7,
    0xe0, 0x1, 0xf9, 0xe0, 0x0, 0x1e, 0x60, 0x0,
    0x1, 0x80,

    /* U+65B0 "新" */
    0x6, 0x0, 0x0, 0x3, 0x0, 0x1, 0x80, 0xc0,
    0x1f, 0xcf, 0xff, 0x7f, 0x87, 0xff, 0xbc, 0x0,
    0x83, 0x18, 0x0, 0x61, 0x8c, 0x0, 0x31, 0x86,
    0x0, 0x18, 0xc3, 0x0, 0xc, 0x61, 0x80, 0x3f,
    0xfe, 0xff, 0xff, 0xff, 0x7f, 0xf0, 0x30, 0x30,
    0xc0, 0x18, 0x18, 0x63, 0xff, 0xec, 0x31, 0xff,
    0xf6, 0x18, 0x3, 0x3, 0xc, 0x19, 0x91, 0x86,
    0xc, 0xd8, 0xc3, 0x6, 0x6c, 0xe1, 0x86, 0x33,
    0x60, 0xc3, 0x19, 0xb0, 0x63, 0x8c, 0xb8, 0x31,
    0x86, 0x18, 0x18, 0x5f, 0x1c, 0xc, 0xf, 0xc,
    0x6, 0x0, 0x0, 0x0, 0x0,

    /* U+65E0 "无" */
    0x3f, 0xff, 0xfc, 0x3f, 0xff, 0xfc, 0x0, 0x30,
    0x0, 0x0, 0x30, 0x0, 0x0, 0x30, 0x0, 0x0,
    0x30, 0x0, 0x0, 0x30, 0x0, 0x0, 0x30, 0x0,
    0xff, 0xff, 0xff, 0xff, 0xff, 0xff, 0x0, 0x60,
    0x0, 0x0, 0x60, 0x0, 0x0, 0x60, 0x0, 0x0,
    0xe6, 0x0, 0x0, 0xc6, 0x0, 0x1, 0xc6, 0x0,
    0x1, 0xc6, 0x0, 0x3, 0x86, 0x3, 0x7, 0x6,
    0x3, 0xf, 0x6, 0x3, 0x1e, 0x6, 0x3, 0x3c,
    0x6, 0x7, 0xf8, 0x7, 0xff, 0x60, 0x3, 0xfe,
    0x40, 0x0, 0x0,

    /* U+662F "是" */
    0xf, 0xff, 0xfc, 0x7, 0xff, 0xfe, 0x3, 0x0,
    0x7, 0x1, 0x80, 0x3, 0x80, 0xff, 0xff, 0xc0,
    0x7f, 0xff, 0xe0, 0x30, 0x0, 0x70, 0x18, 0x0,
    0x38, 0xf, 0xff, 0xfc, 0x7, 0xff, 0xfe, 0x0,
    0x0, 0x0, 0x1f, 0xff, 0xff, 0xff, 0xff, 0xff,
    0xf8, 0x0, 0x60, 0x0, 0x38, 0x30, 0x0, 0x1c,
    0x18, 0x0, 0xc, 0xf, 0xfe, 0x6, 0x7, 0xff,
    0x7, 0x83, 0x0, 0x3, 0xe1, 0x80, 0x3, 0xb8,
    0xc0, 0x3, 0x8f, 0xe0, 0x3, 0x83, 0xff, 0xff,
    0xc0, 0x7f, 0xff, 0x40, 0x0, 0x0, 0x0,

    /* U+6700 "最" */
    0xf, 0xff, 0xfc, 0x7, 0xff, 0xfe, 0x3, 0x0,
    0x3, 0x1, 0x80, 0x1, 0x80, 0xff, 0xff, 0xc0,
    0x60, 0x0, 0x60, 0x30, 0x0, 0x30, 0x1f, 0xff,
    0xf8, 0x0, 0x0, 0x0, 0x0, 0x0, 0x0, 0x3f,
    0xff, 0xff, 0xe3, 0x6, 0x0, 0x1, 0x83, 0x0,
    0x0, 0xff, 0x9f, 0xf8, 0x7f, 0xcf, 0xfc, 0x30,
    0x63, 0xe, 0x18, 0x30, 0x86, 0xc, 0x18, 0x67,
    0x7, 0xfc, 0x3b, 0x3, 0x6, 0xf, 0x1, 0x83,
    0xc3, 0x80, 0xff, 0xe3, 0xe3, 0xfe, 0xc7, 0xbd,
    0x0, 0x67, 0xf, 0x0, 0x32, 0x1, 0x80,

    /* U+672C "本" */
    0x0, 0xc, 0x0, 0x0, 0x3, 0x0, 0x0, 0x0,
    0xc0, 0x0, 0x0, 0x30, 0x0, 0x7f, 0xff, 0xff,
    0x9f, 0xff, 0xff, 0xe0, 0x3, 0xf0, 0x0, 0x1,
    0xb6, 0x0, 0x0, 0x6d, 0x80, 0x0, 0x33, 0x30,
    0x0, 0xc, 0xcc, 0x0, 0x6, 0x31, 0x80, 0x3,
    0x8c, 0x70, 0x1, 0xc3, 0xc, 0x0, 0x60, 0xc1,
    0x80, 0x38, 0x30, 0x70, 0x1c, 0xc, 0xe, 0xe,
    0x3, 0x1, 0xc7, 0x3f, 0xff, 0x3b, 0x8f, 0xff,
    0xc7, 0x40, 0xc, 0x0, 0x80, 0x3, 0x0, 0x0,
    0x0, 0xc0, 0x0, 0x0, 0x30, 0x0, 0x0, 0xc,
    0x0, 0x0,

    /* U+6821 "校" */
    0x6, 0x0, 0xe0, 0x0, 0xc0, 0xc, 0x0, 0x18,
    0x1, 0xc0, 0x3, 0xf, 0xff, 0xe0, 0x61, 0xff,
    0xfc, 0xff, 0x80, 0x0, 0x1f, 0xf0, 0xc1, 0x0,
    0x70, 0x18, 0x70, 0xe, 0x7, 0x7, 0x1, 0xe1,
    0xc0, 0x70, 0x7c, 0x70, 0x7, 0xf, 0xdc, 0x0,
    0x63, 0x6d, 0x70, 0x68, 0x6d, 0x86, 0x1c, 0x19,
    0x80, 0xe3, 0x3, 0x30, 0xc, 0xe0, 0xc6, 0x1,
    0xf8, 0x8, 0xc0, 0x1e, 0x0, 0x18, 0x1, 0xc0,
    0x3, 0x0, 0x7c, 0x0, 0x60, 0x3f, 0xc0, 0xc,
    0xf, 0x1e, 0x1, 0x87, 0x81, 0xf0, 0x31, 0xe0,
    0x1e, 0x6, 0x30, 0x0, 0xc0,

    /* U+6848 "案" */
    0x0, 0x38, 0x0, 0x0, 0xe, 0x0, 0x0, 0x3,
    0x0, 0x7, 0xff, 0xff, 0xc3, 0xff, 0xff, 0xe1,
    0x80, 0x0, 0x30, 0xc1, 0x80, 0x18, 0x1, 0xc0,
    0x0, 0xff, 0xff, 0xff, 0xff, 0xff, 0xff, 0xc0,
    0xc0, 0x38, 0x0, 0xfc, 0x78, 0x0, 0x7, 0xf0,
    0x0, 0x1f, 0xff, 0xc1, 0xff, 0x0, 0xf8, 0xc0,
    0x38, 0xc, 0x0, 0x1c, 0x0, 0x3f, 0xff, 0xff,
    0x9f, 0xff, 0xff, 0xc0, 0x1f, 0xf0, 0x0, 0x1d,
    0xdc, 0x0, 0x78, 0xe7, 0x80, 0xf8, 0x70, 0xf9,
    0xf0, 0x38, 0x1f, 0xe0, 0x1c, 0x3, 0x80, 0xe,
    0x0, 0x0,

    /* U+6A94 "檔" */
    0xc, 0x10, 0xc0, 0x6, 0x1c, 0x63, 0x3, 0x7,
    0x33, 0x81, 0x81, 0x9b, 0x80, 0xc7, 0xff, 0xfb,
    0xfb, 0xff, 0xfd, 0xfd, 0x80, 0x6, 0x18, 0xc0,
    0x3, 0x1c, 0x6f, 0xfd, 0x8f, 0x6, 0x6, 0x7,
    0xc3, 0x3, 0x7, 0xe1, 0xff, 0x83, 0xd8, 0x0,
    0x3, 0x6c, 0x0, 0x1, 0xb4, 0x0, 0x0, 0xd8,
    0x7f, 0xfe, 0xcc, 0x30, 0xc3, 0x66, 0x18, 0x61,
    0xa3, 0xc, 0x30, 0xc1, 0x87, 0xff, 0xe0, 0xc3,
    0xc, 0x30, 0x61, 0x86, 0x18, 0x30, 0xff, 0xfc,
    0x18, 0x60, 0x6, 0xc, 0x30, 0x3, 0x0,

    /* U+7121 "無" */
    0x6, 0x0, 0x0, 0x7, 0x0, 0x0, 0x3, 0x0,
    0x0, 0x3, 0xff, 0xff, 0xe3, 0xff, 0xff, 0xf3,
    0xe3, 0x18, 0xc3, 0xb1, 0x8c, 0x60, 0x98, 0xc6,
    0x30, 0xc, 0x63, 0x18, 0x3f, 0xff, 0xff, 0x9f,
    0xff, 0xff, 0xc1, 0x8c, 0x63, 0x0, 0xc6, 0x31,
    0x80, 0x63, 0x18, 0xc0, 0x31, 0x8c, 0x60, 0x18,
    0xc6, 0x30, 0xff, 0xff, 0xff, 0xff, 0xff, 0xff,
    0xc0, 0x0, 0x0, 0x3, 0x88, 0x61, 0x81, 0x8c,
    0x30, 0xe1, 0xc7, 0x1c, 0x70, 0xc3, 0x86, 0x1c,
    0xe0, 0xc3, 0x6, 0x60, 0x61, 0x83, 0x10, 0x0,
    0x0, 0x0,

    /* U+7248 "版" */
    0x1, 0x80, 0x0, 0xc, 0x60, 0x1, 0xe3, 0x18,
    0xff, 0xf8, 0xc6, 0x3f, 0xf0, 0x31, 0x8f, 0x0,
    0xc, 0x63, 0x0, 0x3, 0x18, 0xc0, 0x0, 0xc6,
    0x30, 0x0, 0x3f, 0xef, 0xff, 0xf, 0xfb, 0xff,
    0xc3, 0x0, 0xd8, 0x30, 0xc0, 0x36, 0xc, 0x30,
    0xd, 0x87, 0xf, 0xe3, 0x71, 0x83, 0xf8, 0xcc,
    0x60, 0xc6, 0x33, 0x30, 0x31, 0x9c, 0x6c, 0xc,
    0x66, 0x1f, 0x3, 0x19, 0x83, 0x81, 0xc6, 0x61,
    0xe0, 0x71, 0xb8, 0xfc, 0x18, 0x6c, 0x73, 0x86,
    0x1f, 0x38, 0x73, 0x87, 0xbc, 0xf, 0xc1, 0x86,
    0x1, 0x90, 0x1, 0x0, 0x0,

    /* U+73FE "現" */
    0x0, 0x1f, 0xff, 0x1f, 0xf7, 0xff, 0xc7, 0xfd,
    0x80, 0x30, 0x38, 0x60, 0xc, 0xe, 0x18, 0x3,
    0x3, 0x87, 0xff, 0xc0, 0xe1, 0xff, 0xf0, 0x38,
    0x60, 0xc, 0xe, 0x18, 0x3, 0x1f, 0xf7, 0xff,
    0xc7, 0xfd, 0xff, 0xf0, 0x38, 0x60, 0xc, 0xe,
    0x18, 0x3, 0x3, 0x86, 0x0, 0xc0, 0xe1, 0xff,
    0xf0, 0x38, 0x7f, 0xfc, 0xe, 0x7, 0x30, 0x3,
    0xb1, 0x8c, 0x0, 0xfc, 0x63, 0xd, 0xff, 0x18,
    0xc3, 0xfc, 0xc, 0x30, 0xd8, 0xf, 0xc, 0x30,
    0x7, 0x83, 0xfc, 0x1, 0xc0, 0x7e, 0x0, 0x40,
    0x0, 0x0,

    /* U+76EE "目" */
    0xff, 0xff, 0xff, 0xff, 0xff, 0x0, 0x1, 0xe0,
    0x0, 0x3c, 0x0, 0x7, 0x80, 0x0, 0xf0, 0x0,
    0x1f, 0xff, 0xff, 0xff, 0xff, 0xf8, 0x0, 0xf,
    0x0, 0x1, 0xe0, 0x0, 0x3c, 0x0, 0x7, 0xff,
    0xff, 0xff, 0xff, 0xfe, 0x0, 0x3, 0xc0, 0x0,
    0x78, 0x0, 0xf, 0x0, 0x1, 0xe0, 0x0, 0x3f,
    0xff, 0xff, 0xff, 0xff, 0xf0, 0x0, 0x1e, 0x0,
    0x3,

    /* U+7CFB "系" */
    0x0, 0x0, 0x6, 0x0, 0x7, 0xff, 0xf, 0xff,
    0xff, 0x7, 0xff, 0x0, 0x0, 0x7, 0x2, 0x0,
    0x7, 0x3, 0x80, 0xe, 0x3, 0x80, 0xe, 0xf,
    0x80, 0x1f, 0xff, 0x80, 0xf, 0xc7, 0x0, 0x0,
    0xf, 0x18, 0x0, 0xf, 0x6, 0x0, 0x1e, 0x1,
    0x80, 0x3e, 0x1f, 0xe0, 0xff, 0xff, 0xf8, 0x7f,
    0xf8, 0xe, 0x10, 0xc, 0x3, 0x0, 0x86, 0x20,
    0x0, 0xe3, 0x1c, 0x0, 0xe1, 0x8f, 0x0, 0xe0,
    0xc1, 0xe1, 0xe0, 0x60, 0x79, 0xc0, 0x30, 0xe,
    0xc1, 0xf8, 0x3, 0x0, 0xf8, 0x0, 0x0,

    /* U+7D1A "級" */
    0x2, 0x0, 0x0, 0x1, 0xc0, 0x0, 0x0, 0x61,
    0xff, 0xe0, 0x38, 0x7f, 0xf8, 0xc, 0x46, 0x6,
    0x6, 0x39, 0x83, 0x3, 0x8c, 0x60, 0xc0, 0xc6,
    0x18, 0x30, 0x7f, 0x86, 0x18, 0x1e, 0xc1, 0xc7,
    0xc0, 0x70, 0x71, 0xf0, 0x3b, 0x1c, 0xc, 0xc,
    0xc7, 0x83, 0x6, 0x19, 0xe0, 0xc3, 0xfe, 0x7c,
    0x61, 0xff, 0x9b, 0x18, 0x60, 0x2c, 0xec, 0x0,
    0x13, 0x1f, 0x3, 0x6c, 0xc7, 0x80, 0xd9, 0xf0,
    0xe0, 0x66, 0x78, 0x7c, 0x19, 0x86, 0x3b, 0x86,
    0x63, 0x3c, 0x71, 0x91, 0xde, 0xf, 0x60, 0x6e,
    0x1, 0xc0, 0x9, 0x0, 0x20,

    /* U+7D71 "統" */
    0x7, 0x0, 0xc0, 0x3, 0x0, 0x60, 0x3, 0x80,
    0x18, 0x1, 0x83, 0xff, 0xf1, 0x89, 0xff, 0xf8,
    0xce, 0xe, 0x0, 0xc6, 0x6, 0x20, 0xe7, 0x6,
    0x38, 0xff, 0x7, 0xc, 0x3f, 0x3, 0x3, 0x3,
    0xe3, 0x7, 0xc1, 0x9b, 0xff, 0xe1, 0x8d, 0xff,
    0x39, 0xc6, 0x19, 0x89, 0xff, 0xc, 0xc0, 0xfe,
    0xc6, 0x60, 0x60, 0x43, 0x30, 0x0, 0x61, 0x98,
    0x19, 0xb0, 0xcc, 0x2c, 0xc8, 0xc6, 0x16, 0x66,
    0x63, 0xb, 0x33, 0x71, 0x85, 0x19, 0xf0, 0x67,
    0x8c, 0x70, 0x3f, 0xc0, 0x70, 0x1f, 0x80, 0x10,
    0x0, 0x0,

    /* U+7D9A "続" */
    0x4, 0x0, 0x0, 0x1, 0x80, 0x18, 0x0, 0xe0,
    0x6, 0x0, 0x30, 0x7f, 0xff, 0x1c, 0x9f, 0xff,
    0xc6, 0x30, 0x18, 0x3, 0x18, 0x6, 0x1, 0xc6,
    0x3f, 0xfc, 0xff, 0xf, 0xff, 0x1f, 0xc0, 0x0,
    0x0, 0x60, 0x0, 0x0, 0x36, 0x7f, 0xff, 0x1d,
    0x9f, 0xff, 0xc6, 0x36, 0x0, 0x33, 0xd, 0x80,
    0xd, 0xff, 0x60, 0x3, 0x78, 0x41, 0x98, 0x0,
    0x0, 0x66, 0x3, 0x48, 0x19, 0x81, 0x93, 0x6,
    0x60, 0x66, 0xc1, 0x98, 0x59, 0xb0, 0xe6, 0x16,
    0x6c, 0x31, 0x8d, 0x99, 0x18, 0x63, 0xc6, 0x1e,
    0x1f, 0xd0, 0xe, 0x3, 0xf0, 0x1, 0x0, 0x0,

    /* U+7DDA "線" */
    0x0, 0x0, 0x40, 0x1, 0x80, 0x18, 0x0, 0x60,
    0xc, 0x0, 0x30, 0x3f, 0xfc, 0x1c, 0xf, 0xff,
    0x6, 0x33, 0x0, 0xc3, 0x9c, 0xc0, 0x30, 0xc6,
    0x3f, 0xfc, 0x63, 0x8f, 0xff, 0x1f, 0xc3, 0x0,
    0xc6, 0x60, 0xc0, 0x30, 0x32, 0x3f, 0xfc, 0x1d,
    0x8f, 0xff, 0xe, 0x30, 0x18, 0x3, 0x7c, 0x6,
    0x19, 0xff, 0xfd, 0xce, 0x70, 0x1f, 0x77, 0x0,
    0x20, 0xdf, 0x6, 0x6c, 0x67, 0x81, 0x9b, 0x19,
    0xb0, 0x66, 0xce, 0x6e, 0x19, 0x9b, 0x19, 0xc6,
    0x65, 0x86, 0x39, 0x98, 0xe1, 0x87, 0xc6, 0x33,
    0xe0, 0x80, 0x0, 0xf0, 0x0,

    /* U+7EA7 "级" */
    0x4, 0x0, 0x0, 0x1, 0x80, 0x0, 0x0, 0xe3,
    0xff, 0xe0, 0x30, 0xff, 0xf8, 0x1c, 0xc, 0x6,
    0x6, 0x23, 0x3, 0x3, 0x1c, 0xe0, 0xc1, 0xc6,
    0x38, 0x60, 0xef, 0x8e, 0x18, 0x3f, 0xc3, 0x87,
    0xec, 0x60, 0xf1, 0xf8, 0x38, 0x3c, 0xc, 0xc,
    0xf, 0x3, 0x6, 0x3, 0x61, 0xc3, 0x88, 0xd8,
    0x61, 0xfe, 0x37, 0x38, 0x7e, 0x18, 0xcc, 0x18,
    0x6, 0x1f, 0x0, 0x1, 0x87, 0x80, 0x2, 0xc1,
    0xe0, 0xf, 0xb0, 0xfc, 0x3f, 0xd8, 0x73, 0x8f,
    0x8e, 0x38, 0x7a, 0x3, 0x3c, 0xf, 0x1, 0xdc,
    0x1, 0xc0, 0x2, 0x0, 0x0,

    /* U+7EDF "统" */
    0x6, 0x0, 0xc0, 0x0, 0xc0, 0x1c, 0x0, 0x18,
    0x1, 0x80, 0x6, 0x1f, 0xff, 0xe0, 0xc3, 0xff,
    0xfc, 0x31, 0x3, 0x0, 0x6, 0x30, 0xe0, 0x1,
    0x8e, 0x38, 0x60, 0x7f, 0x86, 0xe, 0xf, 0xf1,
    0xc0, 0xc1, 0x8c, 0x70, 0x7c, 0x3, 0x9f, 0xff,
    0xc0, 0xe3, 0xff, 0x9c, 0x18, 0xe, 0x31, 0x87,
    0x11, 0xc6, 0x1, 0xfe, 0x38, 0xc0, 0x7f, 0xc7,
    0x18, 0x7, 0x0, 0xc3, 0x0, 0x0, 0x18, 0x61,
    0x0, 0x3, 0xc, 0x30, 0x7c, 0xc1, 0x87, 0xff,
    0xb8, 0x30, 0xdf, 0x8e, 0x6, 0x32, 0x3, 0x80,
    0xfe, 0x0, 0x60, 0xf, 0x80, 0x8, 0x0, 0x0,

    /* U+8D25 "败" */
    0x0, 0x0, 0x0, 0x0, 0x0, 0x38, 0x3, 0xff,
    0xc, 0x0, 0xff, 0xc3, 0x0, 0x3f, 0xf1, 0xc0,
    0xc, 0xc, 0x7f, 0xf3, 0x33, 0x1f, 0xfc, 0xcc,
    0xce, 0xc, 0x33, 0x33, 0x3, 0xc, 0xcd, 0xc1,
    0xc3, 0x33, 0xf8, 0x60, 0xcc, 0xf6, 0x18, 0x33,
    0x35, 0x86, 0xc, 0xcc, 0x63, 0x83, 0x33, 0xc,
    0xc0, 0xcc, 0xc3, 0x30, 0x33, 0x30, 0xfc, 0xc,
    0xcc, 0x1e, 0x0, 0x70, 0x3, 0x80, 0x1e, 0x1,
    0xe0, 0xf, 0xc0, 0xfc, 0x3, 0x38, 0x73, 0x81,
    0xc7, 0x38, 0x71, 0xe0, 0xbc, 0xe, 0xe0, 0x1e,
    0x1, 0xd0, 0x3, 0x0, 0x30,

    /* U+8D77 "起" */
    0x3, 0x0, 0x0, 0x0, 0xc0, 0xff, 0xc0, 0x30,
    0x3f, 0xf1, 0xff, 0xc0, 0xc, 0x7f, 0xf0, 0x3,
    0x0, 0xc0, 0x0, 0xc0, 0x30, 0x0, 0x30, 0xc,
    0x0, 0xc, 0x3, 0x3, 0xff, 0x3f, 0xfe, 0xff,
    0xcf, 0xff, 0xb0, 0x0, 0xc, 0xc, 0x0, 0x3,
    0x3, 0x0, 0xc, 0xc0, 0xc0, 0x3, 0x30, 0x30,
    0x18, 0xcf, 0xec, 0x6, 0x33, 0xfb, 0x1, 0x9c,
    0xfe, 0xc0, 0x67, 0x30, 0x3f, 0xf9, 0xec, 0x7,
    0xfc, 0x7f, 0x0, 0x0, 0x1b, 0xc0, 0x0, 0xe,
    0x78, 0x0, 0x3, 0xf, 0xff, 0xff, 0xc0, 0xff,
    0xff, 0xd0, 0x0, 0x0, 0x0,

    /* U+8F09 "載" */
    0x1, 0x80, 0xc8, 0x0, 0xc0, 0x6e, 0x1f, 0xff,
    0xb1, 0xc0, 0x30, 0x18, 0x60, 0x18, 0xc, 0x7,
    0xff, 0xff, 0xff, 0xff, 0xff, 0xfe, 0x0, 0x1,
    0x80, 0x1, 0x80, 0xc0, 0x3f, 0xff, 0x61, 0x80,
    0x60, 0x10, 0xc0, 0x30, 0xc, 0xc3, 0xff, 0xc6,
    0x61, 0x8c, 0x63, 0x30, 0xc6, 0x31, 0xb0, 0x7f,
    0xf8, 0xd8, 0x31, 0x8c, 0x78, 0x18, 0xc6, 0x3c,
    0xf, 0xff, 0xc, 0x60, 0x30, 0xe, 0x30, 0x18,
    0xf, 0x9f, 0xff, 0xfe, 0xcc, 0x6, 0xe, 0x7c,
    0x3, 0xe, 0x1e, 0x1, 0x82, 0xe, 0x0,

    /* U+8F7D "载" */
    0x1, 0x81, 0x80, 0x0, 0xc0, 0xcc, 0x0, 0x60,
    0x66, 0xf, 0xff, 0xb1, 0x87, 0xff, 0xd8, 0xe0,
    0xc, 0xc, 0x30, 0x6, 0x6, 0x1, 0xff, 0xff,
    0xff, 0xff, 0xff, 0xff, 0x80, 0x0, 0xc0, 0x1,
    0xc0, 0x70, 0x0, 0xc0, 0x38, 0xe7, 0xff, 0xcc,
    0x63, 0xff, 0xe6, 0x30, 0x70, 0x3, 0x30, 0x73,
    0x1, 0x98, 0x3f, 0xfc, 0xd8, 0x1f, 0xfe, 0x7c,
    0x0, 0x60, 0x1c, 0x60, 0x30, 0xe, 0x30, 0xff,
    0xcf, 0x1b, 0xff, 0xef, 0x99, 0xfe, 0x6, 0xcc,
    0x3, 0x7, 0x76, 0x1, 0x87, 0x1f, 0x0, 0xc1,
    0x7, 0x0,

    /* U+8FDE "连" */
    0x0, 0x3, 0x0, 0xc, 0x1, 0xc0, 0x3, 0x80,
    0x60, 0x0, 0x63, 0xff, 0xfe, 0x1c, 0xff, 0xff,
    0x83, 0x83, 0x0, 0x0, 0x61, 0xc0, 0x0, 0x0,
    0x63, 0x0, 0x0, 0x38, 0xc0, 0x0, 0xc, 0x30,
    0xf, 0xc7, 0xff, 0xf3, 0xf1, 0xff, 0xfc, 0xc,
    0x7f, 0xff, 0x3, 0x0, 0x30, 0x0, 0xc0, 0xc,
    0x0, 0x30, 0x3, 0x0, 0xc, 0xff, 0xff, 0x83,
    0x3f, 0xff, 0xe0, 0xc0, 0xc, 0x0, 0x30, 0x3,
    0x0, 0x1e, 0x0, 0xc0, 0xf, 0xc0, 0x30, 0x3,
    0x38, 0x0, 0x1, 0xc7, 0x80, 0x0, 0xe0, 0xff,
    0xff, 0xd0, 0xf, 0xff, 0xe0,

    /* U+9023 "連" */
    0x0, 0x1, 0x80, 0x38, 0x0, 0xc0, 0xc, 0x0,
    0x60, 0x7, 0xf, 0xff, 0xe1, 0xc7, 0xff, 0xf0,
    0x70, 0xc, 0x0, 0x10, 0x6, 0x0, 0x0, 0xff,
    0xfe, 0x0, 0x61, 0x87, 0x7e, 0x30, 0xc3, 0xbf,
    0x1f, 0xff, 0xdf, 0x8f, 0xff, 0xe0, 0xc6, 0x18,
    0x70, 0x63, 0xc, 0x38, 0x31, 0xff, 0xfc, 0x18,
    0x3, 0x0, 0xc, 0x1, 0x80, 0x6, 0x7f, 0xff,
    0xc3, 0x3f, 0xff, 0xe1, 0x80, 0x30, 0x1, 0xe0,
    0x18, 0x1, 0xf8, 0xc, 0x1, 0xcf, 0x0, 0x1,
    0xc1, 0xff, 0xff, 0x40, 0x7f, 0xff, 0x80,

    /* U+91CD "重" */
    0x0, 0x0, 0x0, 0xf, 0xff, 0xff, 0xc0, 0x0,
    0xc0, 0x0, 0x0, 0x30, 0x0, 0x0, 0xc, 0x0,
    0x3f, 0xff, 0xff, 0xf0, 0x0, 0xc0, 0x0, 0x0,
    0x30, 0x0, 0x0, 0xc, 0x0, 0x7, 0xff, 0xff,
    0x81, 0x80, 0xc0, 0x60, 0x60, 0x30, 0x18, 0x1f,
    0xff, 0xfe, 0x6, 0x3, 0x1, 0x81, 0x80, 0xc0,
    0x60, 0x7f, 0xff, 0xf8, 0x1f, 0xff, 0xfe, 0x0,
    0x3, 0x0, 0x0, 0x0, 0xc0, 0x0, 0xff, 0xff,
    0xfc, 0x0, 0xc, 0x0, 0x0, 0x3, 0x0, 0x0,
    0x0, 0xc0, 0x3, 0xff, 0xff, 0xff, 0xff, 0xff,
    0xff, 0xc0,

    /* U+932F "錯" */
    0x6, 0x1, 0x8c, 0x1, 0x80, 0x63, 0x0, 0xf8,
    0x18, 0xc0, 0x77, 0x3f, 0xfe, 0x18, 0xef, 0xff,
    0x8c, 0x18, 0x63, 0x7, 0x0, 0x18, 0xc1, 0xff,
    0x6, 0x30, 0xdf, 0xc1, 0x8c, 0x11, 0x87, 0xff,
    0xf0, 0x61, 0xff, 0xfc, 0x18, 0x0, 0x0, 0x7f,
    0xe0, 0x0, 0x1, 0x81, 0xff, 0xc0, 0x60, 0x7f,
    0xf1, 0x99, 0x98, 0xc, 0x66, 0x66, 0x3, 0xd,
    0xb1, 0xff, 0xc3, 0x6c, 0x7f, 0xf0, 0x9a, 0x18,
    0xc, 0x6, 0x26, 0x3, 0x1, 0xf9, 0x80, 0xc7,
    0xfe, 0x7f, 0xf1, 0xf0, 0x1f, 0xfc, 0x0, 0x6,
    0x3, 0x0,

    /* U+9519 "错" */
    0xe, 0x3, 0xe, 0x1, 0x80, 0x61, 0xc0, 0x30,
    0xc, 0x38, 0xe, 0x1, 0x87, 0x1, 0xfd, 0xff,
    0xfc, 0x7f, 0xbf, 0xff, 0x9c, 0x0, 0xc3, 0x83,
    0x0, 0x18, 0x70, 0x60, 0x3, 0xe, 0xf, 0xf7,
    0xff, 0xfc, 0xfe, 0xff, 0xff, 0x87, 0x0, 0x0,
    0x0, 0xe0, 0x0, 0x0, 0x1c, 0x0, 0x0, 0x3,
    0x83, 0xff, 0xe3, 0xfe, 0x7f, 0xfc, 0x7f, 0xcc,
    0x1, 0x81, 0xc1, 0x80, 0x30, 0x38, 0x3f, 0xfe,
    0x7, 0x7, 0xff, 0xc0, 0xe4, 0xc0, 0x18, 0x1d,
    0x98, 0x3, 0x3, 0xf3, 0x0, 0x60, 0x7c, 0x7f,
    0xfc, 0xe, 0xf, 0xff, 0x80, 0x1, 0x80, 0x30,

    /* U+9A57 "驗" */
    0x0, 0x0, 0x30, 0x0, 0x0, 0xe, 0x0, 0xff,
    0xc1, 0xe0, 0x1f, 0xf8, 0x6c, 0x3, 0x18, 0x1c,
    0xc0, 0x63, 0x7, 0x1c, 0xf, 0xfc, 0xc1, 0xc1,
    0x8c, 0x3f, 0xfc, 0x31, 0x8d, 0xfd, 0xc6, 0x31,
    0x0, 0x1c, 0xff, 0xc0, 0x0, 0x1f, 0xfb, 0xef,
    0xc3, 0x18, 0x7d, 0xf8, 0x63, 0x9, 0xb1, 0xf,
    0xfd, 0x36, 0x21, 0xff, 0xa6, 0xc4, 0x0, 0x37,
    0xdf, 0x8f, 0xd6, 0xfb, 0xf1, 0xea, 0xcc, 0x18,
    0x3d, 0x59, 0x87, 0x4, 0xbf, 0x38, 0xe0, 0x96,
    0x6d, 0x9e, 0x32, 0xd, 0x96, 0xe6, 0x3, 0xe1,
    0xcc, 0x3, 0xec, 0x30, 0xc0, 0x3d, 0x4, 0x8,

    /* U+9A8C "验" */
    0x0, 0x0, 0x60, 0x0, 0x0, 0x1e, 0x1, 0xfe,
    0x3, 0xc0, 0x3f, 0xc0, 0xfc, 0x0, 0x18, 0x39,
    0x80, 0x63, 0x7, 0x18, 0xc, 0x61, 0xc3, 0x81,
    0x8c, 0x70, 0x38, 0x31, 0x9c, 0x3, 0x86, 0x37,
    0xff, 0xf8, 0xc6, 0xdf, 0xfb, 0x19, 0xc0, 0x0,
    0x3, 0x30, 0x0, 0x0, 0x7f, 0x99, 0x86, 0xf,
    0xf3, 0x30, 0xc0, 0x6, 0x63, 0x18, 0x0, 0xc4,
    0x67, 0x0, 0x58, 0xcc, 0xc1, 0xfb, 0x19, 0x98,
    0x7e, 0x63, 0x1b, 0x8, 0xc, 0x20, 0xc0, 0x1,
    0x80, 0x18, 0x0, 0x30, 0x7, 0x0, 0xe, 0xff,
    0xfe, 0x1f, 0x9f, 0xff, 0xc3, 0xf0, 0x0, 0x0,

    /* U+ACB0 "결" */
    0x0, 0x0, 0x19, 0xff, 0xe0, 0x67, 0xff, 0x81,
    0x80, 0x6, 0x6, 0x0, 0x33, 0xf8, 0x0, 0xc0,
    0x60, 0x6, 0x1, 0x80, 0x38, 0x6, 0x1, 0xc0,
    0x18, 0xe, 0x1f, 0xe0, 0x70, 0x7f, 0x87, 0x0,
    0x6, 0xf8, 0x0, 0x19, 0x80, 0x0, 0x0, 0x0,
    0x0, 0x1, 0xff, 0xfe, 0x0, 0x0, 0x18, 0x0,
    0x0, 0x60, 0x0, 0x1, 0x81, 0xff, 0xfe, 0x6,
    0x0, 0x0, 0x18, 0x0, 0x0, 0x60, 0x0, 0x1,
    0x80, 0x0, 0x7, 0xff, 0xfc, 0x1f, 0xff, 0xf0,

    /* U+B2C8 "니" */
    0x0, 0x0, 0x60, 0x0, 0xf, 0x0, 0x1, 0xe0,
    0x0, 0x3c, 0x0, 0x7, 0x80, 0x0, 0xf0, 0x0,
    0x1e, 0x0, 0x3, 0xc0, 0x0, 0x78, 0x0, 0xf,
    0x0, 0x1, 0xe0, 0x0, 0x3c, 0x0, 0x7, 0x80,
    0x0, 0xf0, 0x0, 0x1e, 0x0, 0x3, 0xff, 0xfe,
    0x7f, 0xff, 0xcc, 0x0, 0x1, 0x80, 0x0, 0x30,
    0x0, 0x6, 0x0, 0x0, 0xc0, 0x0, 0x18, 0x0,
    0x3, 0x0, 0x0, 0x60, 0x0, 0xc,

    /* U+B2E4 "다" */
    0x0, 0x0, 0x60, 0x0, 0x0, 0x60, 0xff, 0xf0,
    0x60, 0xff, 0xf0, 0x60, 0xc0, 0x0, 0x60, 0xc0,
    0x0, 0x60, 0xc0, 0x0, 0x60, 0xc0, 0x0, 0x60,
    0xc0, 0x0, 0x60, 0xc0, 0x0, 0x60, 0xc0, 0x0,
    0x7f, 0xc0, 0x0, 0x7f, 0xc0, 0x0, 0x60, 0xc0,
    0x0, 0x60, 0xc0, 0x0, 0x60, 0xc0, 0x0, 0x60,
    0xc0, 0x0, 0x60, 0xff, 0xfc, 0x60, 0xff, 0xe0,
    0x60, 0x0, 0x0, 0x60, 0x0, 0x0, 0x60, 0x0,
    0x0, 0x60, 0x0, 0x0, 0x60, 0x0, 0x0, 0x60,
    0x0, 0x0, 0x60, 0x0, 0x0, 0x60,

    /* U+B41C "된" */
    0x0, 0x0, 0x18, 0x0, 0x0, 0xcf, 0xff, 0x86,
    0x60, 0x0, 0x33, 0x0, 0x1, 0x98, 0x0, 0xc,
    0xc0, 0x0, 0x66, 0x0, 0x3, 0x30, 0x0, 0x19,
    0xff, 0xf0, 0xc0, 0x30, 0x6, 0x1, 0x80, 0x30,
    0xc, 0x1, 0x80, 0x60, 0xf, 0xff, 0xfe, 0x60,
    0x0, 0x3, 0x0, 0x0, 0x18, 0x0, 0x0, 0xc3,
    0x0, 0x6, 0x18, 0x0, 0x0, 0xc0, 0x0, 0x6,
    0x0, 0x0, 0x30, 0x0, 0x1, 0xff, 0xff, 0xf,
    0xff, 0xf8,

    /* U+B428 "됨" */
    0x0, 0x0, 0x19, 0xff, 0xf0, 0xcf, 0xff, 0x86,
    0x60, 0x0, 0x33, 0x0, 0x1, 0x98, 0x0, 0xc,
    0xc0, 0x0, 0x67, 0xff, 0xc3, 0x3f, 0xfe, 0x18,
    0xc, 0x0, 0xc0, 0x60, 0x6, 0x3, 0x0, 0x30,
    0x18, 0x1, 0xff, 0xff, 0x8c, 0x0, 0x0, 0x60,
    0x0, 0x0, 0xf, 0xff, 0xf8, 0x7f, 0xff, 0xc3,
    0x0, 0x6, 0x18, 0x0, 0x30, 0xc0, 0x1, 0x86,
    0x0, 0xc, 0x30, 0x0, 0x61, 0xff, 0xff, 0xf,
    0xff, 0xf8,

    /* U+B429 "됩" */
    0x0, 0x0, 0xc, 0x7f, 0xf8, 0x31, 0xff, 0xe0,
    0xc6, 0x0, 0x3, 0x18, 0x0, 0xc, 0x60, 0x0,
    0x31, 0x80, 0x0, 0xc7, 0xff, 0xc3, 0x1f, 0xff,
    0xc, 0x3, 0x0, 0x30, 0xc, 0x0, 0xc0, 0x30,
    0x3, 0x0, 0xc0, 0xd, 0xff, 0xfe, 0x30, 0x0,
    0x0, 0xc0, 0x0, 0x0, 0x6, 0x0, 0xc, 0x18,
    0x0, 0x30, 0x60, 0x0, 0xc1, 0x80, 0x3, 0x7,
    0xff, 0xfc, 0x1f, 0xff, 0xf0, 0x60, 0x0, 0xc1,
    0x80, 0x3, 0x7, 0xff, 0xfc, 0x1f, 0xff, 0xf0,

    /* U+B4DC "드" */
    0xf, 0xff, 0xf0, 0xf, 0xff, 0xf0, 0xc, 0x0,
    0x0, 0xc, 0x0, 0x0, 0xc, 0x0, 0x0, 0xc,
    0x0, 0x0, 0xc, 0x0, 0x0, 0xc, 0x0, 0x0,
    0xc, 0x0, 0x0, 0xc, 0x0, 0x0, 0xf, 0xff,
    0xf8, 0xf, 0xff, 0xf8, 0x0, 0x0, 0x0, 0x0,
    0x0, 0x0, 0x0, 0x0, 0x0, 0x0, 0x0, 0x0,
    0x0, 0x0, 0x0, 0xff, 0xff, 0xff, 0xff, 0xff,
    0xff,

    /* U+B85C "로" */
    0xf, 0xff, 0xf0, 0xf, 0xff, 0xf0, 0x0, 0x0,
    0x30, 0x0, 0x0, 0x30, 0x0, 0x0, 0x30, 0xf,
    0xff, 0xf0, 0xf, 0xff, 0xf0, 0xc, 0x0, 0x0,
    0xc, 0x0, 0x0, 0xc, 0x0, 0x0, 0xc, 0x0,
    0x0, 0xf, 0xff, 0xf8, 0xf, 0xff, 0xf8, 0x0,
    0x18, 0x0, 0x0, 0x18, 0x0, 0x0, 0x18, 0x0,
    0x0, 0x18, 0x0, 0x0, 0x18, 0x0, 0xff, 0xff,
    0xff, 0xff, 0xff, 0xff,

    /* U+B958 "류" */
    0xf, 0xff, 0xf0, 0xf, 0xff, 0xf0, 0x0, 0x0,
    0x30, 0x0, 0x0, 0x30, 0x0, 0x0, 0x30, 0xf,
    0xff, 0xf0, 0xf, 0xff, 0xf0, 0xc, 0x0, 0x0,
    0xc, 0x0, 0x0, 0xc, 0x0, 0x0, 0xf, 0xff,
    0xf8, 0xf, 0xff, 0xf8, 0x0, 0x0, 0x0, 0x0,
    0x0, 0x0, 0xff, 0xff, 0xff, 0xff, 0xff, 0xff,
    0x3, 0x0, 0xc0, 0x3, 0x0, 0xc0, 0x3, 0x0,
    0xc0, 0x3, 0x0, 0xc0, 0x3, 0x0, 0xc0, 0x3,
    0x0, 0xc0, 0x3, 0x0, 0xc0, 0x3, 0x0, 0xc0,
    0x3, 0x0, 0xc0,

    /* U+BABB "못" */
    0xf, 0xff, 0xf0, 0xf, 0xff, 0xf0, 0xc, 0x0,
    0x30, 0xc, 0x0, 0x30, 0xc, 0x0, 0x30, 0xc,
    0x0, 0x30, 0xc, 0x0, 0x30, 0xf, 0xff, 0xf0,
    0xf, 0xff, 0xf0, 0x0, 0x18, 0x0, 0x0, 0x18,
    0x0, 0x0, 0x18, 0x0, 0xff, 0xff, 0xff, 0xff,
    0xff, 0xff, 0x0, 0x0, 0x0, 0x0, 0x18, 0x0,
    0x0, 0x18, 0x0, 0x0, 0x18, 0x0, 0x0, 0x3c,
    0x0, 0x0, 0x7e, 0x0, 0x0, 0xe7, 0x0, 0x1,
    0xc3, 0x80, 0x7, 0x81, 0xe0, 0x3e, 0x0, 0x7c,
    0x18, 0x0, 0x18,

    /* U+BC84 "버" */
    0x0, 0x0, 0x3c, 0x3, 0x3, 0xc0, 0x30, 0x3c,
    0x3, 0x3, 0xc0, 0x30, 0x3c, 0x3, 0x3, 0xc0,
    0x30, 0x3c, 0x3, 0x3, 0xc0, 0x30, 0x3f, 0xff,
    0xff, 0xc0, 0x3f, 0xfc, 0x3, 0x3, 0xc0, 0x30,
    0x3c, 0x3, 0x3, 0xc0, 0x30, 0x3c, 0x3, 0x3,
    0xc0, 0x30, 0x3f, 0xff, 0x3, 0xff, 0xf0, 0x30,
    0x0, 0x3, 0x0, 0x0, 0x30, 0x0, 0x3, 0x0,
    0x0, 0x30, 0x0, 0x3, 0x0, 0x0, 0x30, 0x0,
    0x3,

    /* U+C2A4 "스" */
    0x0, 0x18, 0x0, 0x0, 0x18, 0x0, 0x0, 0x18,
    0x0, 0x0, 0x38, 0x0, 0x0, 0x3c, 0x0, 0x0,
    0x7e, 0x0, 0x0, 0xe7, 0x0, 0x1, 0xc3, 0x80,
    0x3, 0x81, 0xc0, 0xe, 0x0, 0x70, 0x7c, 0x0,
    0x3e, 0x30, 0x0, 0xc, 0x0, 0x0, 0x0, 0x0,
    0x0, 0x0, 0x0, 0x0, 0x0, 0x0, 0x0, 0x0,
    0x0, 0x0, 0x0, 0x0, 0x0, 0x0, 0xff, 0xff,
    0xff, 0xff, 0xff, 0xff,

    /* U+C2DC "시" */
    0x0, 0x0, 0xc, 0x0, 0x0, 0x30, 0x18, 0x0,
    0xc0, 0x60, 0x3, 0x1, 0x80, 0xc, 0x6, 0x0,
    0x30, 0x18, 0x0, 0xc0, 0x60, 0x3, 0x1, 0x80,
    0xc, 0x7, 0x0, 0x30, 0x3c, 0x0, 0xc0, 0xf0,
    0x3, 0x6, 0x60, 0xc, 0x19, 0xc0, 0x30, 0xc3,
    0x0, 0xc7, 0x6, 0x3, 0x38, 0xc, 0xd, 0xc0,
    0x1c, 0x3e, 0x0, 0x30, 0xd0, 0x0, 0x3, 0x0,
    0x0, 0xc, 0x0, 0x0, 0x30, 0x0, 0x0, 0xc0,
    0x0, 0x3, 0x0, 0x0, 0xc, 0x0, 0x0, 0x30,

    /* U+C2E0 "신" */
    0x0, 0x0, 0x18, 0x6, 0x0, 0x60, 0x18, 0x1,
    0x80, 0x60, 0x6, 0x1, 0x80, 0x18, 0x6, 0x0,
    0x60, 0x38, 0x1, 0x80, 0xe0, 0x6, 0x3, 0xc0,
    0x18, 0x1b, 0x0, 0x60, 0xe6, 0x1, 0x83, 0xc,
    0x6, 0x18, 0x18, 0x19, 0xc0, 0x38, 0x6e, 0x0,
    0x41, 0x90, 0x0, 0x6, 0x0, 0x0, 0x18, 0x18,
    0x0, 0x60, 0x60, 0x1, 0x81, 0x80, 0x0, 0x6,
    0x0, 0x0, 0x18, 0x0, 0x0, 0x60, 0x0, 0x1,
    0x80, 0x0, 0x7, 0xff, 0xfc, 0x1f, 0xff, 0xf0,

    /* U+C2E4 "실" */
    0x1, 0x80, 0x18, 0x6, 0x0, 0x60, 0x18, 0x1,
    0x80, 0xe0, 0x6, 0x3, 0x80, 0x18, 0xe, 0x0,
    0x60, 0x7c, 0x1, 0x81, 0xb8, 0x6, 0xc, 0x70,
    0x18, 0x70, 0xe0, 0x67, 0x81, 0xe1, 0xb8, 0x1,
    0x6, 0x40, 0x0, 0x18, 0x0, 0x0, 0x0, 0x7f,
    0xff, 0x81, 0xff, 0xfe, 0x0, 0x0, 0x18, 0x0,
    0x0, 0x60, 0x0, 0x1, 0x81, 0xff, 0xfe, 0x7,
    0xff, 0xf8, 0x18, 0x0, 0x0, 0x60, 0x0, 0x1,
    0xff, 0xff, 0x7, 0xff, 0xfc,

    /* U+C5F0 "연" */
    0x0, 0x0, 0x30, 0x7e, 0x1, 0x8f, 0xfc, 0xc,
    0xe0, 0x70, 0x66, 0x1, 0xff, 0x60, 0x6, 0x1b,
    0x0, 0x30, 0xd8, 0x1, 0x86, 0xc0, 0xc, 0x36,
    0x0, 0x61, 0x98, 0x6, 0xc, 0xe0, 0x7f, 0xe3,
    0xcf, 0x3, 0xf, 0xf0, 0x18, 0x0, 0x0, 0xc0,
    0x0, 0x6, 0x0, 0x0, 0x30, 0x60, 0x1, 0x83,
    0x0, 0xc, 0x18, 0x0, 0x0, 0xc0, 0x0, 0x6,
    0x0, 0x0, 0x30, 0x0, 0x1, 0xff, 0xff, 0xf,
    0xff, 0xf8,

    /* U+C624 "오" */
    0x0, 0xff, 0x0, 0x3, 0xff, 0xc0, 0x7, 0x81,
    0xe0, 0xe, 0x0, 0x70, 0xc, 0x0, 0x30, 0x1c,
    0x0, 0x38, 0x18, 0x0, 0x18, 0x18, 0x0, 0x18,
    0x1c, 0x0, 0x38, 0xc, 0x0, 0x30, 0xe, 0x0,
    0x70, 0x7, 0x81, 0xe0, 0x1, 0xff, 0x80, 0x0,
    0x3e, 0x0, 0x0, 0x18, 0x0, 0x0, 0x18, 0x0,
    0x0, 0x18, 0x0, 0x0, 0x18, 0x0, 0x0, 0x18,
    0x0, 0xff, 0xff, 0xff, 0xff, 0xff, 0xff,

    /* U+C6B4 "운" */
    0x0, 0xff, 0x0, 0x3, 0xff, 0xc0, 0x7, 0x81,
    0xe0, 0xe, 0x0, 0x70, 0xc, 0x0, 0x30, 0xc,
    0x0, 0x30, 0xc, 0x0, 0x30, 0x6, 0x0, 0x60,
    0x3, 0x80, 0xc0, 0x0, 0xff, 0x0, 0x0, 0x0,
    0x0, 0x0, 0x0, 0x0, 0x0, 0x0, 0x0, 0xff,
    0xff, 0xff, 0xff, 0xff, 0xff, 0x0, 0x18, 0x0,
    0x0, 0x18, 0x0, 0xc, 0x18, 0x0, 0xc, 0x18,
    0x0, 0xc, 0x18, 0x0, 0xc, 0x18, 0x0, 0xc,
    0x0, 0x0, 0xc, 0x0, 0x0, 0xf, 0xff, 0xf8,
    0xf, 0xff, 0xf8,

    /* U+C774 "이" */
    0x0, 0x0, 0x30, 0x0, 0x3, 0x1f, 0x80, 0x33,
    0xfe, 0x3, 0x70, 0x60, 0x36, 0x3, 0x3, 0x60,
    0x30, 0x3c, 0x1, 0x83, 0xc0, 0x18, 0x3c, 0x1,
    0x83, 0xc0, 0x18, 0x3c, 0x1, 0x83, 0xc0, 0x18,
    0x3c, 0x1, 0x83, 0x60, 0x30, 0x36, 0x3, 0x3,
    0x70, 0x70, 0x33, 0xde, 0x3, 0x1f, 0xc0, 0x30,
    0x0, 0x3, 0x0, 0x0, 0x30, 0x0, 0x3, 0x0,
    0x0, 0x30, 0x0, 0x3, 0x0, 0x0, 0x30, 0x0,
    0x3,

    /* U+C77C "일" */
    0x2, 0x0, 0x30, 0xfe, 0x1, 0x9e, 0x3c, 0xc,
    0xc0, 0x60, 0x6c, 0x1, 0x83, 0x60, 0xc, 0x1b,
    0x0, 0x60, 0xd8, 0x3, 0x6, 0xe0, 0x38, 0x33,
    0x81, 0x81, 0x8f, 0xf8, 0xc, 0x3f, 0x80, 0x60,
    0x0, 0x3, 0x0, 0x0, 0x0, 0x3f, 0xff, 0xc1,
    0xff, 0xfe, 0x0, 0x0, 0x30, 0x0, 0x1, 0x80,
    0x0, 0xc, 0x1f, 0xff, 0xe0, 0xff, 0xff, 0x6,
    0x0, 0x0, 0x30, 0x0, 0x1, 0xff, 0xff, 0xf,
    0xff, 0xf8,

    /* U+C785 "입" */
    0x2, 0x0, 0x31, 0xfc, 0x3, 0x70, 0x70, 0x36,
    0x3, 0x3, 0xc0, 0x18, 0x3c, 0x1, 0x83, 0xc0,
    0x18, 0x3c, 0x1, 0x83, 0xe0, 0x38, 0x36, 0x3,
    0x3, 0x3d, 0xe0, 0x31, 0xfc, 0x3, 0x0, 0x0,
    0x30, 0x0, 0x0, 0xc, 0x0, 0x30, 0xc0, 0x3,
    0xc, 0x0, 0x30, 0xc0, 0x3, 0xf, 0xff, 0xf0,
    0xff, 0xff, 0xc, 0x0, 0x30, 0xc0, 0x3, 0xc,
    0x0, 0x30, 0xff, 0xff, 0xf, 0xff, 0xf0,

    /* U+C791 "작" */
    0x0, 0x0, 0x18, 0x3f, 0xff, 0xc, 0x1f, 0xff,
    0x86, 0x0, 0x30, 0x3, 0x0, 0x18, 0x1, 0x80,
    0xc, 0x0, 0xc0, 0x7, 0x0, 0x60, 0x7, 0x80,
    0x3f, 0x7, 0x60, 0x1f, 0x83, 0x38, 0xc, 0x3,
    0xe, 0x6, 0x7, 0x3, 0xc3, 0x7, 0x0, 0x61,
    0x83, 0x0, 0x0, 0xc0, 0x0, 0x0, 0x60, 0x0,
    0x0, 0x0, 0xf, 0xff, 0xf8, 0x7, 0xff, 0xfc,
    0x0, 0x0, 0x6, 0x0, 0x0, 0x3, 0x0, 0x0,
    0x1, 0x80, 0x0, 0x0, 0xc0, 0x0, 0x0, 0x60,
    0x0, 0x0, 0x30, 0x0, 0x0, 0x18, 0x0, 0x0,
    0xc, 0x0,

    /* U+C798 "잘" */
    0x0, 0x0, 0x18, 0x3f, 0xff, 0xc, 0x1f, 0xff,
    0x86, 0x0, 0x30, 0x3, 0x0, 0x18, 0x1, 0x80,
    0x1e, 0x0, 0xc0, 0xf, 0x0, 0x60, 0xe, 0xc0,
    0x3f, 0xe, 0x70, 0x18, 0xe, 0x1c, 0xc, 0xe,
    0x3, 0xc6, 0x1e, 0x0, 0xc3, 0x4, 0x0, 0x1,
    0x80, 0x0, 0x0, 0x0, 0x1f, 0xff, 0xe0, 0xf,
    0xff, 0xf0, 0x0, 0x0, 0x18, 0x0, 0x0, 0xc,
    0x0, 0x0, 0x6, 0x0, 0xff, 0xff, 0x0, 0x7f,
    0xff, 0x80, 0x30, 0x0, 0x0, 0x18, 0x0, 0x0,
    0xf, 0xff, 0xf0, 0x7, 0xff, 0xf8, 0x0,

    /* U+C7AC "재" */
    0x0, 0x0, 0xc, 0x0, 0x6, 0x37, 0xff, 0x98,
    0xdf, 0xfe, 0x63, 0x3, 0x1, 0x8c, 0xc, 0x6,
    0x30, 0x30, 0x18, 0xc0, 0xc0, 0x63, 0x3, 0x1,
    0x8c, 0xc, 0x6, 0x30, 0x30, 0x18, 0xc1, 0xe0,
    0x63, 0x7, 0x81, 0xfc, 0x36, 0x6, 0x30, 0xcc,
    0x18, 0xc6, 0x38, 0x63, 0x18, 0x61, 0x8c, 0xc0,
    0xc6, 0x36, 0x1, 0x98, 0xd0, 0x0, 0x63, 0x0,
    0x1, 0x8c, 0x0, 0x6, 0x30, 0x0, 0x18, 0xc0,
    0x0, 0x63, 0x0, 0x1, 0x8c, 0x0, 0x0, 0x30,

    /* U+C804 "전" */
    0x0, 0x0, 0xd, 0xff, 0xf8, 0x37, 0xff, 0xe0,
    0xc0, 0x60, 0x3, 0x1, 0x80, 0xc, 0x6, 0x0,
    0x30, 0x1c, 0x0, 0xc0, 0x70, 0xff, 0x3, 0xc3,
    0xfc, 0x1d, 0x80, 0x30, 0x63, 0x0, 0xc3, 0xe,
    0x3, 0x1c, 0x1c, 0xc, 0xe0, 0x3c, 0x3f, 0x0,
    0x20, 0xd0, 0x0, 0x3, 0x0, 0x0, 0xc, 0x1c,
    0x0, 0x30, 0x70, 0x0, 0xc1, 0xc0, 0x0, 0x7,
    0x0, 0x0, 0x1c, 0x0, 0x0, 0x70, 0x0, 0x1,
    0xc0, 0x0, 0x7, 0xff, 0xfc, 0x1f, 0xff, 0xf0,

    /* U+CD5C "최" */
    0x0, 0xe0, 0xc, 0x3, 0x80, 0x30, 0xe, 0x0,
    0xcf, 0xff, 0xe3, 0x3f, 0xff, 0x8c, 0x3, 0x80,
    0x30, 0xe, 0x0, 0xc0, 0x3c, 0x3, 0x1, 0xb8,
    0xc, 0xc, 0x70, 0x30, 0xe0, 0xe0, 0xc7, 0x1,
    0xf3, 0x38, 0x1, 0x8c, 0x3, 0x80, 0x30, 0xe,
    0x0, 0xc0, 0x38, 0x3, 0x0, 0xe0, 0xc, 0x3,
    0x80, 0x30, 0xe, 0x0, 0xff, 0xff, 0xfb, 0xff,
    0xff, 0xec, 0x0, 0x0, 0x30, 0x0, 0x0, 0xc0,
    0x0, 0x3, 0x0, 0x0, 0xc, 0x0, 0x0, 0x30,

    /* U+D15C "템" */
    0x0, 0x0, 0x3f, 0xfc, 0x63, 0xff, 0xc6, 0x3c,
    0x0, 0x63, 0xc0, 0x6, 0x3c, 0x0, 0x63, 0xc0,
    0x6, 0x3f, 0xf7, 0xe3, 0xff, 0x7e, 0x3c, 0x0,
    0x63, 0xc0, 0x6, 0x3c, 0x0, 0x63, 0xff, 0xe6,
    0x3f, 0xfe, 0x63, 0x0, 0x6, 0x30, 0x0, 0x0,
    0x0, 0x0, 0x1, 0xff, 0xff, 0x1f, 0xff, 0xf1,
    0x80, 0x3, 0x18, 0x0, 0x31, 0x80, 0x3, 0x18,
    0x0, 0x31, 0x80, 0x3, 0x1f, 0xff, 0xf1, 0xff,
    0xff,

    /* U+D30C "파" */
    0x0, 0x0, 0x18, 0x0, 0x0, 0xc, 0x1f, 0xff,
    0xc6, 0xf, 0xff, 0xe3, 0x0, 0x0, 0x1, 0x80,
    0x60, 0xc0, 0xc0, 0x30, 0x60, 0x60, 0x18, 0x30,
    0x30, 0xc, 0x18, 0x18, 0x6, 0xc, 0xc, 0x3,
    0x6, 0x7, 0xe1, 0x83, 0x3, 0xf0, 0xc1, 0x81,
    0x80, 0x60, 0xc0, 0xc0, 0x30, 0x60, 0x60, 0x18,
    0x30, 0x30, 0xc, 0x18, 0x18, 0x7f, 0xff, 0xcc,
    0x3f, 0xff, 0xe6, 0x0, 0x0, 0x3, 0x0, 0x0,
    0x1, 0x80, 0x0, 0x0, 0xc0, 0x0, 0x0, 0x60,
    0x0, 0x0, 0x30, 0x0, 0x0, 0x18, 0x0, 0x0,
    0xc, 0x0,

    /* U+D328 "패" */
    0x0, 0x1, 0x86, 0x0, 0x3, 0xd, 0xff, 0xe6,
    0x1b, 0xff, 0xcc, 0x30, 0x0, 0x18, 0x63, 0xc,
    0x30, 0xc6, 0x18, 0x61, 0x8c, 0x30, 0xc3, 0x18,
    0x61, 0x86, 0x30, 0xc3, 0xc, 0x61, 0x86, 0x18,
    0xc3, 0xf, 0xf1, 0x86, 0x1f, 0xe3, 0xc, 0x30,
    0xc6, 0x18, 0x61, 0x8c, 0x30, 0xc3, 0x18, 0x61,
    0x87, 0xff, 0xfb, 0xf, 0xff, 0xf6, 0x18, 0x0,
    0xc, 0x30, 0x0, 0x18, 0x60, 0x0, 0x30, 0xc0,
    0x0, 0x61, 0x80, 0x0, 0xc3, 0x0, 0x1, 0x86,
    0x0, 0x0, 0xc,

    /* U+D604 "현" */
    0x3, 0x0, 0x18, 0xc, 0x0, 0x60, 0x30, 0x1,
    0x80, 0xc0, 0x6, 0xff, 0xfe, 0x1b, 0xff, 0xf8,
    0x60, 0x0, 0x1, 0x83, 0xf8, 0x6, 0x1f, 0xf1,
    0xf8, 0xc0, 0xe7, 0xe7, 0x1, 0x81, 0x98, 0x3,
    0x6, 0x60, 0x1c, 0x18, 0xc0, 0x60, 0x63, 0xc7,
    0x9f, 0x83, 0xf8, 0x6, 0x0, 0x0, 0x18, 0x0,
    0x0, 0x60, 0x0, 0x1, 0x81, 0x80, 0x6, 0x6,
    0x0, 0x0, 0x18, 0x0, 0x0, 0x60, 0x0, 0x1,
    0x80, 0x0, 0x7, 0xff, 0xfc, 0x1f, 0xff, 0xf0,

    /* U+FF1A "：" */
    0xff, 0x80, 0x0, 0x0, 0xf, 0xf8
};


/*---------------------
 *  GLYPH DESCRIPTION
 *--------------------*/

static const lv_font_fmt_txt_glyph_dsc_t glyph_dsc[] = {
    {.bitmap_index = 0, .adv_w = 0, .box_w = 0, .box_h = 0, .ofs_x = 0, .ofs_y = 0} /* id = 0 reserved */,
    {.bitmap_index = 0, .adv_w = 121, .box_w = 1, .box_h = 1, .ofs_x = 0, .ofs_y = 0},
    {.bitmap_index = 1, .adv_w = 345, .box_w = 20, .box_h = 21, .ofs_x = 1, .ofs_y = 0},
    {.bitmap_index = 54, .adv_w = 103, .box_w = 3, .box_h = 3, .ofs_x = 2, .ofs_y = 0},
    {.bitmap_index = 56, .adv_w = 255, .box_w = 13, .box_h = 21, .ofs_x = 1, .ofs_y = 0},
    {.bitmap_index = 91, .adv_w = 255, .box_w = 9, .box_h = 21, .ofs_x = 2, .ofs_y = 0},
    {.bitmap_index = 115, .adv_w = 114, .box_w = 3, .box_h = 15, .ofs_x = 2, .ofs_y = 0},
    {.bitmap_index = 121, .adv_w = 297, .box_w = 18, .box_h = 21, .ofs_x = 0, .ofs_y = 0},
    {.bitmap_index = 169, .adv_w = 292, .box_w = 15, .box_h = 21, .ofs_x = 2, .ofs_y = 0},
    {.bitmap_index = 209, .adv_w = 292, .box_w = 17, .box_h = 21, .ofs_x = 1, .ofs_y = 0},
    {.bitmap_index = 254, .adv_w = 320, .box_w = 16, .box_h = 21, .ofs_x = 2, .ofs_y = 0},
    {.bitmap_index = 296, .adv_w = 267, .box_w = 13, .box_h = 21, .ofs_x = 2, .ofs_y = 0},
    {.bitmap_index = 331, .adv_w = 253, .box_w = 13, .box_h = 21, .ofs_x = 2, .ofs_y = 0},
    {.bitmap_index = 366, .adv_w = 314, .box_w = 17, .box_h = 21, .ofs_x = 1, .ofs_y = 0},
    {.bitmap_index = 411, .adv_w = 334, .box_w = 16, .box_h = 21, .ofs_x = 2, .ofs_y = 0},
    {.bitmap_index = 453, .adv_w = 118, .box_w = 3, .box_h = 21, .ofs_x = 2, .ofs_y = 0},
    {.bitmap_index = 461, .adv_w = 205, .box_w = 11, .box_h = 21, .ofs_x = 0, .ofs_y = 0},
    {.bitmap_index = 490, .adv_w = 254, .box_w = 13, .box_h = 21, .ofs_x = 2, .ofs_y = 0},
    {.bitmap_index = 525, .adv_w = 387, .box_w = 20, .box_h = 21, .ofs_x = 2, .ofs_y = 0},
    {.bitmap_index = 578, .adv_w = 332, .box_w = 16, .box_h = 21, .ofs_x = 2, .ofs_y = 0},
    {.bitmap_index = 620, .adv_w = 342, .box_w = 19, .box_h = 21, .ofs_x = 1, .ofs_y = 0},
    {.bitmap_index = 670, .adv_w = 266, .box_w = 14, .box_h = 21, .ofs_x = 2, .ofs_y = 0},
    {.bitmap_index = 707, .adv_w = 257, .box_w = 15, .box_h = 21, .ofs_x = 0, .ofs_y = 0},
    {.bitmap_index = 747, .adv_w = 254, .box_w = 15, .box_h = 21, .ofs_x = 1, .ofs_y = 0},
    {.bitmap_index = 787, .adv_w = 327, .box_w = 16, .box_h = 21, .ofs_x = 2, .ofs_y = 0},
    {.bitmap_index = 829, .adv_w = 295, .box_w = 18, .box_h = 21, .ofs_x = 0, .ofs_y = 0},
    {.bitmap_index = 877, .adv_w = 276, .box_w = 17, .box_h = 21, .ofs_x = 1, .ofs_y = 0},
    {.bitmap_index = 922, .adv_w = 245, .box_w = 12, .box_h = 15, .ofs_x = 1, .ofs_y = 0},
    {.bitmap_index = 945, .adv_w = 272, .box_w = 14, .box_h = 21, .ofs_x = 2, .ofs_y = 0},
    {.bitmap_index = 982, .adv_w = 221, .box_w = 13, .box_h = 15, .ofs_x = 1, .ofs_y = 0},
    {.bitmap_index = 1007, .adv_w = 272, .box_w = 14, .box_h = 21, .ofs_x = 1, .ofs_y = 0},
    {.bitmap_index = 1044, .adv_w = 245, .box_w = 13, .box_h = 15, .ofs_x = 1, .ofs_y = 0},
    {.bitmap_index = 1069, .adv_w = 154, .box_w = 10, .box_h = 22, .ofs_x = 1, .ofs_y = 0},
    {.bitmap_index = 1097, .adv_w = 272, .box_w = 14, .box_h = 22, .ofs_x = 1, .ofs_y = -7},
    {.bitmap_index = 1136, .adv_w = 260, .box_w = 12, .box_h = 21, .ofs_x = 2, .ofs_y = 0},
    {.bitmap_index = 1168, .adv_w = 108, .box_w = 3, .box_h = 21, .ofs_x = 2, .ofs_y = 0},
    {.bitmap_index = 1176, .adv_w = 108, .box_w = 8, .box_h = 28, .ofs_x = -3, .ofs_y = -7},
    {.bitmap_index = 1204, .adv_w = 234, .box_w = 13, .box_h = 21, .ofs_x = 2, .ofs_y = 0},
    {.bitmap_index = 1239, .adv_w = 107, .box_w = 3, .box_h = 21, .ofs_x = 2, .ofs_y = 0},
    {.bitmap_index = 1247, .adv_w = 383, .box_w = 20, .box_h = 15, .ofs_x = 2, .ofs_y = 0},
    {.bitmap_index = 1285, .adv_w = 260, .box_w = 12, .box_h = 15, .ofs_x = 2, .ofs_y = 0},
    {.bitmap_index = 1308, .adv_w = 265, .box_w = 14, .box_h = 15, .ofs_x = 1, .ofs_y = 0},
    {.bitmap_index = 1335, .adv_w = 272, .box_w = 14, .box_h = 22, .ofs_x = 2, .ofs_y = -7},
    {.bitmap_index = 1374, .adv_w = 168, .box_w = 9, .box_h = 15, .ofs_x = 2, .ofs_y = 0},
    {.bitmap_index = 1391, .adv_w = 204, .box_w = 11, .box_h = 15, .ofs_x = 1, .ofs_y = 0},
    {.bitmap_index = 1412, .adv_w = 165, .box_w = 10, .box_h = 19, .ofs_x = 1, .ofs_y = 0},
    {.bitmap_index = 1436, .adv_w = 260, .box_w = 12, .box_h = 15, .ofs_x = 2, .ofs_y = 0},
    {.bitmap_index = 1459, .adv_w = 231, .box_w = 14, .box_h = 15, .ofs_x = 0, .ofs_y = 0},
    {.bitmap_index = 1486, .adv_w = 349, .box_w = 22, .box_h = 15, .ofs_x = 0, .ofs_y = 0},
    {.bitmap_index = 1528, .adv_w = 233, .box_w = 14, .box_h = 22, .ofs_x = 0, .ofs_y = -7},
    {.bitmap_index = 1567, .adv_w = 212, .box_w = 11, .box_h = 15, .ofs_x = 1, .ofs_y = 0},
    {.bitmap_index = 1588, .adv_w = 267, .box_w = 13, .box_h = 26, .ofs_x = 2, .ofs_y = 0},
    {.bitmap_index = 1631, .adv_w = 245, .box_w = 12, .box_h = 21, .ofs_x = 1, .ofs_y = 0},
    {.bitmap_index = 1663, .adv_w = 245, .box_w = 12, .box_h = 21, .ofs_x = 1, .ofs_y = 0},
    {.bitmap_index = 1695, .adv_w = 245, .box_w = 12, .box_h = 21, .ofs_x = 1, .ofs_y = 0},
    {.bitmap_index = 1727, .adv_w = 221, .box_w = 12, .box_h = 22, .ofs_x = 1, .ofs_y = -7},
    {.bitmap_index = 1760, .adv_w = 245, .box_w = 13, .box_h = 21, .ofs_x = 1, .ofs_y = 0},
    {.bitmap_index = 1795, .adv_w = 245, .box_w = 13, .box_h = 21, .ofs_x = 1, .ofs_y = 0},
    {.bitmap_index = 1830, .adv_w = 265, .box_w = 14, .box_h = 21, .ofs_x = 1, .ofs_y = 0},
    {.bitmap_index = 1867, .adv_w = 260, .box_w = 12, .box_h = 21, .ofs_x = 2, .ofs_y = 0},
    {.bitmap_index = 1899, .adv_w = 260, .box_w = 12, .box_h = 21, .ofs_x = 2, .ofs_y = 0},
    {.bitmap_index = 1931, .adv_w = 245, .box_w = 14, .box_h = 22, .ofs_x = 1, .ofs_y = -7},
    {.bitmap_index = 1970, .adv_w = 221, .box_w = 13, .box_h = 21, .ofs_x = 1, .ofs_y = 0},
    {.bitmap_index = 2005, .adv_w = 245, .box_w = 13, .box_h = 22, .ofs_x = 1, .ofs_y = -7},
    {.bitmap_index = 2041, .adv_w = 272, .box_w = 14, .box_h = 28, .ofs_x = 1, .ofs_y = -7},
    {.bitmap_index = 2090, .adv_w = 107, .box_w = 3, .box_h = 15, .ofs_x = 2, .ofs_y = 0},
    {.bitmap_index = 2096, .adv_w = 116, .box_w = 7, .box_h = 21, .ofs_x = 1, .ofs_y = 0},
    {.bitmap_index = 2115, .adv_w = 204, .box_w = 11, .box_h = 22, .ofs_x = 1, .ofs_y = -7},
    {.bitmap_index = 2146, .adv_w = 334, .box_w = 16, .box_h = 21, .ofs_x = 2, .ofs_y = 0},
    {.bitmap_index = 2188, .adv_w = 342, .box_w = 19, .box_h = 21, .ofs_x = 1, .ofs_y = 0},
    {.bitmap_index = 2238, .adv_w = 332, .box_w = 16, .box_h = 21, .ofs_x = 2, .ofs_y = 0},
    {.bitmap_index = 2280, .adv_w = 292, .box_w = 17, .box_h = 21, .ofs_x = 1, .ofs_y = 0},
    {.bitmap_index = 2325, .adv_w = 255, .box_w = 15, .box_h = 21, .ofs_x = 1, .ofs_y = 0},
    {.bitmap_index = 2365, .adv_w = 276, .box_w = 17, .box_h = 21, .ofs_x = 0, .ofs_y = 0},
    {.bitmap_index = 2410, .adv_w = 245, .box_w = 12, .box_h = 15, .ofs_x = 1, .ofs_y = 0},
    {.bitmap_index = 2433, .adv_w = 266, .box_w = 14, .box_h = 21, .ofs_x = 1, .ofs_y = 0},
    {.bitmap_index = 2470, .adv_w = 237, .box_w = 12, .box_h = 15, .ofs_x = 2, .ofs_y = 0},
    {.bitmap_index = 2493, .adv_w = 194, .box_w = 10, .box_h = 15, .ofs_x = 2, .ofs_y = 0},
    {.bitmap_index = 2512, .adv_w = 279, .box_w = 16, .box_h = 20, .ofs_x = 1, .ofs_y = -5},
    {.bitmap_index = 2552, .adv_w = 245, .box_w = 13, .box_h = 15, .ofs_x = 1, .ofs_y = 0},
    {.bitmap_index = 2577, .adv_w = 331, .box_w = 21, .box_h = 15, .ofs_x = 0, .ofs_y = 0},
    {.bitmap_index = 2617, .adv_w = 204, .box_w = 11, .box_h = 15, .ofs_x = 0, .ofs_y = 0},
    {.bitmap_index = 2638, .adv_w = 263, .box_w = 12, .box_h = 15, .ofs_x = 2, .ofs_y = 0},
    {.bitmap_index = 2661, .adv_w = 263, .box_w = 12, .box_h = 21, .ofs_x = 2, .ofs_y = 0},
    {.bitmap_index = 2693, .adv_w = 234, .box_w = 13, .box_h = 15, .ofs_x = 2, .ofs_y = 0},
    {.bitmap_index = 2718, .adv_w = 251, .box_w = 14, .box_h = 15, .ofs_x = 1, .ofs_y = 0},
    {.bitmap_index = 2745, .adv_w = 314, .box_w = 16, .box_h = 15, .ofs_x = 2, .ofs_y = 0},
    {.bitmap_index = 2775, .adv_w = 263, .box_w = 12, .box_h = 15, .ofs_x = 2, .ofs_y = 0},
    {.bitmap_index = 2798, .adv_w = 265, .box_w = 14, .box_h = 15, .ofs_x = 1, .ofs_y = 0},
    {.bitmap_index = 2825, .adv_w = 263, .box_w = 12, .box_h = 15, .ofs_x = 2, .ofs_y = 0},
    {.bitmap_index = 2848, .adv_w = 272, .box_w = 14, .box_h = 22, .ofs_x = 2, .ofs_y = -7},
    {.bitmap_index = 2887, .adv_w = 221, .box_w = 13, .box_h = 15, .ofs_x = 1, .ofs_y = 0},
    {.bitmap_index = 2912, .adv_w = 207, .box_w = 12, .box_h = 15, .ofs_x = 1, .ofs_y = 0},
    {.bitmap_index = 2935, .adv_w = 233, .box_w = 14, .box_h = 22, .ofs_x = 0, .ofs_y = -7},
    {.bitmap_index = 2974, .adv_w = 328, .box_w = 18, .box_h = 26, .ofs_x = 1, .ofs_y = -7},
    {.bitmap_index = 3033, .adv_w = 250, .box_w = 12, .box_h = 15, .ofs_x = 2, .ofs_y = 0},
    {.bitmap_index = 3056, .adv_w = 354, .box_w = 17, .box_h = 15, .ofs_x = 2, .ofs_y = 0},
    {.bitmap_index = 3088, .adv_w = 367, .box_w = 20, .box_h = 20, .ofs_x = 2, .ofs_y = -5},
    {.bitmap_index = 3138, .adv_w = 230, .box_w = 12, .box_h = 15, .ofs_x = 2, .ofs_y = 0},
    {.bitmap_index = 3161, .adv_w = 347, .box_w = 18, .box_h = 15, .ofs_x = 2, .ofs_y = 0},
    {.bitmap_index = 3195, .adv_w = 238, .box_w = 12, .box_h = 15, .ofs_x = 1, .ofs_y = 0},
    {.bitmap_index = 3218, .adv_w = 448, .box_w = 8, .box_h = 7, .ofs_x = 3, .ofs_y = -2},
    {.bitmap_index = 3225, .adv_w = 448, .box_w = 25, .box_h = 25, .ofs_x = 2, .ofs_y = -2},
    {.bitmap_index = 3304, .adv_w = 448, .box_w = 17, .box_h = 23, .ofs_x = 6, .ofs_y = -2},
    {.bitmap_index = 3353, .adv_w = 448, .box_w = 23, .box_h = 24, .ofs_x = 3, .ofs_y = -2},
    {.bitmap_index = 3422, .adv_w = 448, .box_w = 23, .box_h = 21, .ofs_x = 3, .ofs_y = -2},
    {.bitmap_index = 3483, .adv_w = 448, .box_w = 22, .box_h = 24, .ofs_x = 3, .ofs_y = -2},
    {.bitmap_index = 3549, .adv_w = 448, .box_w = 21, .box_h = 22, .ofs_x = 3, .ofs_y = -1},
    {.bitmap_index = 3607, .adv_w = 448, .box_w = 23, .box_h = 21, .ofs_x = 3, .ofs_y = -1},
    {.bitmap_index = 3668, .adv_w = 448, .box_w = 20, .box_h = 24, .ofs_x = 4, .ofs_y = -2},
    {.bitmap_index = 3728, .adv_w = 448, .box_w = 18, .box_h = 18, .ofs_x = 5, .ofs_y = -2},
    {.bitmap_index = 3769, .adv_w = 448, .box_w = 21, .box_h = 24, .ofs_x = 4, .ofs_y = -2},
    {.bitmap_index = 3832, .adv_w = 448, .box_w = 20, .box_h = 24, .ofs_x = 4, .ofs_y = -2},
    {.bitmap_index = 3892, .adv_w = 448, .box_w = 23, .box_h = 17, .ofs_x = 2, .ofs_y = 1},
    {.bitmap_index = 3941, .adv_w = 448, .box_w = 22, .box_h = 22, .ofs_x = 3, .ofs_y = -1},
    {.bitmap_index = 4002, .adv_w = 448, .box_w = 24, .box_h = 24, .ofs_x = 3, .ofs_y = -1},
    {.bitmap_index = 4074, .adv_w = 448, .box_w = 24, .box_h = 22, .ofs_x = 2, .ofs_y = -2},
    {.bitmap_index = 4140, .adv_w = 448, .box_w = 24, .box_h = 26, .ofs_x = 3, .ofs_y = -1},
    {.bitmap_index = 4218, .adv_w = 448, .box_w = 23, .box_h = 22, .ofs_x = 2, .ofs_y = -1},
    {.bitmap_index = 4282, .adv_w = 448, .box_w = 16, .box_h = 23, .ofs_x = 8, .ofs_y = -2},
    {.bitmap_index = 4328, .adv_w = 448, .box_w = 27, .box_h = 24, .ofs_x = 1, .ofs_y = 0},
    {.bitmap_index = 4409, .adv_w = 448, .box_w = 19, .box_h = 20, .ofs_x = 5, .ofs_y = -1},
    {.bitmap_index = 4457, .adv_w = 448, .box_w = 23, .box_h = 23, .ofs_x = 2, .ofs_y = -2},
    {.bitmap_index = 4524, .adv_w = 448, .box_w = 14, .box_h = 17, .ofs_x = 7, .ofs_y = -1},
    {.bitmap_index = 4554, .adv_w = 448, .box_w = 20, .box_h = 23, .ofs_x = 4, .ofs_y = -2},
    {.bitmap_index = 4612, .adv_w = 448, .box_w = 26, .box_h = 22, .ofs_x = 1, .ofs_y = -1},
    {.bitmap_index = 4684, .adv_w = 448, .box_w = 19, .box_h = 18, .ofs_x = 5, .ofs_y = 1},
    {.bitmap_index = 4727, .adv_w = 448, .box_w = 22, .box_h = 20, .ofs_x = 3, .ofs_y = 0},
    {.bitmap_index = 4782, .adv_w = 448, .box_w = 24, .box_h = 2, .ofs_x = 2, .ofs_y = 9},
    {.bitmap_index = 4788, .adv_w = 448, .box_w = 25, .box_h = 23, .ofs_x = 2, .ofs_y = -2},
    {.bitmap_index = 4860, .adv_w = 448, .box_w = 26, .box_h = 26, .ofs_x = 1, .ofs_y = -2},
    {.bitmap_index = 4945, .adv_w = 448, .box_w = 26, .box_h = 24, .ofs_x = 1, .ofs_y = -2},
    {.bitmap_index = 5023, .adv_w = 448, .box_w = 21, .box_h = 25, .ofs_x = 3, .ofs_y = -2},
    {.bitmap_index = 5089, .adv_w = 448, .box_w = 25, .box_h = 26, .ofs_x = 1, .ofs_y = -2},
    {.bitmap_index = 5171, .adv_w = 448, .box_w = 24, .box_h = 26, .ofs_x = 1, .ofs_y = -3},
    {.bitmap_index = 5249, .adv_w = 448, .box_w = 24, .box_h = 26, .ofs_x = 2, .ofs_y = -3},
    {.bitmap_index = 5327, .adv_w = 448, .box_w = 25, .box_h = 26, .ofs_x = 0, .ofs_y = -3},
    {.bitmap_index = 5409, .adv_w = 448, .box_w = 24, .box_h = 25, .ofs_x = 1, .ofs_y = -2},
    {.bitmap_index = 5484, .adv_w = 448, .box_w = 25, .box_h = 25, .ofs_x = 2, .ofs_y = -2},
    {.bitmap_index = 5563, .adv_w = 448, .box_w = 23, .box_h = 24, .ofs_x = 2, .ofs_y = -2},
    {.bitmap_index = 5632, .adv_w = 448, .box_w = 25, .box_h = 26, .ofs_x = 1, .ofs_y = -2},
    {.bitmap_index = 5714, .adv_w = 448, .box_w = 26, .box_h = 27, .ofs_x = 1, .ofs_y = -3},
    {.bitmap_index = 5802, .adv_w = 448, .box_w = 26, .box_h = 26, .ofs_x = 0, .ofs_y = -2},
    {.bitmap_index = 5887, .adv_w = 448, .box_w = 25, .box_h = 26, .ofs_x = 2, .ofs_y = -2},
    {.bitmap_index = 5969, .adv_w = 448, .box_w = 26, .box_h = 26, .ofs_x = 1, .ofs_y = -2},
    {.bitmap_index = 6054, .adv_w = 448, .box_w = 26, .box_h = 26, .ofs_x = 1, .ofs_y = -2},
    {.bitmap_index = 6139, .adv_w = 448, .box_w = 23, .box_h = 24, .ofs_x = 3, .ofs_y = -2},
    {.bitmap_index = 6208, .adv_w = 448, .box_w = 22, .box_h = 25, .ofs_x = 2, .ofs_y = -2},
    {.bitmap_index = 6277, .adv_w = 448, .box_w = 26, .box_h = 26, .ofs_x = 1, .ofs_y = -2},
    {.bitmap_index = 6362, .adv_w = 448, .box_w = 25, .box_h = 25, .ofs_x = 1, .ofs_y = -2},
    {.bitmap_index = 6441, .adv_w = 448, .box_w = 26, .box_h = 26, .ofs_x = 1, .ofs_y = -2},
    {.bitmap_index = 6526, .adv_w = 448, .box_w = 26, .box_h = 27, .ofs_x = 1, .ofs_y = -3},
    {.bitmap_index = 6614, .adv_w = 448, .box_w = 26, .box_h = 25, .ofs_x = 1, .ofs_y = -2},
    {.bitmap_index = 6696, .adv_w = 448, .box_w = 25, .box_h = 27, .ofs_x = 1, .ofs_y = -3},
    {.bitmap_index = 6781, .adv_w = 448, .box_w = 24, .box_h = 25, .ofs_x = 2, .ofs_y = -3},
    {.bitmap_index = 6856, .adv_w = 448, .box_w = 25, .box_h = 25, .ofs_x = 1, .ofs_y = -3},
    {.bitmap_index = 6935, .adv_w = 448, .box_w = 25, .box_h = 25, .ofs_x = 1, .ofs_y = -2},
    {.bitmap_index = 7014, .adv_w = 448, .box_w = 26, .box_h = 25, .ofs_x = 1, .ofs_y = -2},
    {.bitmap_index = 7096, .adv_w = 448, .box_w = 27, .box_h = 25, .ofs_x = 0, .ofs_y = -2},
    {.bitmap_index = 7181, .adv_w = 448, .box_w = 25, .box_h = 26, .ofs_x = 2, .ofs_y = -2},
    {.bitmap_index = 7263, .adv_w = 448, .box_w = 25, .box_h = 25, .ofs_x = 1, .ofs_y = -2},
    {.bitmap_index = 7342, .adv_w = 448, .box_w = 25, .box_h = 26, .ofs_x = 1, .ofs_y = -3},
    {.bitmap_index = 7424, .adv_w = 448, .box_w = 26, .box_h = 26, .ofs_x = 1, .ofs_y = -3},
    {.bitmap_index = 7509, .adv_w = 448, .box_w = 26, .box_h = 25, .ofs_x = 1, .ofs_y = -3},
    {.bitmap_index = 7591, .adv_w = 448, .box_w = 19, .box_h = 24, .ofs_x = 5, .ofs_y = -2},
    {.bitmap_index = 7648, .adv_w = 448, .box_w = 25, .box_h = 25, .ofs_x = 1, .ofs_y = -2},
    {.bitmap_index = 7727, .adv_w = 448, .box_w = 26, .box_h = 26, .ofs_x = 1, .ofs_y = -2},
    {.bitmap_index = 7812, .adv_w = 448, .box_w = 25, .box_h = 26, .ofs_x = 1, .ofs_y = -3},
    {.bitmap_index = 7894, .adv_w = 448, .box_w = 26, .box_h = 27, .ofs_x = 1, .ofs_y = -3},
    {.bitmap_index = 7982, .adv_w = 448, .box_w = 26, .box_h = 26, .ofs_x = 1, .ofs_y = -2},
    {.bitmap_index = 8067, .adv_w = 448, .box_w = 26, .box_h = 26, .ofs_x = 1, .ofs_y = -2},
    {.bitmap_index = 8152, .adv_w = 448, .box_w = 27, .box_h = 26, .ofs_x = 0, .ofs_y = -3},
    {.bitmap_index = 8240, .adv_w = 448, .box_w = 26, .box_h = 26, .ofs_x = 1, .ofs_y = -2},
    {.bitmap_index = 8325, .adv_w = 448, .box_w = 26, .box_h = 26, .ofs_x = 1, .ofs_y = -3},
    {.bitmap_index = 8410, .adv_w = 448, .box_w = 25, .box_h = 25, .ofs_x = 1, .ofs_y = -2},
    {.bitmap_index = 8489, .adv_w = 448, .box_w = 25, .box_h = 26, .ofs_x = 1, .ofs_y = -2},
    {.bitmap_index = 8571, .adv_w = 448, .box_w = 26, .box_h = 26, .ofs_x = 1, .ofs_y = -2},
    {.bitmap_index = 8656, .adv_w = 448, .box_w = 25, .box_h = 25, .ofs_x = 1, .ofs_y = -2},
    {.bitmap_index = 8735, .adv_w = 448, .box_w = 26, .box_h = 25, .ofs_x = 1, .ofs_y = -2},
    {.bitmap_index = 8817, .adv_w = 448, .box_w = 26, .box_h = 25, .ofs_x = 1, .ofs_y = -2},
    {.bitmap_index = 8899, .adv_w = 448, .box_w = 27, .box_h = 26, .ofs_x = 0, .ofs_y = -2},
    {.bitmap_index = 8987, .adv_w = 448, .box_w = 27, .box_h = 26, .ofs_x = 0, .ofs_y = -2},
    {.bitmap_index = 9075, .adv_w = 448, .box_w = 27, .box_h = 26, .ofs_x = 1, .ofs_y = -2},
    {.bitmap_index = 9163, .adv_w = 448, .box_w = 22, .box_h = 26, .ofs_x = 3, .ofs_y = -5},
    {.bitmap_index = 9235, .adv_w = 448, .box_w = 19, .box_h = 26, .ofs_x = 5, .ofs_y = -5},
    {.bitmap_index = 9297, .adv_w = 448, .box_w = 24, .box_h = 26, .ofs_x = 4, .ofs_y = -5},
    {.bitmap_index = 9375, .adv_w = 448, .box_w = 21, .box_h = 25, .ofs_x = 3, .ofs_y = -4},
    {.bitmap_index = 9441, .adv_w = 448, .box_w = 21, .box_h = 25, .ofs_x = 3, .ofs_y = -4},
    {.bitmap_index = 9507, .adv_w = 448, .box_w = 22, .box_h = 26, .ofs_x = 2, .ofs_y = -4},
    {.bitmap_index = 9579, .adv_w = 448, .box_w = 24, .box_h = 19, .ofs_x = 2, .ofs_y = 0},
    {.bitmap_index = 9636, .adv_w = 448, .box_w = 24, .box_h = 20, .ofs_x = 2, .ofs_y = -1},
    {.bitmap_index = 9696, .adv_w = 448, .box_w = 24, .box_h = 25, .ofs_x = 2, .ofs_y = -4},
    {.bitmap_index = 9771, .adv_w = 448, .box_w = 24, .box_h = 25, .ofs_x = 2, .ofs_y = -4},
    {.bitmap_index = 9846, .adv_w = 448, .box_w = 20, .box_h = 26, .ofs_x = 4, .ofs_y = -5},
    {.bitmap_index = 9911, .adv_w = 448, .box_w = 24, .box_h = 20, .ofs_x = 2, .ofs_y = 0},
    {.bitmap_index = 9971, .adv_w = 448, .box_w = 22, .box_h = 26, .ofs_x = 2, .ofs_y = -5},
    {.bitmap_index = 10043, .adv_w = 448, .box_w = 22, .box_h = 26, .ofs_x = 2, .ofs_y = -4},
    {.bitmap_index = 10115, .adv_w = 448, .box_w = 22, .box_h = 25, .ofs_x = 2, .ofs_y = -4},
    {.bitmap_index = 10184, .adv_w = 448, .box_w = 21, .box_h = 25, .ofs_x = 4, .ofs_y = -4},
    {.bitmap_index = 10250, .adv_w = 448, .box_w = 24, .box_h = 21, .ofs_x = 2, .ofs_y = -1},
    {.bitmap_index = 10313, .adv_w = 448, .box_w = 24, .box_h = 25, .ofs_x = 2, .ofs_y = -4},
    {.bitmap_index = 10388, .adv_w = 448, .box_w = 20, .box_h = 26, .ofs_x = 3, .ofs_y = -5},
    {.bitmap_index = 10453, .adv_w = 448, .box_w = 21, .box_h = 25, .ofs_x = 4, .ofs_y = -4},
    {.bitmap_index = 10519, .adv_w = 448, .box_w = 20, .box_h = 25, .ofs_x = 4, .ofs_y = -4},
    {.bitmap_index = 10582, .adv_w = 448, .box_w = 25, .box_h = 26, .ofs_x = 2, .ofs_y = -5},
    {.bitmap_index = 10664, .adv_w = 448, .box_w = 25, .box_h = 25, .ofs_x = 2, .ofs_y = -4},
    {.bitmap_index = 10743, .adv_w = 448, .box_w = 22, .box_h = 26, .ofs_x = 2, .ofs_y = -5},
    {.bitmap_index = 10815, .adv_w = 448, .box_w = 22, .box_h = 26, .ofs_x = 2, .ofs_y = -4},
    {.bitmap_index = 10887, .adv_w = 448, .box_w = 22, .box_h = 26, .ofs_x = 2, .ofs_y = -5},
    {.bitmap_index = 10959, .adv_w = 448, .box_w = 20, .box_h = 26, .ofs_x = 4, .ofs_y = -4},
    {.bitmap_index = 11024, .adv_w = 448, .box_w = 25, .box_h = 26, .ofs_x = 1, .ofs_y = -5},
    {.bitmap_index = 11106, .adv_w = 448, .box_w = 23, .box_h = 26, .ofs_x = 2, .ofs_y = -5},
    {.bitmap_index = 11181, .adv_w = 448, .box_w = 22, .box_h = 26, .ofs_x = 2, .ofs_y = -4},
    {.bitmap_index = 11253, .adv_w = 448, .box_w = 3, .box_h = 15, .ofs_x = 4, .ofs_y = 0}
};

/*---------------------
 *  CHARACTER MAPPING
 *--------------------*/

static const uint16_t unicode_list_0[] = {
    0x0, 0x5, 0xe, 0x10, 0x11, 0x1a, 0x21, 0x22,
    0x23, 0x24, 0x25, 0x26, 0x27, 0x28, 0x29, 0x2a,
    0x2c, 0x2d, 0x2e, 0x2f, 0x30, 0x33, 0x34, 0x35,
    0x36, 0x39, 0x41, 0x42, 0x43, 0x44, 0x45, 0x46,
    0x47, 0x48, 0x49, 0x4a, 0x4b, 0x4c, 0x4d, 0x4e,
    0x4f, 0x50, 0x52, 0x53, 0x54, 0x55, 0x56, 0x57,
    0x59, 0x5a, 0xa9, 0xc0, 0xc1, 0xc3, 0xc7, 0xc8,
    0xc9, 0xd3, 0xda, 0xdc, 0xe5, 0xe7, 0xf9, 0xff,
    0x111, 0x122, 0x13f, 0x3fd, 0x3fe, 0x3ff, 0x401, 0x402,
    0x403
};

static const uint16_t unicode_list_2[] = {
    0x0, 0x1, 0x2, 0x5, 0x7, 0x8, 0x2bbb, 0x2c05,
    0x2c10, 0x2c12, 0x2c20, 0x2c23, 0x2c24, 0x2c27, 0x2c37, 0x2c5a,
    0x2c5d, 0x2c5f, 0x2c61, 0x2c70, 0x2c71, 0x2c72, 0x2c79, 0x2c7f,
    0x2c82, 0x2c89, 0x2c8e, 0x2c99, 0x2ca0, 0x2ca2, 0x2ca4, 0x2ca6,
    0x2cac, 0x2cb5, 0x49c4, 0x4aaf, 0x4d46, 0x4db3, 0x4e06, 0x4e58,
    0x4e61, 0x4e72, 0x4e8e, 0x4f00, 0x4f2c, 0x4fe8, 0x5118, 0x52e1,
    0x54ea, 0x57bf, 0x57c0, 0x59ab, 0x5b0c, 0x5dc9, 0x5f5e, 0x6101,
    0x6110, 0x6140, 0x6169, 0x6199, 0x61e8, 0x62b9, 0x62e5, 0x63da,
    0x6401, 0x664d, 0x6cda, 0x6e01, 0x6fb7, 0x72a7, 0x78b4, 0x78d3,
    0x792a, 0x7953, 0x7993, 0x7a60, 0x7a98, 0x88de, 0x8930, 0x8ac2,
    0x8b36, 0x8b97, 0x8bdc, 0x8d86, 0x8ee8, 0x90d2, 0x9610, 0x9645,
    0xa869, 0xae81, 0xae9d, 0xafd5, 0xafe1, 0xafe2, 0xb095, 0xb415,
    0xb511, 0xb674, 0xb83d, 0xbe5d, 0xbe95, 0xbe99, 0xbe9d, 0xc1a9,
    0xc1dd, 0xc26d, 0xc32d, 0xc335, 0xc33e, 0xc34a, 0xc351, 0xc365,
    0xc3bd, 0xc915, 0xcd15, 0xcec5, 0xcee1, 0xd1bd, 0xfad3
};

/*Collect the unicode lists and glyph_id offsets*/
static const lv_font_fmt_txt_cmap_t cmaps[] =
{
    {
        .range_start = 32, .range_length = 1028, .glyph_id_start = 1,
        .unicode_list = unicode_list_0, .glyph_id_ofs_list = NULL, .list_length = 73, .type = LV_FONT_FMT_TXT_CMAP_SPARSE_TINY
    },
    {
        .range_start = 1072, .range_length = 21, .glyph_id_start = 74,
        .unicode_list = NULL, .glyph_id_ofs_list = NULL, .list_length = 0, .type = LV_FONT_FMT_TXT_CMAP_FORMAT0_TINY
    },
    {
        .range_start = 1095, .range_length = 64212, .glyph_id_start = 95,
        .unicode_list = unicode_list_2, .glyph_id_ofs_list = NULL, .list_length = 119, .type = LV_FONT_FMT_TXT_CMAP_SPARSE_TINY
    }
};



/*--------------------
 *  ALL CUSTOM DATA
 *--------------------*/

#if LVGL_VERSION_MAJOR == 8
/*Store all the custom data of the font*/
static  lv_font_fmt_txt_glyph_cache_t cache;
#endif

#if LVGL_VERSION_MAJOR >= 8
static const lv_font_fmt_txt_dsc_t font_dsc = {
#else
static lv_font_fmt_txt_dsc_t font_dsc = {
#endif
    .glyph_bitmap = glyph_bitmap,
    .glyph_dsc = glyph_dsc,
    .cmaps = cmaps,
    .kern_dsc = NULL,
    .kern_scale = 0,
    .cmap_num = 3,
    .bpp = 1,
    .kern_classes = 0,
    .bitmap_format = 0,
#if LVGL_VERSION_MAJOR == 8
    .cache = &cache
#endif

};



/*-----------------
 *  PUBLIC FONT
 *----------------*/

/*Initialize a public general font descriptor*/
#if LVGL_VERSION_MAJOR >= 8
const lv_font_t v853Font_OTA_28 = {
#else
lv_font_t v853Font_OTA_28 = {
#endif
    .get_glyph_dsc = lv_font_get_glyph_dsc_fmt_txt,    /*Function pointer to get glyph's data*/
    .get_glyph_bitmap = lv_font_get_bitmap_fmt_txt,    /*Function pointer to get glyph's bitmap*/
    .line_height = 33,          /*The maximum line height required by the font*/
    .base_line = 7,             /*Baseline measured from the bottom of the line*/
#if !(LVGL_VERSION_MAJOR == 6 && LVGL_VERSION_MINOR == 0)
    .subpx = LV_FONT_SUBPX_NONE,
#endif
#if LV_VERSION_CHECK(7, 4, 0) || LVGL_VERSION_MAJOR >= 8
    .underline_position = -2,
    .underline_thickness = 1,
#endif
    // .static_bitmap = 0,
    .dsc = &font_dsc,          /*The custom font data. Will be accessed by `get_glyph_bitmap/dsc` */
#if LV_VERSION_CHECK(8, 2, 0) || LVGL_VERSION_MAJOR >= 9
    .fallback = NULL,
#endif
    .user_data = NULL,
};



#endif /*#if V853FONT_OTA_28*/
