/*******************************************************************************
 * Size: 30 px
 * Bpp: 1
 * Opts: --bpp 1 --size 30 --no-compress --stride 1 --align 1 --font HarmonyOS_Sans_SC2.ttf --symbols zoom: 100%
zoom: %d%%
--
%d%%
%s\n%s
%s %.2d.%.2dG / %.2d.%.2dG\n%s %.2d.%.2dG
已找到
Found
Trouvé
Gefunden
Trovato
見つかりました
Encontrado
Найдено
Znaleziono
Bulundu
찾음
Gevonden
照片
photos
photo
Foto
写真
fotografia
фотография
foto
zdjęcie
fotoğraf
사진
\n\n\n\n\n\n未找到照片\n
\n\n\n\n\n\nNo photo found\n
\n\n\n\n\n\nAucune photo trouvée\n
\n\n\n\n\n\nFoto nicht gefunden\n
\n\n\n\n\n\nFoto non trovata\n
\n\n\n\n\n\n写真が見つかりません\n
\n\n\n\n\n\nFoto não encontrada\n
\n\n\n\n\n\nФото не найдено\n
\n\n\n\n\n\nNo se encontró la foto\n
\n\n\n\n\n\nNie znaleziono zdjęcia\n
\n\n\n\n\n\nFotoğraf bulunamadı\n
\n\n\n\n\n\n사진을 찾을 수 없습니다\n
\n\n\n\n\n\nFoto niet gevonden\n
请查看目录:
Please check the table of contents:
請查看目錄：
Veuillez consulter le catalogue :
Bitte sehen Sie das Inhaltsverzeichnis ein:
Per favore, consulta l'indice:
目次をご覧ください：
Por favor, consulte o índice:
Пожалуйста, посмотрите каталог:
Por favor, consulte el índice:
Proszę sprawdzić spis treści:
Lütfen içeriğe bakın:
목차를 확인해 주세요:
Bekijk de inhoudsopgave:
\n\n\n\n\n支援的格式: .jpg, .jpeg\n
\n\n\n\n\nSupported formats: .jpg, .jpeg\n
\n\n\n\n\n支持的格式: .jpg, .jpeg\n
\n\n\n\n\nFormats pris en charge: .jpg, .jpeg\n
\n\n\n\n\nUnterstützte Formate: .jpg, .jpeg\n
\n\n\n\n\nFormati supportati: .jpg, .jpeg\n
\n\n\n\n\nサポートされている形式: .jpg, .jpeg\n
\n\n\n\n\nFormatos suportados: .jpg, .jpeg\n
\n\n\n\n\nПоддерживаемые форматы: .jpg, .jpeg\n
\n\n\n\n\nFormatos admitidos: .jpg, .jpeg\n
\n\n\n\n\nObsługiwane formaty: .jpg, .jpeg\n
\n\n\n\n\nDesteklenen formatlar: .jpg, .jpeg\n
\n\n\n\n\n지원되는 형식: .jpg, .jpeg\n
\n\n\n\n\nOndersteunde formaten: .jpg, .jpeg\n
确认要删除这张照片吗?
Delete this photo?
確認要刪除這張照片嗎？
Supprimer cette photo ?
Dieses Foto löschen?
Eliminare questa foto?
この写真を削除しますか？
Eliminar esta fotografia?
Удалить это фото?
¿Eliminar esta foto?
Usunąć to zdjęcie?
Bu fotoğraf silinsin mi?
이 사진을 삭제할까요?
Deze foto verwijderen?
是
Yes
Oui
Ja
Sì
はい
Sim
Да
Sí
Tak
Evet
예
否
No
Non
Nein
いいえ
Não
Нет
Nie
Hayır
아니오
Nee
确认要格式化存储卡吗?
Format storage card?
是否格式化儲存空間？
Formater la carte mémoire ?
Speicherkarte formatieren?
Formattare la scheda?
ストレージをフォーマットしますか？
Formatar o cartão de memória?
Форматировать карту памяти?
¿Formatear la tarjeta de memoria?
Sformatować kartę pamięci?
Hafıza kartı biçimlendirilsin mi?
저장 공간을 포맷할까요?
Geheugenkaart formatteren?
未检测到TF卡
TF Card Not Detected
未檢測到TF卡
Carte TF non détectée
TF-Karte nicht erkannt
Scheda TF non rilevata
TFカードが検出されません
Cartão TF não detetado
Карта TF не обнаружена
Tarjeta TF no detectada
Nie wykryto karty TF
TF kartı algılanmadı
TF 카드가 감지되지 않음
TF-kaart niet gedetecteerd
请插入TF卡后重试
Please insert TF card
請插入TF卡後重試
Veuillez insérer la carte TF
Bitte TF-Karte einlegen
Inserire la scheda TF
TFカードを挿入してください
Introduza o cartão TF
Вставьте карту TF
Inserte la tarjeta TF
Włóż kartę TF
Lütfen TF kartını takın
TF 카드를 삽입하세요
Plaats de TF-kaart
已使用
Used
Utilisé
Belegt
Usato
使用済み
Usado
Занято
Zajęte
Kullanılan
사용됨
Gebruikt
可用
Free
Libre
Frei
Libero
空き
Livre
Свободно
Wolne
Boş
여유
Vrij
格式化存储
Format Storage
格式化儲存
Formater le stockage
Speicher formatieren
Formatta memoria
ストレージをフォーマット
Formatar armazenamento
Форматировать накопитель
Formatear almacenamiento
Formatuj pamięć
Depolamayı biçimlendir
저장소 포맷
Opslag formatteren
格式化成功
Format Successful
Formatage réussi
Formatierung erfolgreich
Formattazione riuscita
フォーマット成功
Formatação bem-sucedida
Форматирование выполнено
Formateo correcto
Formatowanie powiodło się
Biçimlendirme başarılı
포맷 성공
Formatteren gelukt
格式化失败
Format Failed
格式化失敗
Échec du formatage
Formatierung fehlgeschlagen
Formattazione non riuscita
フォーマット失敗
Falha na formatação
Ошибка форматирования
Error al formatear
Błąd formatowania
Biçimlendirme başarısız
포맷 실패
Formatteren mislukt
录像
videos
錄像
Vidéo
Videoaufnahme
videoregistrazione
ビデオ録画
Gravação de vídeo
видео
video
Nagranie wideo
Video kaydı
영상 녹화
videopname
确认要删除这个视频吗?
Delete this video?
確認要刪除此影片嗎？
Supprimer cette vidéo ?
Dieses Video löschen?
Eliminare questo video?
この動画を削除しますか？
Eliminar este vídeo?
Удалить это видео?
¿Eliminar este vídeo?
Usunąć to wideo?
Bu video silinsin mi?
이 동영상을 삭제할까요?
Deze video verwijderen?
 !"#$%&'()*+,-./:;<=>?@[\]^_`{|}~
0123456789
abcdefghijklmnopqrstuvwxyz
ABCDEFGHIJKLMNOPQRSTUVWXYZ --font fa-solid-900.ttf --range 61453,61473,61502,61448,63426 --format lvgl -o v853Font_Medialibrary_30.c
 ******************************************************************************/

#ifdef __has_include
    #if __has_include("lvgl.h")
        #ifndef LV_LVGL_H_INCLUDE_SIMPLE
            #define LV_LVGL_H_INCLUDE_SIMPLE
        #endif
    #endif
#endif

#ifdef LV_LVGL_H_INCLUDE_SIMPLE
    #include "lvgl.h"
#else
    #include "lvgl/lvgl.h"
#endif



#ifndef V853FONT_MEDIALIBRARY_30
#define V853FONT_MEDIALIBRARY_30 1
#endif

#if V853FONT_MEDIALIBRARY_30

/*-----------------
 *    BITMAPS
 *----------------*/

/*Store the image of the glyphs*/
static LV_ATTRIBUTE_LARGE_CONST const uint8_t glyph_bitmap[] = {
    /* U+0020 " " */
    0x0,

    /* U+0021 "!" */
    0xff, 0xff, 0xff, 0xff, 0xff, 0xff, 0x0, 0x7f,
    0xc0,

    /* U+0022 "\"" */
    0xc7, 0x8f, 0x1e, 0x3c, 0x78, 0xf1, 0x80,

    /* U+0023 "#" */
    0x1, 0xc1, 0x80, 0x30, 0x70, 0x6, 0xe, 0x1,
    0xc1, 0x80, 0x38, 0x30, 0x6, 0xe, 0xf, 0xff,
    0xf9, 0xff, 0xff, 0x7, 0x6, 0x0, 0xc1, 0xc0,
    0x18, 0x38, 0x7, 0x6, 0x0, 0xe0, 0xc0, 0x18,
    0x38, 0x3f, 0xff, 0xe7, 0xff, 0xfc, 0x1c, 0x18,
    0x3, 0x7, 0x0, 0x60, 0xe0, 0x1c, 0x18, 0x3,
    0x83, 0x0, 0x60, 0xe0, 0x0,

    /* U+0024 "$" */
    0x1, 0xc0, 0x1, 0xc0, 0x1, 0xc0, 0x1, 0xc0,
    0x3, 0xe0, 0x1f, 0xf8, 0x3f, 0xfc, 0x39, 0xde,
    0x71, 0xce, 0x71, 0xc6, 0x71, 0xc0, 0x71, 0xc0,
    0x79, 0xc0, 0x3d, 0xc0, 0x1f, 0xc0, 0xf, 0xf0,
    0x1, 0xfc, 0x1, 0xfe, 0x1, 0xcf, 0x1, 0xc7,
    0x61, 0xc7, 0xe1, 0xc7, 0x71, 0xc7, 0x79, 0xce,
    0x3f, 0xfe, 0x1f, 0xfc, 0x7, 0xf0, 0x1, 0xc0,
    0x1, 0xc0, 0x1, 0xc0, 0x1, 0xc0,

    /* U+0025 "%" */
    0x1e, 0x0, 0xc1, 0xfe, 0x7, 0xf, 0x3c, 0x18,
    0x38, 0x70, 0xc0, 0xe1, 0xc3, 0x3, 0x87, 0x18,
    0xf, 0x3c, 0xe0, 0x1f, 0xe3, 0x0, 0x1e, 0x1c,
    0x0, 0x0, 0x60, 0x0, 0x3, 0x0, 0x0, 0xc,
    0x0, 0x0, 0x61, 0xe0, 0x3, 0x9f, 0xe0, 0xc,
    0x73, 0x80, 0x73, 0x87, 0x1, 0x8e, 0x1c, 0xc,
    0x38, 0x70, 0x30, 0xe1, 0xc1, 0x81, 0xce, 0xe,
    0x7, 0xf8, 0x30, 0x7, 0x80,

    /* U+0026 "&" */
    0x3, 0xe0, 0x0, 0xff, 0x80, 0xe, 0x38, 0x1,
    0xc1, 0xc0, 0x1c, 0x1c, 0x1, 0xc1, 0xc0, 0x1c,
    0x3c, 0x0, 0xe3, 0x80, 0xf, 0xf0, 0x0, 0x7e,
    0x0, 0x7, 0x81, 0xc1, 0xfc, 0x1c, 0x3c, 0xe1,
    0x87, 0xf, 0x18, 0xf0, 0x73, 0x8e, 0x3, 0xb0,
    0xe0, 0x1f, 0xe, 0x0, 0xf0, 0xe0, 0xf, 0x7,
    0x1, 0xf8, 0x78, 0x3f, 0xc3, 0xff, 0x1e, 0xf,
    0xc0, 0xf0,

    /* U+0027 "'" */
    0xff, 0xfc,

    /* U+0028 "(" */
    0x7, 0xe, 0x1c, 0x1c, 0x38, 0x38, 0x70, 0x70,
    0x70, 0xe0, 0xe0, 0xe0, 0xe0, 0xe0, 0xe0, 0xe0,
    0xe0, 0xe0, 0xe0, 0x70, 0x70, 0x70, 0x38, 0x38,
    0x1c, 0x1c, 0xe, 0x7,

    /* U+0029 ")" */
    0xe0, 0x70, 0x38, 0x38, 0x1c, 0x1c, 0xe, 0xe,
    0xe, 0x7, 0x7, 0x7, 0x7, 0x7, 0x7, 0x7,
    0x7, 0x7, 0x7, 0xe, 0xe, 0xe, 0x1c, 0x1c,
    0x38, 0x38, 0x70, 0xe0,

    /* U+002A "*" */
    0xe, 0x1, 0x81, 0x11, 0x7a, 0xf3, 0xf8, 0x1c,
    0xf, 0xe7, 0xaf, 0x44, 0x41, 0x80, 0x38, 0x0,

    /* U+002B "+" */
    0x3, 0x80, 0xe, 0x0, 0x38, 0x0, 0xe0, 0x3,
    0x80, 0xe, 0xf, 0xff, 0xff, 0xff, 0x3, 0x80,
    0xe, 0x0, 0x38, 0x0, 0xe0, 0x3, 0x80, 0xe,
    0x0,

    /* U+002C "," */
    0x6f, 0x73, 0x36, 0xc0,

    /* U+002D "-" */
    0xff, 0xff, 0xfc,

    /* U+002E "." */
    0xff, 0x80,

    /* U+002F "/" */
    0x0, 0xe0, 0x1c, 0x3, 0x0, 0xe0, 0x1c, 0x3,
    0x0, 0xe0, 0x18, 0x7, 0x0, 0xe0, 0x18, 0x7,
    0x0, 0xe0, 0x18, 0x7, 0x0, 0xc0, 0x38, 0x7,
    0x0, 0xc0, 0x38, 0x7, 0x0, 0xc0, 0x0,

    /* U+0030 "0" */
    0xf, 0xc0, 0x7f, 0x83, 0x87, 0x1c, 0xe, 0x70,
    0x39, 0xc0, 0xee, 0x1, 0xf8, 0x7, 0xe0, 0x1f,
    0x80, 0x7e, 0x1, 0xf8, 0x7, 0xe0, 0x1f, 0x80,
    0x7e, 0x1, 0xf8, 0x7, 0x70, 0x39, 0xc0, 0xe7,
    0x3, 0x8e, 0x1c, 0x1f, 0xe0, 0x3f, 0x0,

    /* U+0031 "1" */
    0x3, 0x87, 0xc7, 0xef, 0xff, 0x3e, 0x1c, 0xe,
    0x7, 0x3, 0x81, 0xc0, 0xe0, 0x70, 0x38, 0x1c,
    0xe, 0x7, 0x3, 0x81, 0xc0, 0xe0, 0x70, 0x38,
    0x1c,

    /* U+0032 "2" */
    0xf, 0xc0, 0x7f, 0xc7, 0x87, 0x9c, 0xe, 0xe0,
    0x1d, 0x80, 0x70, 0x1, 0xc0, 0x7, 0x0, 0x3c,
    0x0, 0xe0, 0x7, 0x80, 0x3c, 0x1, 0xe0, 0xf,
    0x0, 0x38, 0x1, 0xc0, 0xf, 0x0, 0x78, 0x3,
    0xc0, 0x1e, 0x0, 0xff, 0xff, 0xff, 0xf0,

    /* U+0033 "3" */
    0xf, 0xc0, 0xff, 0x87, 0xf, 0x38, 0xe, 0xe0,
    0x38, 0x0, 0xe0, 0x3, 0x80, 0x1e, 0x0, 0xf0,
    0x3f, 0x0, 0xfe, 0x0, 0x3e, 0x0, 0x38, 0x0,
    0x70, 0x1, 0xc0, 0x7, 0x40, 0x1f, 0x0, 0x7e,
    0x3, 0x9e, 0x1e, 0x3f, 0xf0, 0x3f, 0x0,

    /* U+0034 "4" */
    0x0, 0xe0, 0x0, 0xe0, 0x1, 0xc0, 0x1, 0xc0,
    0x3, 0x80, 0x7, 0x80, 0x7, 0x0, 0xe, 0x0,
    0xe, 0x0, 0x1c, 0x38, 0x1c, 0x38, 0x38, 0x38,
    0x38, 0x38, 0x70, 0x38, 0xe0, 0x38, 0xff, 0xff,
    0xff, 0xff, 0x0, 0x38, 0x0, 0x38, 0x0, 0x38,
    0x0, 0x38, 0x0, 0x38,

    /* U+0035 "5" */
    0x3f, 0xf8, 0xff, 0xe3, 0x80, 0xe, 0x0, 0x30,
    0x0, 0xc0, 0x3, 0x0, 0x1c, 0x0, 0x7f, 0xc1,
    0xff, 0xc7, 0x87, 0x98, 0xe, 0x0, 0x3c, 0x0,
    0x70, 0x1, 0xc0, 0x7, 0x0, 0x1d, 0x80, 0xf7,
    0x3, 0x9e, 0x1c, 0x3f, 0xe0, 0x3f, 0x0,

    /* U+0036 "6" */
    0x1, 0xc0, 0x7, 0x0, 0x38, 0x0, 0xc0, 0x7,
    0x0, 0x38, 0x0, 0xe0, 0x7, 0x0, 0x3f, 0xc0,
    0xff, 0xc7, 0x87, 0x9c, 0xe, 0xe0, 0x1f, 0x80,
    0x7e, 0x1, 0xf8, 0x7, 0xe0, 0x1f, 0x80, 0x77,
    0x3, 0x9e, 0x1c, 0x3f, 0xe0, 0x3f, 0x0,

    /* U+0037 "7" */
    0xff, 0xff, 0xff, 0xf0, 0x1, 0xc0, 0xe, 0x0,
    0x38, 0x1, 0xc0, 0x7, 0x0, 0x1c, 0x0, 0xe0,
    0x3, 0x80, 0x1c, 0x0, 0x70, 0x1, 0x80, 0xe,
    0x0, 0x38, 0x1, 0xc0, 0x7, 0x0, 0x38, 0x0,
    0xe0, 0x3, 0x80, 0x1c, 0x0, 0x70, 0x0,

    /* U+0038 "8" */
    0x7, 0xc0, 0x7f, 0xc3, 0xc7, 0x9e, 0xf, 0x70,
    0x1d, 0xc0, 0x77, 0x1, 0xde, 0xf, 0x3c, 0x78,
    0x7f, 0xc1, 0xff, 0xe, 0x1e, 0x70, 0x3b, 0x80,
    0x7e, 0x1, 0xf8, 0x7, 0xe0, 0x1f, 0x80, 0x77,
    0x3, 0x9e, 0x1e, 0x3f, 0xf0, 0x3f, 0x0,

    /* U+0039 "9" */
    0xf, 0xc0, 0xff, 0xc7, 0x87, 0x9c, 0xe, 0xe0,
    0x1f, 0x80, 0x7e, 0x1, 0xf8, 0x7, 0xe0, 0x1d,
    0xc0, 0xf7, 0x87, 0x8f, 0xfe, 0xf, 0xf0, 0x3,
    0xc0, 0xe, 0x0, 0x70, 0x3, 0xc0, 0xe, 0x0,
    0x70, 0x1, 0xc0, 0xe, 0x0, 0x38, 0x0,

    /* U+003A ":" */
    0xff, 0x80, 0x0, 0x0, 0x1, 0xff,

    /* U+003B ";" */
    0x33, 0xcc, 0x0, 0x0, 0x0, 0x0, 0x0, 0x0,
    0x39, 0xef, 0x18, 0xcd, 0xc0,

    /* U+003C "<" */
    0x0, 0x4, 0x0, 0x70, 0xf, 0xc0, 0xfc, 0xf,
    0xc1, 0xf8, 0xf, 0x80, 0x3c, 0x0, 0x7e, 0x0,
    0x7e, 0x0, 0x7e, 0x0, 0x3f, 0x0, 0x3c, 0x0,
    0x30,

    /* U+003D "=" */
    0xff, 0xff, 0xff, 0xf0, 0x0, 0x0, 0x0, 0x0,
    0x0, 0x0, 0xf, 0xff, 0xff, 0xff,

    /* U+003E ">" */
    0x80, 0x3, 0x80, 0xf, 0xc0, 0xf, 0xc0, 0xf,
    0xc0, 0x7, 0xe0, 0x7, 0xc0, 0xf, 0x1, 0xf8,
    0x1f, 0x81, 0xf8, 0x3f, 0x0, 0xf0, 0x3, 0x0,
    0x0,

    /* U+003F "?" */
    0xf, 0xc1, 0xff, 0x1e, 0x1c, 0xe0, 0x76, 0x3,
    0x80, 0x1c, 0x0, 0xe0, 0xe, 0x0, 0xf0, 0xf,
    0x0, 0xe0, 0x6, 0x0, 0x70, 0x3, 0x0, 0x18,
    0x0, 0xc0, 0x6, 0x0, 0x0, 0x0, 0x0, 0x0,
    0x0, 0x70, 0x3, 0x80, 0x1c, 0x0,

    /* U+0040 "@" */
    0x0, 0x3f, 0xc0, 0x0, 0x3f, 0xff, 0x0, 0x1f,
    0x1, 0xf0, 0x7, 0x80, 0xf, 0x1, 0xe0, 0x0,
    0x70, 0x78, 0x0, 0x7, 0xe, 0xf, 0x9c, 0xf3,
    0x87, 0xff, 0x8e, 0x71, 0xe1, 0xf1, 0xde, 0x38,
    0x1e, 0x1f, 0x8e, 0x3, 0xc3, 0xf1, 0xc0, 0x38,
    0x7e, 0x38, 0x7, 0xf, 0xc7, 0x0, 0xe1, 0xf8,
    0xe0, 0x1c, 0x3f, 0x1c, 0x3, 0x87, 0xe3, 0x80,
    0xf0, 0xfe, 0x38, 0x1e, 0x39, 0xc7, 0x86, 0xe7,
    0x38, 0x7f, 0x9f, 0xc3, 0x83, 0xe1, 0xf0, 0x78,
    0x0, 0x0, 0x7, 0x80, 0x0, 0x0, 0x78, 0x0,
    0x0, 0x7, 0xe0, 0x78, 0x0, 0x3f, 0xfe, 0x0,
    0x1, 0xff, 0x0, 0x0,

    /* U+0041 "A" */
    0x0, 0xe0, 0x0, 0xe, 0x0, 0x0, 0xf0, 0x0,
    0x1f, 0x0, 0x1, 0xb8, 0x0, 0x1b, 0x80, 0x3,
    0x9c, 0x0, 0x31, 0xc0, 0x7, 0xc, 0x0, 0x60,
    0xe0, 0x6, 0xe, 0x0, 0xe0, 0x70, 0xc, 0x7,
    0x1, 0xff, 0xf0, 0x1f, 0xff, 0x81, 0x80, 0x38,
    0x38, 0x1, 0xc3, 0x0, 0x1c, 0x30, 0x0, 0xc7,
    0x0, 0xe, 0x60, 0x0, 0xee, 0x0, 0x7,

    /* U+0042 "B" */
    0xff, 0xe0, 0xff, 0xf8, 0xe0, 0x3c, 0xe0, 0x1c,
    0xe0, 0xe, 0xe0, 0xe, 0xe0, 0xe, 0xe0, 0xe,
    0xe0, 0x1c, 0xe0, 0x3c, 0xff, 0xf8, 0xff, 0xfc,
    0xe0, 0x1e, 0xe0, 0xf, 0xe0, 0x7, 0xe0, 0x7,
    0xe0, 0x7, 0xe0, 0x7, 0xe0, 0xf, 0xe0, 0x1e,
    0xff, 0xfc, 0xff, 0xf0,

    /* U+0043 "C" */
    0x1, 0xf8, 0x1, 0xff, 0x81, 0xf0, 0x70, 0x70,
    0xe, 0x38, 0x1, 0x9c, 0x0, 0x7, 0x0, 0x3,
    0x80, 0x0, 0xe0, 0x0, 0x38, 0x0, 0xe, 0x0,
    0x3, 0x80, 0x0, 0xe0, 0x0, 0x38, 0x0, 0xe,
    0x0, 0x1, 0xc0, 0x0, 0x70, 0x0, 0xe, 0x0,
    0x61, 0xc0, 0x38, 0x7c, 0x1c, 0x7, 0xfe, 0x0,
    0x7e, 0x0,

    /* U+0044 "D" */
    0xff, 0xc0, 0x7f, 0xf8, 0x38, 0x1e, 0x1c, 0x3,
    0x8e, 0x0, 0xe7, 0x0, 0x3b, 0x80, 0x1d, 0xc0,
    0x7, 0xe0, 0x3, 0xf0, 0x1, 0xf8, 0x0, 0xfc,
    0x0, 0x7e, 0x0, 0x3f, 0x0, 0x1f, 0x80, 0xf,
    0xc0, 0xe, 0xe0, 0x7, 0x70, 0x7, 0x38, 0x7,
    0x1c, 0xf, 0xf, 0xff, 0x7, 0xfc, 0x0,

    /* U+0045 "E" */
    0xff, 0xff, 0xff, 0xfe, 0x0, 0x38, 0x0, 0xe0,
    0x3, 0x80, 0xe, 0x0, 0x38, 0x0, 0xe0, 0x3,
    0x80, 0xf, 0xff, 0xbf, 0xfe, 0xe0, 0x3, 0x80,
    0xe, 0x0, 0x38, 0x0, 0xe0, 0x3, 0x80, 0xe,
    0x0, 0x38, 0x0, 0xff, 0xff, 0xff, 0xf0,

    /* U+0046 "F" */
    0xff, 0xff, 0xff, 0xfe, 0x0, 0x38, 0x0, 0xe0,
    0x3, 0x80, 0xe, 0x0, 0x38, 0x0, 0xe0, 0x3,
    0x80, 0xf, 0xff, 0xbf, 0xfe, 0xe0, 0x3, 0x80,
    0xe, 0x0, 0x38, 0x0, 0xe0, 0x3, 0x80, 0xe,
    0x0, 0x38, 0x0, 0xe0, 0x3, 0x80, 0x0,

    /* U+0047 "G" */
    0x1, 0xfc, 0x1, 0xff, 0xc0, 0xf0, 0x78, 0x70,
    0xf, 0x38, 0x1, 0x1c, 0x0, 0x7, 0x0, 0x3,
    0x80, 0x0, 0xe0, 0x0, 0x38, 0x0, 0xe, 0x1,
    0xff, 0x80, 0x7f, 0xe0, 0x1, 0xf8, 0x0, 0x7e,
    0x0, 0x1d, 0xc0, 0x7, 0x70, 0x1, 0xce, 0x0,
    0x71, 0xc0, 0x1c, 0x3c, 0x1f, 0x7, 0xff, 0x0,
    0x7f, 0x0,

    /* U+0048 "H" */
    0xe0, 0x3, 0xf0, 0x1, 0xf8, 0x0, 0xfc, 0x0,
    0x7e, 0x0, 0x3f, 0x0, 0x1f, 0x80, 0xf, 0xc0,
    0x7, 0xe0, 0x3, 0xf0, 0x1, 0xff, 0xff, 0xff,
    0xff, 0xfe, 0x0, 0x3f, 0x0, 0x1f, 0x80, 0xf,
    0xc0, 0x7, 0xe0, 0x3, 0xf0, 0x1, 0xf8, 0x0,
    0xfc, 0x0, 0x7e, 0x0, 0x3f, 0x0, 0x1c,

    /* U+0049 "I" */
    0xff, 0xff, 0xff, 0xff, 0xff, 0xff, 0xff, 0xff,
    0xc0,

    /* U+004A "J" */
    0x0, 0x70, 0x7, 0x0, 0x70, 0x7, 0x0, 0x70,
    0x7, 0x0, 0x70, 0x7, 0x0, 0x70, 0x7, 0x0,
    0x70, 0x7, 0x0, 0x70, 0x7, 0x0, 0x70, 0x7,
    0x0, 0x72, 0x7, 0xe0, 0xe7, 0xe, 0x7f, 0xc1,
    0xf8,

    /* U+004B "K" */
    0xe0, 0x7, 0xb8, 0x3, 0xce, 0x1, 0xe3, 0x80,
    0x70, 0xe0, 0x38, 0x38, 0x1c, 0xe, 0xe, 0x3,
    0x87, 0x0, 0xe3, 0x80, 0x39, 0xc0, 0xe, 0xf8,
    0x3, 0xf7, 0x0, 0xf9, 0xe0, 0x3c, 0x38, 0xe,
    0x7, 0x3, 0x80, 0xe0, 0xe0, 0x3c, 0x38, 0x7,
    0x8e, 0x0, 0xe3, 0x80, 0x1c, 0xe0, 0x7, 0xb8,
    0x0, 0xf0,

    /* U+004C "L" */
    0xe0, 0x3, 0x80, 0xe, 0x0, 0x38, 0x0, 0xe0,
    0x3, 0x80, 0xe, 0x0, 0x38, 0x0, 0xe0, 0x3,
    0x80, 0xe, 0x0, 0x38, 0x0, 0xe0, 0x3, 0x80,
    0xe, 0x0, 0x38, 0x0, 0xe0, 0x3, 0x80, 0xe,
    0x0, 0x38, 0x0, 0xff, 0xff, 0xff, 0xf0,

    /* U+004D "M" */
    0xe0, 0x0, 0x3f, 0x80, 0x1, 0xfc, 0x0, 0x1f,
    0xf0, 0x1, 0xff, 0x80, 0xf, 0xfe, 0x0, 0xff,
    0xb8, 0x6, 0xfd, 0xc0, 0x77, 0xe7, 0x7, 0x3f,
    0x18, 0x31, 0xf8, 0xe3, 0x8f, 0xc3, 0x98, 0x7e,
    0x1d, 0xc3, 0xf0, 0x7c, 0x1f, 0x81, 0xc0, 0xfc,
    0xe, 0x7, 0xe0, 0x0, 0x3f, 0x0, 0x1, 0xf8,
    0x0, 0xf, 0xc0, 0x0, 0x7e, 0x0, 0x3, 0xf0,
    0x0, 0x1c,

    /* U+004E "N" */
    0xe0, 0x3, 0xf8, 0x1, 0xfc, 0x0, 0xff, 0x0,
    0x7f, 0xc0, 0x3f, 0xe0, 0x1f, 0xb8, 0xf, 0xce,
    0x7, 0xe7, 0x3, 0xf1, 0xc1, 0xf8, 0x70, 0xfc,
    0x38, 0x7e, 0xe, 0x3f, 0x3, 0x9f, 0x81, 0xcf,
    0xc0, 0x77, 0xe0, 0x1f, 0xf0, 0xf, 0xf8, 0x3,
    0xfc, 0x0, 0xfe, 0x0, 0x7f, 0x0, 0x1c,

    /* U+004F "O" */
    0x1, 0xf8, 0x0, 0x7f, 0xe0, 0x1e, 0x7, 0x83,
    0xc0, 0x3c, 0x38, 0x1, 0xc7, 0x0, 0xe, 0x70,
    0x0, 0xee, 0x0, 0x7, 0xe0, 0x0, 0x7e, 0x0,
    0x7, 0xe0, 0x0, 0x7e, 0x0, 0x7, 0xe0, 0x0,
    0x7e, 0x0, 0x7, 0xe0, 0x0, 0x77, 0x0, 0xe,
    0x70, 0x0, 0xe3, 0x80, 0x1c, 0x3c, 0x3, 0xc1,
    0xe0, 0x78, 0x7, 0xfe, 0x0, 0x1f, 0x80,

    /* U+0050 "P" */
    0xff, 0xc1, 0xff, 0xe3, 0x81, 0xe7, 0x0, 0xee,
    0x0, 0xfc, 0x1, 0xf8, 0x3, 0xf0, 0x7, 0xe0,
    0xf, 0xc0, 0x3b, 0x81, 0xf7, 0xff, 0x8f, 0xfc,
    0x1c, 0x0, 0x38, 0x0, 0x70, 0x0, 0xe0, 0x1,
    0xc0, 0x3, 0x80, 0x7, 0x0, 0xe, 0x0, 0x1c,
    0x0, 0x0,

    /* U+0051 "Q" */
    0x1, 0xf8, 0x0, 0x1f, 0xf8, 0x1, 0xe0, 0x78,
    0xf, 0x0, 0xf0, 0x38, 0x1, 0xc1, 0xc0, 0x3,
    0x87, 0x0, 0xe, 0x38, 0x0, 0x1c, 0xe0, 0x0,
    0x73, 0x80, 0x1, 0xce, 0x0, 0x7, 0x38, 0x0,
    0x1c, 0xe0, 0x0, 0x73, 0x80, 0x1, 0xce, 0x0,
    0x7, 0x1c, 0x0, 0x38, 0x70, 0x0, 0xe0, 0xe0,
    0x7, 0x3, 0xc0, 0x3c, 0x7, 0x81, 0xe0, 0x7,
    0xff, 0x0, 0x7, 0xf8, 0x0, 0x0, 0x78, 0x0,
    0x0, 0xf0, 0x0, 0x1, 0xf0, 0x0, 0x1, 0xe0,

    /* U+0052 "R" */
    0xff, 0xc0, 0x7f, 0xf8, 0x38, 0x1f, 0x1c, 0x3,
    0x8e, 0x0, 0xe7, 0x0, 0x73, 0x80, 0x39, 0xc0,
    0x1c, 0xe0, 0xe, 0x70, 0xe, 0x38, 0x1f, 0x1f,
    0xfe, 0xf, 0xfc, 0x7, 0x7, 0x3, 0x83, 0xc1,
    0xc0, 0xe0, 0xe0, 0x38, 0x70, 0xe, 0x38, 0x7,
    0x9c, 0x1, 0xce, 0x0, 0x77, 0x0, 0x3c,

    /* U+0053 "S" */
    0x7, 0xf0, 0x1f, 0xfc, 0x3c, 0x1e, 0x38, 0xe,
    0x70, 0x6, 0x70, 0x0, 0x70, 0x0, 0x78, 0x0,
    0x3e, 0x0, 0x3f, 0xc0, 0xf, 0xf8, 0x3, 0xfc,
    0x0, 0x7e, 0x0, 0x1f, 0x0, 0xf, 0x0, 0x7,
    0x60, 0x7, 0xe0, 0x7, 0x70, 0xe, 0x3c, 0x1e,
    0x1f, 0xfc, 0x7, 0xf0,

    /* U+0054 "T" */
    0xff, 0xff, 0xff, 0xff, 0x1, 0xc0, 0x1, 0xc0,
    0x1, 0xc0, 0x1, 0xc0, 0x1, 0xc0, 0x1, 0xc0,
    0x1, 0xc0, 0x1, 0xc0, 0x1, 0xc0, 0x1, 0xc0,
    0x1, 0xc0, 0x1, 0xc0, 0x1, 0xc0, 0x1, 0xc0,
    0x1, 0xc0, 0x1, 0xc0, 0x1, 0xc0, 0x1, 0xc0,
    0x1, 0xc0, 0x1, 0xc0,

    /* U+0055 "U" */
    0xe0, 0x3, 0xf0, 0x1, 0xf8, 0x0, 0xfc, 0x0,
    0x7e, 0x0, 0x3f, 0x0, 0x1f, 0x80, 0xf, 0xc0,
    0x7, 0xe0, 0x3, 0xf0, 0x1, 0xf8, 0x0, 0xfc,
    0x0, 0x7e, 0x0, 0x3f, 0x0, 0x1f, 0x80, 0xf,
    0xc0, 0x7, 0xf0, 0x7, 0x38, 0x3, 0x9e, 0x3,
    0xc7, 0x83, 0xc1, 0xff, 0xc0, 0x3f, 0x80,

    /* U+0056 "V" */
    0xe0, 0x0, 0x67, 0x0, 0xe, 0x70, 0x0, 0xe3,
    0x80, 0xc, 0x38, 0x1, 0xc3, 0x80, 0x18, 0x1c,
    0x3, 0x81, 0xc0, 0x38, 0xc, 0x3, 0x0, 0xe0,
    0x70, 0xe, 0x7, 0x0, 0x70, 0x60, 0x7, 0xe,
    0x0, 0x30, 0xc0, 0x3, 0x8c, 0x0, 0x39, 0xc0,
    0x1, 0x98, 0x0, 0x1f, 0x80, 0x0, 0xf8, 0x0,
    0xf, 0x0, 0x0, 0xf0, 0x0, 0x6, 0x0,

    /* U+0057 "W" */
    0xe0, 0x7, 0x0, 0x3b, 0x80, 0x38, 0x1, 0x9c,
    0x1, 0xe0, 0x1c, 0xe0, 0x1f, 0x0, 0xe3, 0x0,
    0xf8, 0x6, 0x1c, 0x6, 0xc0, 0x30, 0xe0, 0x37,
    0x3, 0x83, 0x3, 0xb8, 0x18, 0x1c, 0x18, 0xc0,
    0xc0, 0xe0, 0xc7, 0xe, 0x3, 0xe, 0x38, 0x70,
    0x1c, 0x70, 0xc3, 0x0, 0xe3, 0x7, 0x18, 0x3,
    0x18, 0x39, 0xc0, 0x1d, 0xc0, 0xcc, 0x0, 0xec,
    0x7, 0x60, 0x3, 0x60, 0x3f, 0x0, 0x1f, 0x0,
    0xf0, 0x0, 0xf0, 0x7, 0x80, 0x7, 0x80, 0x3c,
    0x0, 0x1c, 0x1, 0xe0, 0x0, 0xe0, 0x6, 0x0,

    /* U+0058 "X" */
    0x70, 0x0, 0xe7, 0x0, 0x38, 0xf0, 0xe, 0xe,
    0x1, 0xc0, 0xe0, 0x70, 0xe, 0x1c, 0x1, 0xc3,
    0x80, 0x1c, 0xe0, 0x1, 0xf8, 0x0, 0x3e, 0x0,
    0x3, 0xc0, 0x0, 0x78, 0x0, 0x1f, 0x80, 0x7,
    0x70, 0x0, 0xe7, 0x0, 0x38, 0xf0, 0xe, 0xe,
    0x1, 0xc0, 0xe0, 0x70, 0xe, 0x1c, 0x1, 0xe7,
    0x80, 0x1c, 0xe0, 0x1, 0xc0,

    /* U+0059 "Y" */
    0xf0, 0x1, 0xce, 0x0, 0x38, 0xe0, 0xe, 0x1e,
    0x1, 0x81, 0xc0, 0x70, 0x1c, 0x1c, 0x3, 0x83,
    0x80, 0x38, 0xe0, 0x7, 0x9c, 0x0, 0x77, 0x0,
    0x7, 0xc0, 0x0, 0xf8, 0x0, 0xe, 0x0, 0x1,
    0xc0, 0x0, 0x38, 0x0, 0x7, 0x0, 0x0, 0xe0,
    0x0, 0x1c, 0x0, 0x3, 0x80, 0x0, 0x70, 0x0,
    0xe, 0x0, 0x1, 0xc0, 0x0,

    /* U+005A "Z" */
    0x7f, 0xff, 0x7f, 0xff, 0x0, 0xe, 0x0, 0x1c,
    0x0, 0x1c, 0x0, 0x38, 0x0, 0x78, 0x0, 0x70,
    0x0, 0xe0, 0x1, 0xe0, 0x1, 0xc0, 0x3, 0x80,
    0x7, 0x80, 0x7, 0x0, 0xe, 0x0, 0x1e, 0x0,
    0x1c, 0x0, 0x38, 0x0, 0x38, 0x0, 0x70, 0x0,
    0xff, 0xff, 0xff, 0xff,

    /* U+005B "[" */
    0xff, 0xff, 0x87, 0xe, 0x1c, 0x38, 0x70, 0xe1,
    0xc3, 0x87, 0xe, 0x1c, 0x38, 0x70, 0xe1, 0xc3,
    0x87, 0xe, 0x1c, 0x38, 0x70, 0xe1, 0xc3, 0xff,
    0xf0,

    /* U+005C "\\" */
    0x60, 0xe, 0x1, 0xc0, 0x18, 0x3, 0x80, 0x70,
    0x6, 0x0, 0xe0, 0xc, 0x1, 0xc0, 0x38, 0x3,
    0x0, 0x70, 0xe, 0x0, 0xc0, 0x1c, 0x1, 0x80,
    0x38, 0x7, 0x0, 0x60, 0xe, 0x1, 0xc0,

    /* U+005D "]" */
    0xff, 0xff, 0x7, 0x7, 0x7, 0x7, 0x7, 0x7,
    0x7, 0x7, 0x7, 0x7, 0x7, 0x7, 0x7, 0x7,
    0x7, 0x7, 0x7, 0x7, 0x7, 0x7, 0x7, 0x7,
    0x7, 0x7, 0xff, 0xff,

    /* U+005E "^" */
    0x6, 0x0, 0xf0, 0xf, 0x1, 0xf8, 0x19, 0x83,
    0x9c, 0x38, 0xc3, 0xe, 0x70, 0x66, 0x7, 0xe0,
    0x70,

    /* U+005F "_" */
    0xff, 0xff, 0xff,

    /* U+0060 "`" */
    0xe3, 0x1c, 0x61, 0x80,

    /* U+0061 "a" */
    0xf, 0xc1, 0xff, 0x1e, 0x1c, 0xc0, 0xf0, 0x3,
    0x80, 0x1c, 0x7f, 0xe7, 0xff, 0x70, 0x3f, 0x1,
    0xf8, 0xf, 0xc0, 0x7e, 0x7, 0xb8, 0x7d, 0xff,
    0xe3, 0xe7,

    /* U+0062 "b" */
    0xe0, 0x1, 0xc0, 0x3, 0x80, 0x7, 0x0, 0xe,
    0x0, 0x1c, 0x0, 0x38, 0x0, 0x71, 0xf0, 0xef,
    0xf1, 0xf8, 0x73, 0xc0, 0x77, 0x80, 0xee, 0x0,
    0xfc, 0x1, 0xf8, 0x3, 0xf0, 0x7, 0xe0, 0xf,
    0xc0, 0x1f, 0xc0, 0x77, 0x80, 0xef, 0xc3, 0x9d,
    0xfe, 0x38, 0xf8, 0x0,

    /* U+0063 "c" */
    0x7, 0xc0, 0xff, 0x8f, 0xe, 0xe0, 0x27, 0x0,
    0x70, 0x3, 0x80, 0x1c, 0x0, 0xe0, 0x7, 0x0,
    0x38, 0x0, 0xe0, 0x7, 0x1, 0x1e, 0x1c, 0x7f,
    0xc0, 0xf8,

    /* U+0064 "d" */
    0x0, 0xe, 0x0, 0x1c, 0x0, 0x38, 0x0, 0x70,
    0x0, 0xe0, 0x1, 0xc0, 0x3, 0x87, 0xc7, 0x1f,
    0xee, 0x70, 0xfd, 0xc0, 0x7b, 0x80, 0xfe, 0x0,
    0xfc, 0x1, 0xf8, 0x3, 0xf0, 0x7, 0xe0, 0xf,
    0xc0, 0x1d, 0xc0, 0x7b, 0x80, 0xf3, 0x87, 0xe3,
    0xfd, 0xc3, 0xe3, 0x80,

    /* U+0065 "e" */
    0x7, 0xc0, 0x7f, 0xc3, 0x87, 0x9c, 0xe, 0x60,
    0x1f, 0x80, 0x7f, 0xff, 0xff, 0xff, 0xe0, 0x3,
    0x80, 0xe, 0x0, 0x1c, 0x0, 0x70, 0x18, 0xf0,
    0xe1, 0xff, 0x1, 0xf0,

    /* U+0066 "f" */
    0x7, 0xc7, 0xf1, 0xc0, 0xe0, 0x38, 0xe, 0x3,
    0x83, 0xfe, 0xff, 0x8e, 0x3, 0x80, 0xe0, 0x38,
    0xe, 0x3, 0x80, 0xe0, 0x38, 0xe, 0x3, 0x80,
    0xe0, 0x38, 0xe, 0x3, 0x80,

    /* U+0067 "g" */
    0xf, 0xce, 0x3f, 0xdc, 0xe1, 0xfb, 0x80, 0xf7,
    0x1, 0xfc, 0x1, 0xf8, 0x3, 0xf0, 0x7, 0xe0,
    0xf, 0xc0, 0x1f, 0x80, 0x3b, 0x80, 0xf7, 0x1,
    0xe7, 0xf, 0xc7, 0xfb, 0x87, 0xe7, 0x0, 0xe,
    0x0, 0x1c, 0x0, 0x73, 0x80, 0xe7, 0x83, 0x87,
    0xfe, 0x3, 0xf0, 0x0,

    /* U+0068 "h" */
    0xe0, 0x7, 0x0, 0x38, 0x1, 0xc0, 0xe, 0x0,
    0x70, 0x3, 0x80, 0x1c, 0xf8, 0xef, 0xe7, 0xc7,
    0xbc, 0x1f, 0xc0, 0x7e, 0x3, 0xf0, 0x1f, 0x80,
    0xfc, 0x7, 0xe0, 0x3f, 0x1, 0xf8, 0xf, 0xc0,
    0x7e, 0x3, 0xf0, 0x1f, 0x80, 0xe0,

    /* U+0069 "i" */
    0xff, 0x80, 0x3f, 0xff, 0xff, 0xff, 0xff, 0xff,
    0xc0,

    /* U+006A "j" */
    0x7, 0x7, 0x7, 0x0, 0x0, 0x0, 0x7, 0x7,
    0x7, 0x7, 0x7, 0x7, 0x7, 0x7, 0x7, 0x7,
    0x7, 0x7, 0x7, 0x7, 0x7, 0x7, 0x7, 0x7,
    0x7, 0x7, 0xe, 0xfe, 0xf8,

    /* U+006B "k" */
    0xe0, 0x3, 0x80, 0xe, 0x0, 0x38, 0x0, 0xe0,
    0x3, 0x80, 0xe, 0x0, 0x38, 0xe, 0xe0, 0x73,
    0x83, 0x8e, 0x1c, 0x38, 0xe0, 0xe7, 0x3, 0x9c,
    0xe, 0xf0, 0x3f, 0xe0, 0xfb, 0x83, 0xc7, 0xe,
    0xe, 0x38, 0x3c, 0xe0, 0x73, 0x80, 0xee, 0x3,
    0xc0,

    /* U+006C "l" */
    0xff, 0xff, 0xff, 0xff, 0xff, 0xff, 0xff, 0xff,
    0xf8,

    /* U+006D "m" */
    0xe7, 0x83, 0xc7, 0xff, 0x7f, 0xbe, 0x3b, 0x1d,
    0xe1, 0xf0, 0xfe, 0x7, 0x3, 0xf0, 0x38, 0x1f,
    0x81, 0xc0, 0xfc, 0xe, 0x7, 0xe0, 0x70, 0x3f,
    0x3, 0x81, 0xf8, 0x1c, 0xf, 0xc0, 0xe0, 0x7e,
    0x7, 0x3, 0xf0, 0x38, 0x1f, 0x81, 0xc0, 0xfc,
    0xe, 0x7,

    /* U+006E "n" */
    0xe7, 0xc7, 0x7f, 0x3e, 0x3d, 0xe0, 0xfe, 0x3,
    0xf0, 0x1f, 0x80, 0xfc, 0x7, 0xe0, 0x3f, 0x1,
    0xf8, 0xf, 0xc0, 0x7e, 0x3, 0xf0, 0x1f, 0x80,
    0xfc, 0x7,

    /* U+006F "o" */
    0x7, 0xc0, 0x3f, 0xe0, 0xf1, 0xe3, 0x80, 0xe7,
    0x1, 0xdc, 0x1, 0xf8, 0x3, 0xf0, 0x7, 0xe0,
    0xf, 0xc0, 0x1f, 0x80, 0x3b, 0x80, 0xe7, 0x1,
    0xc7, 0x8f, 0x7, 0xfc, 0x3, 0xe0,

    /* U+0070 "p" */
    0xe3, 0xe1, 0xdf, 0xe3, 0xf0, 0xe7, 0x80, 0xef,
    0x1, 0xdc, 0x1, 0xf8, 0x3, 0xf0, 0x7, 0xe0,
    0xf, 0xc0, 0x1f, 0x80, 0x3f, 0x80, 0xef, 0x1,
    0xdf, 0x87, 0x3b, 0xfc, 0x71, 0xf0, 0xe0, 0x1,
    0xc0, 0x3, 0x80, 0x7, 0x0, 0xe, 0x0, 0x1c,
    0x0, 0x38, 0x0, 0x0,

    /* U+0071 "q" */
    0xf, 0xce, 0x3f, 0xdc, 0xe1, 0xfb, 0x80, 0xf7,
    0x1, 0xfc, 0x1, 0xf8, 0x3, 0xf0, 0x7, 0xe0,
    0xf, 0xc0, 0x1f, 0x80, 0x3b, 0x80, 0xf7, 0x1,
    0xe7, 0xf, 0xc7, 0xfb, 0x87, 0xc7, 0x0, 0xe,
    0x0, 0x1c, 0x0, 0x38, 0x0, 0x70, 0x0, 0xe0,
    0x1, 0xc0, 0x3, 0x80,

    /* U+0072 "r" */
    0xe7, 0xf7, 0xfe, 0x1e, 0xf, 0x7, 0x3, 0x81,
    0xc0, 0xe0, 0x70, 0x38, 0x1c, 0xe, 0x7, 0x3,
    0x81, 0xc0,

    /* U+0073 "s" */
    0xf, 0xc1, 0xff, 0x8e, 0x1c, 0xe0, 0x67, 0x0,
    0x3c, 0x1, 0xf8, 0x7, 0xf8, 0x7, 0xf0, 0x7,
    0xc0, 0xe, 0x40, 0x76, 0x3, 0xbc, 0x38, 0xff,
    0x81, 0xf8,

    /* U+0074 "t" */
    0x38, 0x7, 0x0, 0xe0, 0x1c, 0x3, 0x81, 0xff,
    0xbf, 0xf1, 0xc0, 0x38, 0x7, 0x0, 0xe0, 0x1c,
    0x3, 0x80, 0x70, 0xe, 0x1, 0xc0, 0x38, 0x7,
    0x0, 0x70, 0xf, 0xe0, 0x7c,

    /* U+0075 "u" */
    0xe0, 0x3f, 0x1, 0xf8, 0xf, 0xc0, 0x7e, 0x3,
    0xf0, 0x1f, 0x80, 0xfc, 0x7, 0xe0, 0x3f, 0x1,
    0xf8, 0xf, 0xc0, 0x7f, 0x7, 0xb8, 0x7c, 0xfe,
    0xe3, 0xe7,

    /* U+0076 "v" */
    0x60, 0xe, 0xe0, 0x1d, 0xc0, 0x31, 0xc0, 0xe3,
    0x81, 0x83, 0x3, 0x7, 0xe, 0xe, 0x18, 0xc,
    0x70, 0x1c, 0xc0, 0x19, 0x80, 0x3f, 0x0, 0x7c,
    0x0, 0x78, 0x0, 0xe0, 0x0, 0xc0,

    /* U+0077 "w" */
    0xe0, 0x18, 0xe, 0xc0, 0x70, 0x1d, 0xc0, 0xf0,
    0x31, 0x81, 0xe0, 0x63, 0x87, 0xc1, 0xc7, 0xd,
    0xc3, 0x6, 0x19, 0x86, 0xe, 0x73, 0x18, 0x1c,
    0xc7, 0x30, 0x19, 0x86, 0x60, 0x3f, 0xd, 0x80,
    0x7c, 0x1f, 0x0, 0x78, 0x1e, 0x0, 0xf0, 0x38,
    0x0, 0xc0, 0x70, 0x1, 0x80, 0x60,

    /* U+0078 "x" */
    0x70, 0x1c, 0xf0, 0x38, 0xe0, 0xe0, 0xe3, 0x81,
    0xee, 0x1, 0xdc, 0x1, 0xf0, 0x1, 0xc0, 0x3,
    0x80, 0xf, 0x80, 0x3b, 0x80, 0x67, 0x1, 0xc7,
    0x7, 0x7, 0x1c, 0xf, 0x38, 0xe,

    /* U+0079 "y" */
    0xe0, 0xe, 0xe0, 0x1d, 0xc0, 0x31, 0x80, 0xe3,
    0x81, 0xc7, 0x3, 0x7, 0xe, 0xe, 0x18, 0xc,
    0x30, 0x1c, 0xe0, 0x39, 0x80, 0x3f, 0x0, 0x7c,
    0x0, 0x78, 0x0, 0xf0, 0x1, 0xc0, 0x3, 0x80,
    0x6, 0x0, 0xc, 0x0, 0x38, 0x0, 0xe0, 0x1f,
    0x80, 0x3e, 0x0, 0x0,

    /* U+007A "z" */
    0x7f, 0xf7, 0xff, 0x0, 0xe0, 0xe, 0x1, 0xc0,
    0x38, 0x3, 0x80, 0x70, 0xe, 0x0, 0xe0, 0x1c,
    0x3, 0xc0, 0x78, 0x7, 0x0, 0xff, 0xff, 0xff,

    /* U+007B "{" */
    0x7, 0x87, 0xc7, 0x83, 0x81, 0xc0, 0xe0, 0x70,
    0x38, 0x1c, 0xe, 0x7, 0x3, 0x83, 0x87, 0xc3,
    0x81, 0xf0, 0x38, 0xe, 0x7, 0x3, 0x81, 0xc0,
    0xe0, 0x70, 0x38, 0x1c, 0xf, 0x3, 0xe0, 0xf0,

    /* U+007C "|" */
    0xff, 0xff, 0xff, 0xff, 0xff, 0xff, 0xff, 0xff,
    0xff, 0xff, 0xf0,

    /* U+007D "}" */
    0xf0, 0x3f, 0x1, 0xe0, 0x38, 0xe, 0x3, 0x80,
    0xe0, 0x38, 0xe, 0x3, 0x80, 0xe0, 0x38, 0x7,
    0x1, 0xf0, 0x1c, 0x1f, 0xf, 0x3, 0x80, 0xe0,
    0x38, 0xe, 0x3, 0x80, 0xe0, 0x38, 0xe, 0x7,
    0x8f, 0xc3, 0xe0,

    /* U+007E "~" */
    0x3c, 0x1d, 0xf8, 0x6e, 0x71, 0xb0, 0xfe, 0xc0,
    0xf0,

    /* U+00BF "¿" */
    0x7, 0x0, 0x38, 0x1, 0xc0, 0x0, 0x0, 0x0,
    0x0, 0x0, 0xc, 0x0, 0x60, 0x3, 0x0, 0x18,
    0x1, 0xc0, 0xc, 0x0, 0xe0, 0x1e, 0x1, 0xe0,
    0xe, 0x0, 0xe0, 0x7, 0x0, 0x38, 0xd, 0xc0,
    0xe7, 0xf, 0x1f, 0xf0, 0x7e, 0x0,

    /* U+00C9 "É" */
    0x0, 0xe0, 0x7, 0x0, 0x18, 0x0, 0xc0, 0x0,
    0x0, 0x0, 0xf, 0xff, 0xff, 0xff, 0xe0, 0x3,
    0x80, 0xe, 0x0, 0x38, 0x0, 0xe0, 0x3, 0x80,
    0xe, 0x0, 0x38, 0x0, 0xff, 0xfb, 0xff, 0xee,
    0x0, 0x38, 0x0, 0xe0, 0x3, 0x80, 0xe, 0x0,
    0x38, 0x0, 0xe0, 0x3, 0x80, 0xf, 0xff, 0xff,
    0xff,

    /* U+00E3 "ã" */
    0x1c, 0x71, 0xf3, 0xc, 0xf8, 0x63, 0x80, 0x0,
    0x0, 0x0, 0x3f, 0x7, 0xfc, 0x78, 0x73, 0x3,
    0xc0, 0xe, 0x0, 0x71, 0xff, 0x9f, 0xfd, 0xc0,
    0xfc, 0x7, 0xe0, 0x3f, 0x1, 0xf8, 0x1e, 0xe1,
    0xf7, 0xff, 0x8f, 0x9c,

    /* U+00E7 "ç" */
    0x7, 0xc0, 0xff, 0x8e, 0x1e, 0xe0, 0x67, 0x0,
    0x70, 0x3, 0x80, 0x1c, 0x0, 0xe0, 0x7, 0x0,
    0x38, 0x0, 0xe0, 0x7, 0x3, 0x1e, 0x3c, 0x7f,
    0xc0, 0xfc, 0x3, 0x0, 0x18, 0x0, 0xf0, 0x0,
    0xc0, 0x6, 0x3, 0xf0, 0x1f, 0x0,

    /* U+00E9 "é" */
    0x0, 0xe0, 0x3, 0x0, 0x18, 0x0, 0x60, 0x0,
    0x0, 0x0, 0x0, 0x7c, 0x7, 0xfc, 0x38, 0x79,
    0xc0, 0xe6, 0x1, 0xf8, 0x7, 0xff, 0xff, 0xff,
    0xfe, 0x0, 0x38, 0x0, 0xe0, 0x1, 0xc0, 0x7,
    0x1, 0x8f, 0xe, 0x1f, 0xf0, 0x1f, 0x0,

    /* U+00EC "ì" */
    0x71, 0xc3, 0x87, 0x0, 0x1, 0xc7, 0x1c, 0x71,
    0xc7, 0x1c, 0x71, 0xc7, 0x1c, 0x71, 0xc7, 0x1c,
    0x70,

    /* U+00ED "í" */
    0x38, 0xe7, 0x38, 0x0, 0xe, 0x38, 0xe3, 0x8e,
    0x38, 0xe3, 0x8e, 0x38, 0xe3, 0x8e, 0x38, 0xe3,
    0x80,

    /* U+00F3 "ó" */
    0x0, 0xe0, 0x1, 0x80, 0x7, 0x0, 0xc, 0x0,
    0x0, 0x0, 0x0, 0x1, 0xf0, 0xf, 0xf8, 0x3c,
    0x78, 0xe0, 0x39, 0xc0, 0x77, 0x0, 0x7e, 0x0,
    0xfc, 0x1, 0xf8, 0x3, 0xf0, 0x7, 0xe0, 0xe,
    0xe0, 0x39, 0xc0, 0x71, 0xe3, 0xc1, 0xff, 0x0,
    0xf8, 0x0,

    /* U+00F6 "ö" */
    0x1c, 0x70, 0x38, 0xe0, 0x71, 0xc0, 0x0, 0x0,
    0x0, 0x0, 0x0, 0x1, 0xf0, 0xf, 0xf8, 0x3c,
    0x78, 0xe0, 0x39, 0xc0, 0x77, 0x0, 0x7e, 0x0,
    0xfc, 0x1, 0xf8, 0x3, 0xf0, 0x7, 0xe0, 0xe,
    0xe0, 0x39, 0xc0, 0x71, 0xe3, 0xc1, 0xff, 0x0,
    0xf8, 0x0,

    /* U+00FC "ü" */
    0x38, 0xe1, 0xc7, 0xe, 0x38, 0x0, 0x0, 0x0,
    0x0, 0x3, 0x80, 0xfc, 0x7, 0xe0, 0x3f, 0x1,
    0xf8, 0xf, 0xc0, 0x7e, 0x3, 0xf0, 0x1f, 0x80,
    0xfc, 0x7, 0xe0, 0x3f, 0x1, 0xfc, 0x1e, 0xe1,
    0xf3, 0xfb, 0x8f, 0x9c,

    /* U+0105 "ą" */
    0xf, 0xc0, 0x7f, 0xc1, 0xe1, 0xc3, 0x3, 0xc0,
    0x3, 0x80, 0x7, 0x7, 0xfe, 0x1f, 0xfc, 0x70,
    0x39, 0xc0, 0x73, 0x80, 0xe7, 0x1, 0xce, 0x7,
    0x8e, 0x1f, 0x1f, 0xfe, 0xf, 0x9c, 0x0, 0xe0,
    0x1, 0x80, 0x6, 0x0, 0xc, 0x0, 0x18, 0x40,
    0x1f, 0xc0, 0x1e, 0x0,

    /* U+0107 "ć" */
    0x0, 0xe0, 0x6, 0x0, 0x70, 0x3, 0x0, 0x0,
    0x0, 0x0, 0x1f, 0x3, 0xfe, 0x3c, 0x3b, 0x80,
    0x9c, 0x1, 0xc0, 0xe, 0x0, 0x70, 0x3, 0x80,
    0x1c, 0x0, 0xe0, 0x3, 0x80, 0x1c, 0x4, 0x78,
    0x71, 0xff, 0x3, 0xe0,

    /* U+0119 "ę" */
    0x7, 0xc0, 0x7f, 0xc3, 0x87, 0x9c, 0xe, 0x60,
    0x1f, 0x80, 0x7f, 0xff, 0xff, 0xff, 0xe0, 0x3,
    0x80, 0xe, 0x0, 0x1c, 0x0, 0x70, 0x18, 0xf0,
    0xe1, 0xff, 0x1, 0xf8, 0x1, 0xc0, 0x6, 0x0,
    0x30, 0x0, 0xc0, 0x3, 0x10, 0xf, 0xe0, 0x1f,
    0x0,

    /* U+011F "ğ" */
    0x38, 0x70, 0x79, 0xe0, 0x7f, 0x80, 0x7e, 0x0,
    0x0, 0x0, 0x0, 0x3, 0xf3, 0x8f, 0xf7, 0x38,
    0x7e, 0xe0, 0x3d, 0xc0, 0x7f, 0x0, 0x7e, 0x0,
    0xfc, 0x1, 0xf8, 0x3, 0xf0, 0x7, 0xe0, 0xe,
    0xe0, 0x3d, 0xc0, 0x79, 0xc3, 0xf1, 0xfe, 0xe1,
    0xf9, 0xc0, 0x3, 0x80, 0x7, 0x20, 0x1d, 0xe0,
    0x39, 0xe0, 0xe1, 0xff, 0x80, 0xfc, 0x0,

    /* U+0131 "ı" */
    0xff, 0xff, 0xff, 0xff, 0xff, 0xff,

    /* U+0142 "ł" */
    0x38, 0x70, 0xe1, 0xc3, 0x87, 0xe, 0x1c, 0x3a,
    0x7c, 0xfb, 0xef, 0x9f, 0xe, 0x1c, 0x38, 0x70,
    0xe1, 0xc3, 0x87, 0xe, 0x0,

    /* U+015B "ś" */
    0x0, 0xe0, 0xe, 0x0, 0x60, 0x7, 0x0, 0x0,
    0x0, 0x0, 0x3f, 0x7, 0xfe, 0x38, 0x73, 0x81,
    0x9c, 0x0, 0xf0, 0x7, 0xe0, 0x1f, 0xe0, 0x1f,
    0xc0, 0x1f, 0x0, 0x39, 0x1, 0xd8, 0xe, 0xf0,
    0xe3, 0xfe, 0x7, 0xe0,

    /* U+015F "ş" */
    0xf, 0xc1, 0xff, 0x8e, 0x1c, 0xe0, 0x67, 0x0,
    0x3c, 0x1, 0xf8, 0x7, 0xf8, 0x7, 0xf0, 0x7,
    0xc0, 0xe, 0x40, 0x76, 0x3, 0xbc, 0x38, 0xff,
    0xc1, 0xf8, 0x6, 0x0, 0x38, 0x3, 0xf0, 0x1,
    0x80, 0xc, 0x7, 0xe0, 0x3c, 0x0,

    /* U+017C "ż" */
    0x7, 0x0, 0x70, 0x7, 0x0, 0x0, 0x0, 0x0,
    0x0, 0x7f, 0xf7, 0xff, 0x0, 0xe0, 0x1e, 0x1,
    0xc0, 0x38, 0x7, 0x80, 0x70, 0xe, 0x1, 0xe0,
    0x1c, 0x3, 0xc0, 0x78, 0x7, 0x0, 0xff, 0xff,
    0xff,

    /* U+0412 "В" */
    0xff, 0xe0, 0xff, 0xf8, 0xe0, 0x3c, 0xe0, 0x1c,
    0xe0, 0xe, 0xe0, 0xe, 0xe0, 0xe, 0xe0, 0xe,
    0xe0, 0x1e, 0xe0, 0x3c, 0xff, 0xf8, 0xff, 0xfc,
    0xe0, 0x1e, 0xe0, 0xf, 0xe0, 0x7, 0xe0, 0x7,
    0xe0, 0x7, 0xe0, 0x7, 0xe0, 0xf, 0xe0, 0x1e,
    0xff, 0xfc, 0xff, 0xf0,

    /* U+0414 "Д" */
    0x7, 0xff, 0xe0, 0x1f, 0xff, 0x80, 0x70, 0xe,
    0x1, 0xc0, 0x38, 0x7, 0x0, 0xe0, 0x1c, 0x3,
    0x80, 0x70, 0xe, 0x1, 0xc0, 0x38, 0x7, 0x0,
    0xe0, 0x1c, 0x3, 0x80, 0x70, 0xe, 0x1, 0xc0,
    0x38, 0x7, 0x0, 0xe0, 0x1c, 0x3, 0x80, 0x70,
    0xe, 0x1, 0xc0, 0x38, 0xe, 0x0, 0xe0, 0x38,
    0x3, 0x80, 0xc0, 0xe, 0x7, 0x0, 0x38, 0xff,
    0xff, 0xff, 0xff, 0xff, 0xfe, 0x0, 0x1, 0xf8,
    0x0, 0x7, 0xe0, 0x0, 0x1f, 0x80, 0x0, 0x7e,
    0x0, 0x1, 0xc0,

    /* U+0417 "З" */
    0x7, 0xe0, 0x1f, 0xf8, 0x3c, 0x3c, 0x70, 0x1e,
    0x70, 0xe, 0x20, 0xe, 0x0, 0xe, 0x0, 0x1c,
    0x0, 0x3c, 0x3, 0xf0, 0x3, 0xf8, 0x0, 0x3e,
    0x0, 0xe, 0x0, 0x7, 0x0, 0x7, 0x0, 0x7,
    0x60, 0x7, 0x60, 0x7, 0x70, 0xe, 0x3c, 0x1e,
    0x1f, 0xf8, 0x7, 0xf0,

    /* U+041A "К" */
    0xe0, 0x7, 0xf0, 0x3, 0xb8, 0x3, 0x9c, 0x3,
    0x8e, 0x3, 0x87, 0x1, 0xc3, 0x81, 0xc1, 0xc1,
    0xc0, 0xe1, 0xc0, 0x70, 0xe0, 0x3f, 0xe0, 0x1f,
    0xf0, 0xe, 0x1c, 0x7, 0xf, 0x3, 0x83, 0xc1,
    0xc0, 0xe0, 0xe0, 0x38, 0x70, 0x1e, 0x38, 0x7,
    0x9c, 0x1, 0xee, 0x0, 0x77, 0x0, 0x3c,

    /* U+041D "Н" */
    0xe0, 0x3, 0xf0, 0x1, 0xf8, 0x0, 0xfc, 0x0,
    0x7e, 0x0, 0x3f, 0x0, 0x1f, 0x80, 0xf, 0xc0,
    0x7, 0xe0, 0x3, 0xf0, 0x1, 0xff, 0xff, 0xff,
    0xff, 0xfe, 0x0, 0x3f, 0x0, 0x1f, 0x80, 0xf,
    0xc0, 0x7, 0xe0, 0x3, 0xf0, 0x1, 0xf8, 0x0,
    0xfc, 0x0, 0x7e, 0x0, 0x3f, 0x0, 0x1c,

    /* U+041E "О" */
    0x1, 0xf8, 0x0, 0x7f, 0xe0, 0x1e, 0x7, 0x83,
    0xc0, 0x3c, 0x38, 0x1, 0xc7, 0x0, 0xe, 0x70,
    0x0, 0xee, 0x0, 0x7, 0xe0, 0x0, 0x7e, 0x0,
    0x7, 0xe0, 0x0, 0x7e, 0x0, 0x7, 0xe0, 0x0,
    0x7e, 0x0, 0x7, 0xe0, 0x0, 0x77, 0x0, 0xe,
    0x70, 0x0, 0xe3, 0x80, 0x1c, 0x3c, 0x3, 0xc1,
    0xe0, 0x78, 0x7, 0xfe, 0x0, 0x1f, 0x80,

    /* U+041F "П" */
    0xff, 0xff, 0xff, 0xff, 0xf8, 0x0, 0xfc, 0x0,
    0x7e, 0x0, 0x3f, 0x0, 0x1f, 0x80, 0xf, 0xc0,
    0x7, 0xe0, 0x3, 0xf0, 0x1, 0xf8, 0x0, 0xfc,
    0x0, 0x7e, 0x0, 0x3f, 0x0, 0x1f, 0x80, 0xf,
    0xc0, 0x7, 0xe0, 0x3, 0xf0, 0x1, 0xf8, 0x0,
    0xfc, 0x0, 0x7e, 0x0, 0x3f, 0x0, 0x1c,

    /* U+0421 "С" */
    0x1, 0xf8, 0x1, 0xff, 0x81, 0xf0, 0x70, 0x70,
    0xe, 0x38, 0x1, 0x9c, 0x0, 0x7, 0x0, 0x3,
    0x80, 0x0, 0xe0, 0x0, 0x38, 0x0, 0xe, 0x0,
    0x3, 0x80, 0x0, 0xe0, 0x0, 0x38, 0x0, 0xe,
    0x0, 0x1, 0xc0, 0x0, 0x70, 0x0, 0xe, 0x0,
    0x61, 0xc0, 0x38, 0x7c, 0x1c, 0x7, 0xfe, 0x0,
    0x7e, 0x0,

    /* U+0423 "У" */
    0xe0, 0x1, 0xdc, 0x0, 0xe7, 0x0, 0x38, 0xe0,
    0xc, 0x38, 0x7, 0x7, 0x1, 0x81, 0xc0, 0xe0,
    0x38, 0x30, 0xe, 0x1c, 0x1, 0xc6, 0x0, 0x73,
    0x80, 0xe, 0xe0, 0x3, 0xb0, 0x0, 0x7c, 0x0,
    0x1e, 0x0, 0x3, 0x80, 0x0, 0xc0, 0x0, 0x70,
    0x0, 0x38, 0x0, 0x1c, 0x0, 0x7e, 0x0, 0x1f,
    0x0, 0x0,

    /* U+0424 "Ф" */
    0x0, 0x70, 0x0, 0x1, 0xc0, 0x0, 0xf, 0x80,
    0x1, 0xff, 0xe0, 0x1f, 0xff, 0xc0, 0xf1, 0xc7,
    0xc7, 0x87, 0x7, 0x9c, 0x1c, 0xe, 0xe0, 0x70,
    0x1f, 0x81, 0xc0, 0x7e, 0x7, 0x1, 0xf8, 0x1c,
    0x7, 0xe0, 0x70, 0x1f, 0x81, 0xc0, 0xf7, 0x7,
    0x3, 0x9e, 0x1c, 0x1e, 0x3c, 0x71, 0xf0, 0x7f,
    0xff, 0x0, 0x7f, 0xf8, 0x0, 0x3e, 0x0, 0x0,
    0x70, 0x0, 0x1, 0xc0, 0x0,

    /* U+0430 "а" */
    0xf, 0xc1, 0xff, 0x1e, 0x1c, 0xc0, 0xf0, 0x3,
    0x80, 0x1c, 0x7f, 0xe7, 0xff, 0x70, 0x3f, 0x1,
    0xf8, 0xf, 0xc0, 0x7e, 0x7, 0xb8, 0x7d, 0xff,
    0xe3, 0xe7,

    /* U+0431 "б" */
    0x0, 0x0, 0x7, 0xf0, 0x3f, 0xe0, 0xe0, 0x3,
    0x80, 0xe, 0x0, 0x1c, 0x0, 0x33, 0xf0, 0xef,
    0xf1, 0xf8, 0x73, 0xc0, 0x77, 0x80, 0xee, 0x0,
    0xfc, 0x1, 0xf8, 0x3, 0xf0, 0x7, 0xe0, 0xe,
    0xc0, 0x1d, 0xc0, 0x73, 0x80, 0xe3, 0xc3, 0x83,
    0xfe, 0x1, 0xf0, 0x0,

    /* U+0432 "в" */
    0xff, 0x87, 0xff, 0x38, 0x3d, 0xc0, 0xee, 0x7,
    0x70, 0x3b, 0x83, 0x9f, 0xf8, 0xff, 0xe7, 0x3,
    0xb8, 0xf, 0xc0, 0x7e, 0x3, 0xf0, 0x3f, 0xff,
    0xdf, 0xf8,

    /* U+0433 "г" */
    0xff, 0xff, 0xff, 0x80, 0x70, 0xe, 0x1, 0xc0,
    0x38, 0x7, 0x0, 0xe0, 0x1c, 0x3, 0x80, 0x70,
    0xe, 0x1, 0xc0, 0x38, 0x7, 0x0,

    /* U+0434 "д" */
    0xf, 0xfe, 0x7, 0xff, 0x3, 0x83, 0x81, 0xc1,
    0xc0, 0xe0, 0xe0, 0x70, 0x70, 0x38, 0x38, 0x1c,
    0x1c, 0xe, 0xe, 0x7, 0x7, 0x3, 0x83, 0x81,
    0xc1, 0xc1, 0xc0, 0xe0, 0xe0, 0x73, 0xff, 0xff,
    0xff, 0xff, 0xe0, 0x3, 0xf0, 0x1, 0xf8, 0x0,
    0xfc, 0x0, 0x7e, 0x0, 0x38,

    /* U+0435 "е" */
    0x7, 0xc0, 0x7f, 0xc3, 0x87, 0x9c, 0xe, 0x60,
    0x1f, 0x80, 0x7f, 0xff, 0xff, 0xff, 0xe0, 0x3,
    0x80, 0xe, 0x0, 0x1c, 0x0, 0x70, 0x18, 0xf0,
    0xe1, 0xff, 0x1, 0xf0,

    /* U+0436 "ж" */
    0x70, 0x38, 0x1c, 0x70, 0x70, 0x70, 0xe0, 0xe0,
    0xe0, 0xe1, 0xc3, 0x80, 0xe3, 0x8e, 0x1, 0xc7,
    0x1c, 0x1, 0xce, 0x70, 0x1, 0xff, 0xc0, 0x3,
    0xff, 0x80, 0xe, 0x73, 0x80, 0x38, 0xe3, 0x80,
    0xe1, 0xc3, 0x81, 0xc3, 0x87, 0x7, 0x7, 0x7,
    0x1c, 0xe, 0x7, 0x38, 0x1c, 0xe,

    /* U+0438 "и" */
    0xe0, 0x3f, 0x3, 0xf8, 0x1f, 0xc1, 0xfe, 0xf,
    0xf0, 0xdf, 0x8e, 0xfc, 0x67, 0xe6, 0x3f, 0x71,
    0xfb, 0xf, 0xf0, 0x7f, 0x83, 0xf8, 0x1f, 0xc0,
    0xfc, 0x7,

    /* U+0439 "й" */
    0x38, 0xe1, 0xc7, 0x7, 0xf0, 0x1f, 0x0, 0x0,
    0x0, 0x3, 0x80, 0xfc, 0x7, 0xe0, 0x7f, 0x7,
    0xf8, 0x3f, 0xc3, 0x7e, 0x3b, 0xf1, 0x9f, 0x98,
    0xfd, 0xc7, 0xec, 0x3f, 0xc1, 0xfe, 0xf, 0xe0,
    0x7e, 0x3, 0xf0, 0x1c,

    /* U+043A "к" */
    0xe0, 0x3b, 0x81, 0xce, 0xe, 0x38, 0x38, 0xe1,
    0xc3, 0x8e, 0xe, 0x70, 0x3f, 0xc0, 0xff, 0x3,
    0x9e, 0xe, 0x38, 0x38, 0x70, 0xe0, 0xe3, 0x81,
    0xce, 0x7, 0xb8, 0xe,

    /* U+043B "л" */
    0x1f, 0xfc, 0x7f, 0xf1, 0xc1, 0xc7, 0x7, 0x1c,
    0x1c, 0x70, 0x71, 0xc1, 0xc7, 0x7, 0x1c, 0x1c,
    0x70, 0x71, 0xc1, 0xc7, 0x7, 0x1c, 0x1c, 0xe0,
    0x7f, 0x81, 0xf8, 0x7,

    /* U+043C "м" */
    0xe0, 0x3, 0xf8, 0x3, 0xfc, 0x1, 0xff, 0x1,
    0xff, 0xc0, 0xff, 0xe0, 0xff, 0xb8, 0xef, 0xcc,
    0x67, 0xe7, 0x73, 0xf1, 0xb1, 0xf8, 0xf8, 0xfc,
    0x38, 0x7e, 0x1c, 0x3f, 0x0, 0x1f, 0x80, 0xf,
    0xc0, 0x7,

    /* U+043D "н" */
    0xe0, 0x3f, 0x1, 0xf8, 0xf, 0xc0, 0x7e, 0x3,
    0xf0, 0x1f, 0x80, 0xff, 0xff, 0xff, 0xff, 0x1,
    0xf8, 0xf, 0xc0, 0x7e, 0x3, 0xf0, 0x1f, 0x80,
    0xfc, 0x7,

    /* U+043E "о" */
    0x7, 0xc0, 0x3f, 0xe0, 0xf1, 0xe3, 0x80, 0xe7,
    0x1, 0xdc, 0x1, 0xf8, 0x3, 0xf0, 0x7, 0xe0,
    0xf, 0xc0, 0x1f, 0x80, 0x3b, 0x80, 0xe7, 0x1,
    0xc7, 0x8f, 0x7, 0xfc, 0x3, 0xe0,

    /* U+043F "п" */
    0xff, 0xff, 0xff, 0xf8, 0xf, 0xc0, 0x7e, 0x3,
    0xf0, 0x1f, 0x80, 0xfc, 0x7, 0xe0, 0x3f, 0x1,
    0xf8, 0xf, 0xc0, 0x7e, 0x3, 0xf0, 0x1f, 0x80,
    0xfc, 0x7,

    /* U+0440 "р" */
    0xe3, 0xe1, 0xdf, 0xe3, 0xf0, 0xe7, 0x80, 0xef,
    0x1, 0xdc, 0x1, 0xf8, 0x3, 0xf0, 0x7, 0xe0,
    0xf, 0xc0, 0x1f, 0x80, 0x3f, 0x80, 0xef, 0x1,
    0xdf, 0x87, 0x3b, 0xfc, 0x71, 0xf0, 0xe0, 0x1,
    0xc0, 0x3, 0x80, 0x7, 0x0, 0xe, 0x0, 0x1c,
    0x0, 0x38, 0x0, 0x0,

    /* U+0441 "с" */
    0x7, 0xc0, 0xff, 0x8f, 0xe, 0xe0, 0x27, 0x0,
    0x70, 0x3, 0x80, 0x1c, 0x0, 0xe0, 0x7, 0x0,
    0x38, 0x0, 0xe0, 0x7, 0x1, 0x1e, 0x1c, 0x7f,
    0xc0, 0xf8,

    /* U+0442 "т" */
    0xff, 0xff, 0xff, 0xc1, 0xc0, 0xe, 0x0, 0x70,
    0x3, 0x80, 0x1c, 0x0, 0xe0, 0x7, 0x0, 0x38,
    0x1, 0xc0, 0xe, 0x0, 0x70, 0x3, 0x80, 0x1c,
    0x0, 0xe0,

    /* U+0443 "у" */
    0xe0, 0xe, 0xe0, 0x1d, 0xc0, 0x31, 0x80, 0xe3,
    0x81, 0xc7, 0x3, 0x7, 0xe, 0xe, 0x18, 0xc,
    0x30, 0x1c, 0xe0, 0x39, 0x80, 0x3f, 0x0, 0x7c,
    0x0, 0x78, 0x0, 0xf0, 0x1, 0xc0, 0x3, 0x80,
    0x6, 0x0, 0xc, 0x0, 0x38, 0x0, 0xe0, 0x1f,
    0x80, 0x3e, 0x0, 0x0,

    /* U+0444 "ф" */
    0x0, 0xe0, 0x0, 0x1c, 0x0, 0x3, 0x80, 0x0,
    0x70, 0x0, 0xe, 0x0, 0x3, 0xf0, 0x3, 0xff,
    0x80, 0xff, 0xf8, 0x38, 0xe7, 0x8e, 0x1c, 0x3b,
    0xc3, 0x87, 0xf0, 0x70, 0x7e, 0xe, 0xf, 0xc1,
    0xc1, 0xf8, 0x38, 0x3f, 0x7, 0x7, 0x70, 0xe1,
    0xcf, 0x1c, 0x78, 0xf3, 0x9e, 0xf, 0xff, 0x80,
    0x7f, 0xc0, 0x1, 0xc0, 0x0, 0x38, 0x0, 0x7,
    0x0, 0x0, 0xe0, 0x0, 0x1c, 0x0, 0x3, 0x80,
    0x0, 0x70, 0x0,

    /* U+0448 "ш" */
    0xe0, 0xe0, 0xfc, 0x1c, 0x1f, 0x83, 0x83, 0xf0,
    0x70, 0x7e, 0xe, 0xf, 0xc1, 0xc1, 0xf8, 0x38,
    0x3f, 0x7, 0x7, 0xe0, 0xe0, 0xfc, 0x1c, 0x1f,
    0x83, 0x83, 0xf0, 0x70, 0x7e, 0xe, 0xf, 0xc1,
    0xc1, 0xff, 0xff, 0xff, 0xff, 0xff,

    /* U+044B "ы" */
    0xe0, 0x1, 0xf8, 0x0, 0x7e, 0x0, 0x1f, 0x80,
    0x7, 0xe0, 0x1, 0xf8, 0x0, 0x7f, 0xf8, 0x1f,
    0xff, 0x87, 0xe0, 0xe1, 0xf8, 0x1c, 0x7e, 0x7,
    0x1f, 0x81, 0xc7, 0xe0, 0x71, 0xf8, 0x38, 0x7f,
    0xfe, 0x1f, 0xfe, 0x7,

    /* U+044C "ь" */
    0xe0, 0xe, 0x0, 0xe0, 0xe, 0x0, 0xe0, 0xe,
    0x0, 0xff, 0x8f, 0xfe, 0xe0, 0xee, 0x7, 0xe0,
    0x7e, 0x7, 0xe0, 0x7e, 0xe, 0xff, 0xef, 0xf8,

    /* U+044D "э" */
    0x1f, 0x3, 0xfe, 0x3c, 0x39, 0x80, 0xe0, 0x7,
    0x0, 0x1c, 0x0, 0xe1, 0xff, 0xf, 0xf8, 0x1,
    0xc0, 0xe, 0x0, 0x64, 0x7, 0x70, 0x71, 0xff,
    0x3, 0xe0,

    /* U+044F "я" */
    0x7, 0xfc, 0x7f, 0xf3, 0xc1, 0xce, 0x7, 0x38,
    0x1c, 0xe0, 0x73, 0xc1, 0xc7, 0xff, 0x7, 0xfc,
    0x1c, 0x70, 0xe1, 0xc3, 0x87, 0x1c, 0x1c, 0xe0,
    0x73, 0x81, 0xdc, 0x7,

    /* U+3044 "い" */
    0x0, 0x0, 0x0, 0xe0, 0x0, 0x70, 0xe0, 0x0,
    0x70, 0xe0, 0x0, 0x38, 0xe0, 0x0, 0x1c, 0xe0,
    0x0, 0xc, 0xe0, 0x0, 0xe, 0xe0, 0x0, 0x6,
    0xe0, 0x0, 0x6, 0xe0, 0x0, 0x6, 0xe0, 0x0,
    0x7, 0xe0, 0x0, 0x3, 0xe0, 0x0, 0x3, 0xe0,
    0x38, 0x3, 0x70, 0x38, 0x3, 0x70, 0x30, 0x3,
    0x70, 0x70, 0x0, 0x38, 0xe0, 0x0, 0x1f, 0xc0,
    0x0, 0xf, 0x80, 0x0,

    /* U+3048 "え" */
    0x1, 0xc0, 0x0, 0x3, 0xfc, 0x0, 0x1, 0xff,
    0x80, 0x0, 0xf, 0xc0, 0x0, 0x0, 0xc0, 0x0,
    0x0, 0x0, 0x0, 0x0, 0x0, 0x0, 0x0, 0x0,
    0x1f, 0xff, 0xc0, 0x1f, 0xff, 0xe0, 0x0, 0x3,
    0xc0, 0x0, 0x7, 0x80, 0x0, 0xf, 0x0, 0x0,
    0x1e, 0x0, 0x0, 0x1c, 0x0, 0x0, 0x3e, 0x0,
    0x0, 0x7e, 0x0, 0x0, 0xe7, 0x0, 0x1, 0xc3,
    0x0, 0x3, 0x83, 0x0, 0x7, 0x3, 0x0, 0xe,
    0x3, 0x0, 0x1c, 0x3, 0x0, 0x38, 0x3, 0x80,
    0x70, 0x1, 0xff, 0x60, 0x0, 0xff,

    /* U+304B "か" */
    0x1, 0x80, 0x0, 0x0, 0xc0, 0x0, 0x0, 0x60,
    0x0, 0x0, 0x30, 0x0, 0x0, 0x18, 0x0, 0x80,
    0xc, 0x0, 0xe0, 0x7, 0xe0, 0x31, 0xff, 0xfc,
    0x1c, 0xff, 0xff, 0x6, 0x1, 0x81, 0xc3, 0x80,
    0xc0, 0xe0, 0xc0, 0xe0, 0x30, 0x60, 0x60, 0x18,
    0x30, 0x30, 0xc, 0x1c, 0x18, 0x6, 0xe, 0x1c,
    0x3, 0x3, 0xc, 0x1, 0x81, 0xe, 0x0, 0xc0,
    0x6, 0x0, 0x60, 0x7, 0x0, 0x60, 0x3, 0x0,
    0x30, 0x3, 0x80, 0x38, 0x1, 0x87, 0xf8, 0x1,
    0xc3, 0xf8, 0x0, 0x0, 0x0, 0x0, 0x0,

    /* U+304C "が" */
    0x0, 0x0, 0x3, 0x80, 0x30, 0x0, 0x30, 0x6,
    0x0, 0x63, 0x0, 0xc0, 0x6, 0x70, 0x18, 0x0,
    0xc6, 0x3, 0x0, 0xc, 0x0, 0x60, 0x1, 0x80,
    0xf, 0xc0, 0x0, 0xff, 0xfe, 0x4, 0x1f, 0xff,
    0xe1, 0xc0, 0xc, 0xe, 0x18, 0x1, 0x81, 0xc3,
    0x0, 0x70, 0x18, 0x70, 0xc, 0x3, 0xe, 0x1,
    0x80, 0x60, 0xc0, 0x30, 0xc, 0x18, 0xe, 0x1,
    0x83, 0x1, 0x80, 0x30, 0x40, 0x70, 0x6, 0x0,
    0xc, 0x0, 0xc0, 0x3, 0x80, 0x30, 0x0, 0x60,
    0x6, 0x0, 0x1c, 0x1, 0xc0, 0x3, 0xf, 0xf0,
    0x0, 0xe1, 0xfc, 0x0, 0x0, 0x0, 0x0, 0x0,

    /* U+304D "き" */
    0x0, 0x70, 0x0, 0x0, 0xe0, 0x0, 0x0, 0xc0,
    0x0, 0x1, 0xff, 0xe7, 0xff, 0xff, 0xcf, 0xff,
    0x0, 0x0, 0x7, 0x0, 0x0, 0xe, 0x0, 0x0,
    0x1c, 0x0, 0x0, 0x1f, 0xff, 0xff, 0xff, 0xff,
    0xff, 0xf0, 0x0, 0x0, 0x60, 0x0, 0x0, 0xe0,
    0x0, 0x1, 0xc0, 0x0, 0x1, 0x80, 0x0, 0x3,
    0x0, 0x1c, 0x0, 0x0, 0x30, 0x0, 0x0, 0x60,
    0x0, 0x0, 0xc0, 0x0, 0x1, 0xc0, 0x0, 0x1,
    0xc0, 0x0, 0x1, 0xff, 0xf8, 0x0, 0xff, 0xf0,

    /* U+304F "く" */
    0x0, 0x0, 0x0, 0x3, 0x80, 0x1, 0xe0, 0x0,
    0xf0, 0x0, 0x78, 0x0, 0x38, 0x0, 0x1c, 0x0,
    0xe, 0x0, 0x7, 0x0, 0x7, 0x80, 0x3, 0xc0,
    0x1, 0xe0, 0x0, 0xf0, 0x0, 0x38, 0x0, 0xf,
    0x0, 0x1, 0xf0, 0x0, 0x1e, 0x0, 0x3, 0xe0,
    0x0, 0x3c, 0x0, 0x7, 0x80, 0x0, 0xf8, 0x0,
    0xf, 0x0, 0x1, 0xe0, 0x0, 0x3e, 0x0, 0x7,
    0xc0, 0x0, 0x60, 0x0, 0x0,

    /* U+3053 "こ" */
    0x3f, 0xff, 0xe1, 0xff, 0xff, 0x80, 0x0, 0x7c,
    0x0, 0xf, 0x80, 0x1, 0xf0, 0x0, 0x1e, 0x0,
    0x0, 0x60, 0x0, 0x0, 0x0, 0x0, 0x0, 0x0,
    0x0, 0x0, 0x0, 0x0, 0x0, 0x70, 0x0, 0x7,
    0x80, 0x0, 0x38, 0x0, 0x3, 0xc0, 0x0, 0x1c,
    0x0, 0x0, 0xe0, 0x0, 0x7, 0x0, 0x0, 0x1c,
    0x0, 0x0, 0xfc, 0x0, 0x1, 0xff, 0xff, 0x81,
    0xff, 0xfc,

    /* U+3054 "ご" */
    0x3f, 0xff, 0xe0, 0x3f, 0xff, 0xf0, 0x0, 0x1,
    0xf0, 0x0, 0x7, 0xc0, 0x0, 0x1f, 0x8, 0x0,
    0x3c, 0x1c, 0x0, 0x18, 0xc, 0x0, 0x0, 0xc6,
    0x0, 0x0, 0x67, 0x0, 0x0, 0x62, 0x0, 0x0,
    0x30, 0x38, 0x0, 0x30, 0x78, 0x0, 0x0, 0x70,
    0x0, 0x0, 0xe0, 0x0, 0x0, 0xe0, 0x0, 0x0,
    0xe0, 0x0, 0x0, 0xe0, 0x0, 0x0, 0x70, 0x0,
    0x0, 0x7e, 0x0, 0x0, 0x1f, 0xff, 0xf8, 0x3,
    0xff, 0xf8,

    /* U+3055 "さ" */
    0x0, 0x30, 0x0, 0x0, 0x70, 0x0, 0x0, 0xe0,
    0x0, 0x0, 0xc0, 0x0, 0x1, 0xc0, 0x0, 0x3,
    0xff, 0xff, 0xff, 0xff, 0xff, 0xff, 0x0, 0x0,
    0xe, 0x0, 0x0, 0x1c, 0x0, 0x0, 0x18, 0x0,
    0x0, 0x38, 0x0, 0x0, 0x70, 0x0, 0x0, 0x60,
    0x0, 0x0, 0xc0, 0x7, 0x1, 0xc0, 0xc, 0x0,
    0x0, 0x38, 0x0, 0x0, 0x70, 0x0, 0x0, 0xe0,
    0x0, 0x1, 0xc0, 0x0, 0x1, 0xc0, 0x0, 0x3,
    0xe0, 0x0, 0x3, 0xff, 0xf8, 0x0, 0xff, 0xf0,

    /* U+3057 "し" */
    0xe0, 0x0, 0x1c, 0x0, 0x3, 0x80, 0x0, 0x70,
    0x0, 0xe, 0x0, 0x1, 0xc0, 0x0, 0x38, 0x0,
    0x7, 0x0, 0x0, 0xe0, 0x0, 0x1c, 0x0, 0x3,
    0x80, 0x0, 0x70, 0x0, 0xe, 0x0, 0x1, 0xc0,
    0x0, 0x38, 0x0, 0x17, 0x0, 0x3, 0xe0, 0x0,
    0xfc, 0x0, 0x3b, 0x80, 0xf, 0x38, 0x3, 0xc7,
    0x0, 0xe0, 0x70, 0x78, 0x7, 0xfe, 0x0, 0x7e,
    0x0,

    /* U+3059 "す" */
    0x0, 0x3, 0x0, 0x0, 0x3, 0x0, 0x0, 0x3,
    0x0, 0x0, 0x3, 0x0, 0xff, 0xff, 0xff, 0xff,
    0xff, 0xff, 0x0, 0x3, 0x0, 0x0, 0x3, 0x0,
    0x0, 0x3, 0x0, 0x0, 0x7b, 0x0, 0x1, 0xff,
    0x0, 0x1, 0xc7, 0x0, 0x3, 0x83, 0x0, 0x3,
    0x3, 0x0, 0x3, 0x83, 0x0, 0x1, 0xc7, 0x0,
    0x1, 0xff, 0x0, 0x0, 0x7b, 0x0, 0x0, 0x3,
    0x0, 0x0, 0x7, 0x0, 0x0, 0xe, 0x0, 0x0,
    0x1c, 0x0, 0x0, 0x3c, 0x0, 0x1, 0xf0, 0x0,
    0x1, 0xe0, 0x0, 0x1, 0x0, 0x0,

    /* U+305B "せ" */
    0x0, 0x0, 0x60, 0x1, 0x80, 0x30, 0x0, 0xc0,
    0x18, 0x0, 0x60, 0xc, 0x0, 0x30, 0x6, 0x0,
    0x18, 0x3, 0x0, 0xc, 0x1, 0x86, 0x6, 0xff,
    0xff, 0xff, 0xff, 0xff, 0xff, 0xe0, 0x30, 0x0,
    0xc0, 0x18, 0x0, 0x60, 0xc, 0x0, 0x30, 0x6,
    0x0, 0x18, 0x3, 0x0, 0xc, 0x3, 0x80, 0x6,
    0x1f, 0x80, 0x3, 0xf, 0xc0, 0x1, 0x80, 0x0,
    0x0, 0xc0, 0x0, 0x0, 0x60, 0x0, 0x0, 0x30,
    0x0, 0x0, 0xc, 0x0, 0x0, 0x7, 0x80, 0x0,
    0x1, 0xff, 0xf0, 0x0, 0x3f, 0xf8, 0x0,

    /* U+305F "た" */
    0x3, 0x80, 0x0, 0x3, 0x80, 0x0, 0x3, 0x80,
    0x0, 0x3, 0x80, 0x0, 0xff, 0xff, 0x80, 0xff,
    0xff, 0x80, 0x3, 0x0, 0x0, 0x3, 0x0, 0x0,
    0x7, 0x0, 0x0, 0x7, 0x0, 0x0, 0x6, 0x0,
    0x0, 0x6, 0xf, 0xff, 0x6, 0xf, 0xff, 0xe,
    0x0, 0x0, 0xe, 0x0, 0x0, 0xc, 0x0, 0x0,
    0x1c, 0x0, 0x0, 0x1c, 0x0, 0x0, 0x18, 0x18,
    0x0, 0x38, 0x18, 0x0, 0x38, 0x38, 0x0, 0x70,
    0x38, 0x0, 0x70, 0x18, 0x0, 0x60, 0x1e, 0x0,
    0xe0, 0xf, 0xff, 0xc0, 0x3, 0xff, 0x0, 0x0,
    0x0,

    /* U+3060 "だ" */
    0x0, 0x0, 0x1, 0x0, 0x70, 0x0, 0x30, 0xe,
    0x0, 0xe6, 0x1, 0xc0, 0xc, 0x60, 0x38, 0x0,
    0xcd, 0xff, 0xff, 0x18, 0xbf, 0xff, 0xe1, 0x0,
    0x18, 0x0, 0x0, 0x3, 0x0, 0x0, 0x0, 0xe0,
    0x0, 0x0, 0x1c, 0x0, 0x0, 0x3, 0x0, 0x0,
    0x0, 0x60, 0xff, 0xf0, 0xc, 0x1f, 0xfe, 0x3,
    0x80, 0x0, 0x0, 0x70, 0x0, 0x0, 0xc, 0x0,
    0x0, 0x3, 0x80, 0x0, 0x0, 0x70, 0x0, 0x0,
    0xc, 0xc, 0x0, 0x3, 0x81, 0x80, 0x0, 0x70,
    0x70, 0x0, 0x1c, 0xe, 0x0, 0x3, 0x80, 0xc0,
    0x0, 0x60, 0x1e, 0x0, 0x1c, 0x1, 0xff, 0xe3,
    0x0, 0xf, 0xfc, 0x0, 0x0, 0x0, 0x0,

    /* U+3064 "つ" */
    0x0, 0xff, 0xe0, 0x1f, 0xff, 0xfc, 0x3f, 0xe0,
    0xf, 0xe, 0x0, 0x1, 0xc0, 0x0, 0x0, 0x70,
    0x0, 0x0, 0x38, 0x0, 0x0, 0xe, 0x0, 0x0,
    0x7, 0x0, 0x0, 0x3, 0x80, 0x0, 0x1, 0xc0,
    0x0, 0x0, 0xe0, 0x0, 0x0, 0x70, 0x0, 0x0,
    0x70, 0x0, 0x0, 0x78, 0x0, 0x0, 0x38, 0x0,
    0x0, 0x7c, 0x0, 0x0, 0xfc, 0x0, 0x3, 0xf8,
    0x0, 0xf, 0xf0, 0x0, 0x7, 0xc0, 0x0, 0x2,
    0x0, 0x0,

    /* U+3066 "て" */
    0xff, 0xff, 0xff, 0xff, 0xff, 0xff, 0xff, 0xff,
    0x0, 0x0, 0x18, 0x0, 0x0, 0x60, 0x0, 0x1,
    0x80, 0x0, 0x7, 0x0, 0x0, 0xc, 0x0, 0x0,
    0x30, 0x0, 0x0, 0xe0, 0x0, 0x1, 0x80, 0x0,
    0x3, 0x0, 0x0, 0xe, 0x0, 0x0, 0x18, 0x0,
    0x0, 0x30, 0x0, 0x0, 0x60, 0x0, 0x0, 0xc0,
    0x0, 0x1, 0x80, 0x0, 0x3, 0x80, 0x0, 0x7,
    0x80, 0x0, 0x7, 0xc0, 0x0, 0x3, 0xfc, 0x0,
    0x0, 0xf8, 0x0,

    /* U+306E "の" */
    0x0, 0x7f, 0x80, 0x1, 0xff, 0xe0, 0x7, 0xf8,
    0xf8, 0xe, 0x38, 0x3c, 0x1c, 0x30, 0xc, 0x38,
    0x30, 0xe, 0x30, 0x30, 0x6, 0x60, 0x70, 0x3,
    0x60, 0x70, 0x3, 0xe0, 0x60, 0x3, 0xc0, 0x60,
    0x3, 0xc0, 0xe0, 0x3, 0xc0, 0xe0, 0x3, 0xc0,
    0xc0, 0x7, 0xc1, 0xc0, 0x6, 0xc1, 0xc0, 0xe,
    0xe1, 0x80, 0xc, 0x73, 0x80, 0x3c, 0x3f, 0x0,
    0x78, 0x1e, 0x3, 0xf0, 0x0, 0x7, 0xc0, 0x0,
    0x7, 0x0,

    /* U+306F "は" */
    0x0, 0x0, 0xc0, 0x60, 0x0, 0xc0, 0xe0, 0x0,
    0xc0, 0xc0, 0x0, 0xc0, 0xc0, 0x0, 0xc0, 0xc3,
    0xff, 0xfe, 0xc3, 0xff, 0xfe, 0xc0, 0x0, 0xc0,
    0xc0, 0x0, 0xc0, 0xc0, 0x0, 0xc0, 0xc0, 0x0,
    0xc0, 0xc0, 0x0, 0xc0, 0xc0, 0x0, 0xc0, 0xc0,
    0x0, 0xc0, 0xc0, 0x0, 0xc0, 0xc0, 0x0, 0xc0,
    0xc0, 0x7f, 0xc0, 0xc0, 0xff, 0xc0, 0xc1, 0xc1,
    0xf0, 0xc1, 0x80, 0xf8, 0xc3, 0x80, 0xdc, 0xe1,
    0x81, 0xcf, 0x61, 0xc3, 0x86, 0x60, 0xff, 0x80,
    0x60, 0x7e, 0x0,

    /* U+307E "ま" */
    0x0, 0x30, 0x0, 0x1, 0x80, 0x0, 0xc, 0x1,
    0xff, 0xff, 0xff, 0xff, 0xff, 0x80, 0x18, 0x0,
    0x0, 0xc0, 0x0, 0x6, 0x0, 0x0, 0x30, 0x1,
    0xff, 0xff, 0x8f, 0xff, 0xfc, 0x0, 0x60, 0x0,
    0x3, 0x0, 0x0, 0x18, 0x0, 0x0, 0xc0, 0x0,
    0x6, 0x0, 0xf, 0xf0, 0x1, 0xff, 0xe0, 0x1c,
    0xf, 0xc1, 0x80, 0x6f, 0x8c, 0x3, 0x1f, 0x60,
    0x18, 0x3f, 0xc1, 0x80, 0xef, 0xfc, 0x0, 0x1f,
    0x80, 0x0,

    /* U+307F "み" */
    0x3f, 0xf0, 0x0, 0x1f, 0xf8, 0x0, 0x0, 0xc,
    0x0, 0x0, 0x6, 0x6, 0x0, 0x3, 0x3, 0x0,
    0x1, 0x81, 0x80, 0x0, 0xc0, 0xc0, 0x0, 0x60,
    0x60, 0x1, 0xff, 0xb0, 0x3, 0xff, 0xf8, 0x7,
    0xd8, 0x3e, 0x7, 0x8c, 0x7, 0x87, 0x6, 0x7,
    0xc3, 0x3, 0x3, 0x33, 0x83, 0x1, 0x9d, 0x81,
    0x80, 0xc6, 0xc1, 0xc0, 0xe3, 0xe0, 0xc0, 0x60,
    0xf8, 0xe0, 0x70, 0x6f, 0xe0, 0x30, 0x23, 0xc0,
    0x38, 0x0, 0x0, 0x38, 0x0, 0x0, 0x3c, 0x0,
    0x0, 0xc, 0x0,

    /* U+308A "り" */
    0xe0, 0x0, 0x70, 0x0, 0x38, 0x1c, 0x1c, 0x7f,
    0x8e, 0x7f, 0xe7, 0x70, 0x7b, 0xf0, 0x1d, 0xf0,
    0xe, 0xf0, 0x3, 0xf8, 0x1, 0xf8, 0x0, 0xfc,
    0x0, 0x7e, 0x0, 0x3f, 0x0, 0x1f, 0x80, 0xf,
    0xc0, 0x7, 0xe0, 0x7, 0x0, 0x3, 0x80, 0x1,
    0xc0, 0x1, 0xe0, 0x0, 0xe0, 0x0, 0xe0, 0x0,
    0xf0, 0x1, 0xf0, 0x3, 0xf0, 0x1, 0xe0, 0x0,
    0x40, 0x0,

    /* U+308B "る" */
    0xf, 0xff, 0xf0, 0x1f, 0xff, 0xe0, 0x0, 0x7,
    0x80, 0x0, 0x1c, 0x0, 0x0, 0x70, 0x0, 0x1,
    0xc0, 0x0, 0xf, 0x0, 0x0, 0x38, 0x0, 0x0,
    0xff, 0xc0, 0x3, 0xff, 0xe0, 0xf, 0x81, 0xe0,
    0x38, 0x0, 0xe1, 0xe0, 0x0, 0xc7, 0x80, 0x0,
    0xdc, 0x0, 0x1, 0xf0, 0x3e, 0x3, 0x41, 0xfe,
    0x6, 0x7, 0xe, 0xc, 0xc, 0xe, 0x30, 0x18,
    0xc, 0xe0, 0x30, 0x1f, 0x80, 0x30, 0x1e, 0x0,
    0x7f, 0xf8, 0x0, 0x3f, 0x80,

    /* U+308C "れ" */
    0x3, 0x0, 0x0, 0x0, 0x60, 0x0, 0x0, 0xc,
    0x0, 0x0, 0x1, 0x81, 0xf8, 0x0, 0x30, 0x7f,
    0x80, 0xfe, 0x3e, 0x30, 0x1f, 0xcf, 0x7, 0x0,
    0x1b, 0xc0, 0x60, 0x3, 0xf0, 0xc, 0x0, 0x7c,
    0x1, 0x80, 0xf, 0x0, 0x70, 0x1, 0xc0, 0xe,
    0x0, 0x70, 0x1, 0xc0, 0xe, 0x0, 0x30, 0x3,
    0xc0, 0x6, 0x0, 0xf8, 0x0, 0xc0, 0x3b, 0x0,
    0x18, 0x6, 0x60, 0x3, 0x1, 0xcc, 0x0, 0x60,
    0x71, 0x80, 0xc, 0xe, 0x30, 0x1, 0x80, 0x86,
    0x0, 0x38, 0xc0, 0xc0, 0x3, 0xf8, 0x18, 0x0,
    0x7e, 0x3, 0x0, 0x0, 0x0,

    /* U+3092 "を" */
    0x0, 0x40, 0x0, 0x0, 0x70, 0x0, 0x0, 0x60,
    0x0, 0x0, 0xe0, 0x0, 0x3f, 0xff, 0xf0, 0x3f,
    0xff, 0xf0, 0x1, 0x80, 0x0, 0x3, 0x80, 0x0,
    0x3, 0x80, 0x0, 0x7, 0x0, 0x0, 0x7, 0xf8,
    0x2, 0xf, 0xfc, 0x1f, 0x1f, 0xe, 0xfe, 0x1c,
    0x7, 0xf0, 0x38, 0xf, 0x80, 0x70, 0x1f, 0x0,
    0x70, 0x7b, 0x0, 0x60, 0xf3, 0x80, 0x1, 0xc3,
    0x80, 0x1, 0xc3, 0x80, 0x3, 0x83, 0x80, 0x3,
    0x80, 0x0, 0x3, 0x80, 0x0, 0x1, 0x80, 0x0,
    0x1, 0xe0, 0x0, 0x0, 0xff, 0xf8, 0x0, 0x1f,
    0xf8,

    /* U+3093 "ん" */
    0x1, 0x80, 0x0, 0x0, 0xc0, 0x0, 0x0, 0xe0,
    0x0, 0x0, 0x70, 0x0, 0x0, 0x30, 0x0, 0x0,
    0x18, 0x0, 0x0, 0x1c, 0x0, 0x0, 0xe, 0x0,
    0x0, 0x6, 0x0, 0x0, 0x7, 0x0, 0x0, 0x3,
    0x80, 0x0, 0x1, 0x9e, 0x0, 0x0, 0xff, 0x80,
    0x0, 0xf8, 0xc0, 0x0, 0x78, 0x30, 0x6, 0x38,
    0x18, 0x7, 0x38, 0xc, 0x3, 0x1c, 0x6, 0x3,
    0x8c, 0x3, 0x1, 0x86, 0x1, 0x80, 0xc7, 0x0,
    0xc0, 0xc3, 0x80, 0x60, 0xe1, 0x80, 0x18, 0xe0,
    0xc0, 0xf, 0xe0, 0x60, 0x3, 0xe0, 0x0,

    /* U+30A9 "ォ" */
    0x0, 0xc, 0x0, 0x0, 0xc0, 0x0, 0xc, 0x0,
    0x0, 0xc0, 0x0, 0xc, 0x7, 0xff, 0xff, 0x7f,
    0xff, 0xf0, 0x3, 0xc0, 0x0, 0x7c, 0x0, 0x6,
    0xc0, 0x0, 0xcc, 0x0, 0x1c, 0xc0, 0x3, 0x8c,
    0x0, 0x70, 0xc0, 0xe, 0xc, 0x1, 0xc0, 0xc0,
    0x38, 0xc, 0xf, 0x0, 0xc0, 0x60, 0xc, 0x0,
    0x1f, 0xc0, 0x1, 0xf8, 0x0,

    /* U+30AA "オ" */
    0x0, 0x1, 0xc0, 0x0, 0x0, 0xe0, 0x0, 0x0,
    0x70, 0x0, 0x0, 0x38, 0x0, 0x0, 0x1c, 0x3,
    0xff, 0xff, 0xfd, 0xff, 0xff, 0xfe, 0x0, 0x1f,
    0x80, 0x0, 0xf, 0xc0, 0x0, 0xe, 0xe0, 0x0,
    0x7, 0x70, 0x0, 0x7, 0x38, 0x0, 0x7, 0x1c,
    0x0, 0x7, 0xe, 0x0, 0x3, 0x87, 0x0, 0x3,
    0x83, 0x80, 0x3, 0x81, 0xc0, 0x3, 0x80, 0xe0,
    0x3, 0x80, 0x70, 0x7, 0x80, 0x38, 0x7, 0x80,
    0x1c, 0x3, 0x80, 0xe, 0x1, 0x80, 0x6, 0x0,
    0x0, 0xff, 0x0, 0x0, 0x7f, 0x0, 0x0,

    /* U+30AB "カ" */
    0x0, 0x60, 0x0, 0x3, 0x0, 0x0, 0x18, 0x0,
    0x0, 0xc0, 0x0, 0x6, 0x0, 0x0, 0x30, 0x3,
    0xff, 0xff, 0xff, 0xff, 0xff, 0x0, 0x60, 0x18,
    0x3, 0x0, 0xc0, 0x30, 0x6, 0x1, 0x80, 0x30,
    0xc, 0x1, 0x80, 0x60, 0xc, 0x7, 0x0, 0x60,
    0x30, 0x3, 0x1, 0x80, 0x18, 0x1c, 0x0, 0xc0,
    0xc0, 0x6, 0xe, 0x0, 0x30, 0xe0, 0x1, 0x87,
    0x0, 0xc, 0x70, 0x0, 0xe7, 0x0, 0xe, 0x70,
    0x1f, 0xe7, 0x0, 0x7e, 0x0, 0x0, 0x0,

    /* U+30B5 "サ" */
    0x7, 0x0, 0x70, 0x3, 0x80, 0x38, 0x1, 0xc0,
    0x1c, 0x0, 0xe0, 0xe, 0x0, 0x70, 0x7, 0x7,
    0xff, 0xff, 0xff, 0xff, 0xff, 0xff, 0xff, 0xff,
    0xff, 0x7, 0x0, 0x70, 0x3, 0x80, 0x38, 0x1,
    0xc0, 0x1c, 0x0, 0xe0, 0xe, 0x0, 0x70, 0x7,
    0x0, 0x38, 0x3, 0x0, 0x1c, 0x1, 0x80, 0x0,
    0x0, 0xc0, 0x0, 0x0, 0xe0, 0x0, 0x0, 0x70,
    0x0, 0x0, 0x70, 0x0, 0x0, 0x38, 0x0, 0x0,
    0x78, 0x0, 0x0, 0x78, 0x0, 0x1, 0xf8, 0x0,
    0x0, 0xf8, 0x0, 0x0, 0x60, 0x0, 0x0,

    /* U+30B8 "ジ" */
    0x0, 0x0, 0x3, 0x2, 0x0, 0x4, 0x61, 0xe0,
    0x1, 0x98, 0x7e, 0x0, 0x62, 0x3, 0xe0, 0xc,
    0xc0, 0x3e, 0x3, 0x0, 0x3, 0x80, 0x0, 0x0,
    0x0, 0x0, 0x0, 0x0, 0x2, 0x0, 0x0, 0x1,
    0xc7, 0x0, 0x0, 0x63, 0xf8, 0x0, 0x38, 0x3f,
    0xc0, 0xc, 0x1, 0xf0, 0x7, 0x0, 0xc, 0x3,
    0x80, 0x0, 0x1, 0xe0, 0x0, 0x0, 0xf0, 0x0,
    0x0, 0x78, 0x0, 0x0, 0x3c, 0x0, 0x0, 0x3e,
    0x0, 0x0, 0x3f, 0x0, 0x0, 0x3f, 0x0, 0x3,
    0xff, 0x80, 0x0, 0xff, 0x0, 0x0, 0x3e, 0x0,
    0x0, 0x0,

    /* U+30B9 "ス" */
    0x3f, 0xff, 0xf0, 0x3f, 0xff, 0xf0, 0x0, 0x0,
    0x70, 0x0, 0x0, 0x60, 0x0, 0x0, 0xe0, 0x0,
    0x0, 0xe0, 0x0, 0x0, 0xc0, 0x0, 0x1, 0xc0,
    0x0, 0x3, 0x80, 0x0, 0x3, 0x80, 0x0, 0x7,
    0x0, 0x0, 0xe, 0x0, 0x0, 0x1f, 0x0, 0x0,
    0x3f, 0x80, 0x0, 0x7b, 0xc0, 0x0, 0xf1, 0xe0,
    0x1, 0xe0, 0xf0, 0x7, 0xc0, 0x78, 0xf, 0x0,
    0x3c, 0x3e, 0x0, 0x1e, 0xf8, 0x0, 0xf, 0xf0,
    0x0, 0x7, 0x40, 0x0, 0x2,

    /* U+30C3 "ッ" */
    0x0, 0x20, 0x0, 0xe, 0x0, 0x0, 0x60, 0x3e,
    0x7, 0x3, 0x70, 0x70, 0x33, 0x3, 0x3, 0x38,
    0x30, 0x71, 0x83, 0x86, 0x1c, 0x38, 0x61, 0xc3,
    0x86, 0xc, 0x0, 0xc0, 0xc0, 0xc, 0x0, 0x1,
    0xc0, 0x0, 0x38, 0x0, 0x7, 0x0, 0x1, 0xe0,
    0x0, 0x3c, 0x0, 0x1f, 0x80, 0x3, 0xe0, 0x0,
    0x38, 0x0,

    /* U+30C7 "デ" */
    0x0, 0x0, 0x3, 0x0, 0x0, 0x0, 0x60, 0x0,
    0x3, 0x98, 0x0, 0x0, 0x63, 0x1f, 0xff, 0xcc,
    0xc7, 0xff, 0xf3, 0x0, 0x0, 0x0, 0x0, 0x0,
    0x0, 0x0, 0x0, 0x0, 0x0, 0x0, 0x0, 0x0,
    0x0, 0x0, 0x0, 0x0, 0x0, 0x0, 0x0, 0xff,
    0xff, 0xff, 0x3f, 0xff, 0xff, 0xc0, 0x0, 0xe0,
    0x0, 0x0, 0x38, 0x0, 0x0, 0xc, 0x0, 0x0,
    0x3, 0x0, 0x0, 0x0, 0xc0, 0x0, 0x0, 0x70,
    0x0, 0x0, 0x18, 0x0, 0x0, 0xe, 0x0, 0x0,
    0x7, 0x0, 0x0, 0x3, 0xc0, 0x0, 0x3, 0xe0,
    0x0, 0x3, 0xe0, 0x0, 0x0, 0x60, 0x0, 0x0,

    /* U+30C8 "ト" */
    0xe0, 0x0, 0x70, 0x0, 0x38, 0x0, 0x1c, 0x0,
    0xe, 0x0, 0x7, 0x0, 0x3, 0x80, 0x1, 0xc0,
    0x0, 0xfc, 0x0, 0x7f, 0x80, 0x3b, 0xf0, 0x1c,
    0x3e, 0xe, 0x7, 0xc7, 0x0, 0xf3, 0x80, 0x3f,
    0xc0, 0x7, 0xe0, 0x1, 0x70, 0x0, 0x38, 0x0,
    0x1c, 0x0, 0xe, 0x0, 0x7, 0x0, 0x3, 0x80,
    0x1, 0xc0, 0x0, 0xe0, 0x0, 0x0,

    /* U+30C9 "ド" */
    0xe0, 0x6, 0x38, 0x0, 0xce, 0x3, 0x3b, 0x80,
    0xe6, 0xe0, 0x18, 0xb8, 0x3, 0xe, 0x0, 0x83,
    0x80, 0x0, 0xfc, 0x0, 0x3f, 0xc0, 0xe, 0xfc,
    0x3, 0x87, 0xc0, 0xe0, 0x7c, 0x38, 0x7, 0x8e,
    0x0, 0xfb, 0x80, 0xe, 0xe0, 0x1, 0x38, 0x0,
    0xe, 0x0, 0x3, 0x80, 0x0, 0xe0, 0x0, 0x38,
    0x0, 0xe, 0x0, 0x3, 0x80, 0x0, 0xe0, 0x0,
    0x0,

    /* U+30D3 "ビ" */
    0x0, 0x0, 0x20, 0x0, 0x11, 0x80, 0x0, 0xcd,
    0xc0, 0x6, 0x3e, 0x0, 0x19, 0xf0, 0x0, 0xc3,
    0x80, 0x0, 0x1c, 0x0, 0x0, 0xe0, 0x0, 0x67,
    0x0, 0xf, 0x38, 0x3, 0xf9, 0xc0, 0xff, 0xe,
    0x7f, 0xc0, 0x7f, 0xf0, 0x3, 0xf8, 0x0, 0x1c,
    0x0, 0x0, 0xe0, 0x0, 0x7, 0x0, 0x0, 0x38,
    0x0, 0x1, 0xc0, 0x0, 0xe, 0x0, 0x0, 0x70,
    0x0, 0x3, 0xc0, 0x0, 0xf, 0x0, 0x0, 0x3f,
    0xff, 0xe0, 0xff, 0xff, 0x0,

    /* U+30D5 "フ" */
    0xff, 0xff, 0xff, 0xff, 0xff, 0xf0, 0x0, 0x1,
    0xc0, 0x0, 0x7, 0x0, 0x0, 0x1c, 0x0, 0x0,
    0x70, 0x0, 0x1, 0xc0, 0x0, 0xe, 0x0, 0x0,
    0x38, 0x0, 0x0, 0xe0, 0x0, 0x7, 0x80, 0x0,
    0x1c, 0x0, 0x0, 0xf0, 0x0, 0x3, 0x80, 0x0,
    0x1c, 0x0, 0x1, 0xe0, 0x0, 0xf, 0x0, 0x0,
    0xf8, 0x0, 0x1f, 0xc0, 0x3, 0xfc, 0x0, 0x7,
    0x80, 0x0, 0x10, 0x0, 0x0,

    /* U+30DD "ポ" */
    0x0, 0x0, 0x7, 0x80, 0x0, 0x3, 0x30, 0x1,
    0x80, 0x84, 0x0, 0x60, 0x21, 0x0, 0x18, 0xc,
    0xc0, 0x6, 0x1, 0xe0, 0x1, 0x80, 0x3, 0xff,
    0xff, 0xfc, 0xff, 0xff, 0xff, 0x0, 0x6, 0x0,
    0x0, 0x1, 0x80, 0x0, 0x0, 0x60, 0x0, 0x8,
    0x18, 0x30, 0x7, 0x6, 0xc, 0x1, 0xc1, 0x83,
    0x80, 0x60, 0x60, 0x60, 0x38, 0x18, 0x1c, 0xe,
    0x6, 0x3, 0x3, 0x1, 0x80, 0xc1, 0xc0, 0x60,
    0x38, 0x60, 0x18, 0x6, 0x38, 0x6, 0x1, 0x8c,
    0x1, 0x80, 0x70, 0x0, 0xe0, 0x0, 0x3, 0xf8,
    0x0, 0x0, 0xf8, 0x0, 0x0,

    /* U+30DE "マ" */
    0xff, 0xff, 0xff, 0xff, 0xff, 0xff, 0x0, 0x0,
    0x7, 0x0, 0x0, 0x7, 0x0, 0x0, 0xe, 0x0,
    0x0, 0xe, 0x0, 0x0, 0x1c, 0x0, 0x0, 0x1c,
    0x4, 0x0, 0x38, 0xe, 0x0, 0x70, 0x7, 0x1,
    0xe0, 0x3, 0x83, 0xc0, 0x1, 0xc7, 0x80, 0x0,
    0xff, 0x0, 0x0, 0xfc, 0x0, 0x0, 0x78, 0x0,
    0x0, 0x3c, 0x0, 0x0, 0x1e, 0x0, 0x0, 0xe,
    0x0, 0x0, 0x7, 0x0, 0x0, 0x2, 0x0,

    /* U+30EC "レ" */
    0xe0, 0x0, 0xe, 0x0, 0x0, 0xe0, 0x0, 0xe,
    0x0, 0x0, 0xe0, 0x0, 0xe, 0x0, 0x0, 0xe0,
    0x0, 0xe, 0x0, 0x0, 0xe0, 0x0, 0xe, 0x0,
    0x0, 0xe0, 0x0, 0x6e, 0x0, 0x7, 0xe0, 0x0,
    0x6e, 0x0, 0xe, 0xe0, 0x0, 0xce, 0x0, 0x1c,
    0xe0, 0x3, 0x8e, 0x0, 0x70, 0xe0, 0xe, 0xe,
    0x3, 0xc0, 0xe0, 0xf8, 0xf, 0xfe, 0x0, 0xfe,
    0x0, 0x0,

    /* U+30FC "ー" */
    0xff, 0xff, 0xff, 0xff, 0xff, 0xff, 0xc0,

    /* U+4E2A "个" */
    0x0, 0x7, 0x0, 0x0, 0x0, 0x7c, 0x0, 0x0,
    0x3, 0xe0, 0x0, 0x0, 0x3b, 0x80, 0x0, 0x3,
    0x8e, 0x0, 0x0, 0x3c, 0x78, 0x0, 0x3, 0xc1,
    0xe0, 0x0, 0x3c, 0x7, 0x80, 0x7, 0xc0, 0x1f,
    0x0, 0x78, 0x0, 0x3c, 0x7, 0x81, 0xc0, 0xf0,
    0xf8, 0xe, 0x3, 0xef, 0x0, 0x70, 0xf, 0xb0,
    0x3, 0x80, 0x18, 0x0, 0x1c, 0x0, 0x0, 0x0,
    0xe0, 0x0, 0x0, 0x7, 0x0, 0x0, 0x0, 0x38,
    0x0, 0x0, 0x1, 0xc0, 0x0, 0x0, 0xe, 0x0,
    0x0, 0x0, 0x70, 0x0, 0x0, 0x3, 0x80, 0x0,
    0x0, 0x1c, 0x0, 0x0, 0x0, 0xe0, 0x0, 0x0,
    0x7, 0x0, 0x0, 0x0, 0x38, 0x0, 0x0, 0x1,
    0xc0, 0x0,

    /* U+4F7F "使" */
    0x0, 0x0, 0xe0, 0x0, 0x30, 0xe, 0x0, 0x7,
    0x0, 0xe0, 0x0, 0x60, 0xe, 0x0, 0x6, 0xff,
    0xff, 0xe0, 0xef, 0xff, 0xfe, 0xc, 0x0, 0xe0,
    0x1, 0xc0, 0xe, 0x0, 0x1c, 0x7f, 0xff, 0xc3,
    0xc7, 0xff, 0xfc, 0x3c, 0x60, 0xe0, 0xc7, 0xc6,
    0xe, 0xc, 0x6c, 0x60, 0xe0, 0xce, 0xc6, 0xe,
    0xc, 0x4c, 0x7f, 0xff, 0xc0, 0xc7, 0xff, 0xfc,
    0xc, 0x0, 0xe0, 0x0, 0xc3, 0xc, 0x0, 0xc,
    0x38, 0xc0, 0x0, 0xc1, 0xcc, 0x0, 0xc, 0x1f,
    0xc0, 0x0, 0xc0, 0x78, 0x0, 0xc, 0x7, 0xe0,
    0x0, 0xc1, 0xff, 0xe0, 0xc, 0xfc, 0x3f, 0xf0,
    0xcf, 0x0, 0x7e, 0xc, 0xc0, 0x0, 0x20,

    /* U+50A8 "储" */
    0x6, 0x40, 0x30, 0x0, 0xdc, 0x6, 0x0, 0x39,
    0x80, 0xc3, 0x86, 0x39, 0xff, 0x60, 0xc3, 0x3f,
    0xfc, 0x38, 0x70, 0x63, 0x6, 0x0, 0xc, 0xe0,
    0xc0, 0x1, 0x98, 0x38, 0x0, 0x37, 0x7, 0x7c,
    0xff, 0xfd, 0xef, 0x9f, 0xff, 0xbc, 0x30, 0x1c,
    0xf, 0x86, 0x7, 0x1, 0xb0, 0xc1, 0xe0, 0x36,
    0x18, 0x7f, 0xe0, 0xc3, 0x1f, 0xfc, 0x18, 0x6f,
    0x81, 0x83, 0xd, 0xf0, 0x30, 0x61, 0x96, 0x6,
    0xc, 0x30, 0xff, 0xc1, 0x86, 0x5f, 0xf8, 0x30,
    0xdb, 0x3, 0x6, 0x1f, 0x60, 0x60, 0xc3, 0xcc,
    0xc, 0x18, 0xe1, 0xff, 0x83, 0x8, 0x3f, 0xf0,
    0x60, 0x6, 0x6, 0x0,

    /* U+50CF "像" */
    0x6, 0x7, 0x0, 0x0, 0xc0, 0xe0, 0x0, 0x38,
    0x3f, 0xf0, 0x7, 0xf, 0xfe, 0x0, 0xc3, 0x81,
    0xc0, 0x39, 0xe0, 0x70, 0x7, 0x7f, 0xff, 0xe0,
    0xdf, 0xff, 0xfc, 0x39, 0x60, 0xc1, 0x87, 0xc,
    0x18, 0x31, 0xe1, 0xff, 0xfe, 0x3c, 0x3f, 0xff,
    0xcf, 0x80, 0x38, 0x1, 0xb0, 0xf, 0x2, 0x36,
    0xf, 0xf0, 0xe0, 0xcf, 0xc6, 0x70, 0x18, 0xe3,
    0xfc, 0x3, 0x0, 0xef, 0x80, 0x60, 0x79, 0x98,
    0xc, 0x3c, 0x7b, 0x1, 0x9e, 0x1f, 0x30, 0x31,
    0xf, 0x66, 0x6, 0x7, 0x8c, 0x60, 0xc3, 0xe1,
    0x8e, 0x19, 0xf0, 0x30, 0xc3, 0x38, 0x7c, 0x8,
    0x60, 0xf, 0x0, 0x0,

    /* U+5132 "儲" */
    0x3, 0x30, 0xc, 0x0, 0x38, 0xc0, 0x60, 0x1,
    0x86, 0x3, 0xc, 0xc, 0x38, 0xff, 0x60, 0xef,
    0xf7, 0xff, 0x6, 0x7f, 0x86, 0x30, 0x30, 0x0,
    0x33, 0x83, 0x80, 0x1, 0x98, 0x1c, 0x7e, 0xd,
    0xc1, 0xe3, 0xf7, 0xff, 0xcf, 0x0, 0x3f, 0xfe,
    0xf8, 0x0, 0x1c, 0x7, 0xc0, 0x0, 0xe0, 0x76,
    0x3f, 0x1e, 0x1, 0x31, 0xf9, 0xff, 0x89, 0x80,
    0x1f, 0xfc, 0xc, 0x0, 0xf0, 0x60, 0x63, 0xf5,
    0x83, 0x3, 0x1f, 0x8c, 0x18, 0x18, 0xcc, 0x7f,
    0xc0, 0xc6, 0x63, 0xfe, 0x6, 0x33, 0x18, 0x30,
    0x31, 0x98, 0xc1, 0x81, 0x8c, 0xc7, 0xfc, 0xc,
    0x7e, 0x3f, 0xe0, 0x63, 0xf1, 0x83, 0x3, 0x0,
    0xc, 0x18,

    /* U+5165 "入" */
    0x3, 0xfc, 0x0, 0x0, 0x3f, 0xe0, 0x0, 0x0,
    0x6, 0x0, 0x0, 0x0, 0x60, 0x0, 0x0, 0x6,
    0x0, 0x0, 0x0, 0xf0, 0x0, 0x0, 0xf, 0x0,
    0x0, 0x0, 0xf0, 0x0, 0x0, 0xf, 0x0, 0x0,
    0x1, 0xf8, 0x0, 0x0, 0x19, 0x80, 0x0, 0x3,
    0x98, 0x0, 0x0, 0x31, 0xc0, 0x0, 0x7, 0xc,
    0x0, 0x0, 0x60, 0xe0, 0x0, 0xe, 0x7, 0x0,
    0x1, 0xc0, 0x30, 0x0, 0x38, 0x3, 0x80, 0x7,
    0x80, 0x1c, 0x0, 0xf0, 0x0, 0xe0, 0x1e, 0x0,
    0x7, 0x3, 0xc0, 0x0, 0x3c, 0x78, 0x0, 0x1,
    0xef, 0x0, 0x0, 0xe, 0x60, 0x0, 0x0, 0x60,

    /* U+5199 "写" */
    0x7f, 0xff, 0xff, 0x7f, 0xff, 0xff, 0x60, 0x0,
    0x3, 0x63, 0x0, 0x3, 0x63, 0x0, 0x3, 0x67,
    0x0, 0x3, 0x7, 0xff, 0xf8, 0x7, 0xff, 0xf8,
    0x6, 0x0, 0x0, 0x6, 0x0, 0x0, 0x6, 0x0,
    0x0, 0x6, 0x0, 0x0, 0x7, 0xff, 0xfe, 0xf,
    0xff, 0xfe, 0x0, 0x0, 0x6, 0x0, 0x0, 0x6,
    0x0, 0x0, 0x6, 0xff, 0xff, 0xc6, 0xff, 0xff,
    0xc6, 0x0, 0x0, 0x6, 0x0, 0x0, 0xe, 0x0,
    0x0, 0xc, 0x0, 0x0, 0x1c, 0x0, 0x7, 0xfc,
    0x0, 0x7, 0xf0,

    /* U+51FA "出" */
    0x0, 0x30, 0x0, 0x0, 0x60, 0x0, 0x0, 0xc0,
    0x3, 0x1, 0x80, 0x66, 0x3, 0x0, 0xcc, 0x6,
    0x1, 0x98, 0xc, 0x3, 0x30, 0x18, 0x6, 0x60,
    0x30, 0xc, 0xc0, 0x60, 0x19, 0x80, 0xc0, 0x33,
    0xff, 0xff, 0xe7, 0xff, 0xff, 0xc0, 0x6, 0x0,
    0x0, 0xc, 0x0, 0x60, 0x18, 0x3, 0xc0, 0x30,
    0x7, 0x80, 0x60, 0xf, 0x0, 0xc0, 0x1e, 0x1,
    0x80, 0x3c, 0x3, 0x0, 0x78, 0x6, 0x0, 0xf0,
    0xc, 0x1, 0xe0, 0x18, 0x3, 0xff, 0xff, 0xff,
    0xff, 0xff, 0xfc, 0x0, 0x0, 0x18,

    /* U+5220 "删" */
    0x0, 0x0, 0x1, 0x80, 0x0, 0x0, 0xcf, 0xcf,
    0xc0, 0x67, 0xe7, 0xe3, 0x33, 0x33, 0x31, 0x99,
    0x99, 0x98, 0xcc, 0xcc, 0xcc, 0x66, 0x66, 0x66,
    0x33, 0x33, 0x33, 0x19, 0x99, 0x99, 0x8c, 0xcc,
    0xcc, 0xc6, 0x66, 0x66, 0x63, 0x3f, 0xff, 0xfd,
    0x9f, 0xff, 0xfe, 0xcc, 0xcc, 0xcc, 0x66, 0x66,
    0x66, 0x33, 0x33, 0x33, 0x19, 0x99, 0x99, 0x8c,
    0xcc, 0xcc, 0xc6, 0x66, 0x66, 0x63, 0x33, 0x33,
    0x31, 0x99, 0x99, 0x98, 0xd, 0x8d, 0x8c, 0x6,
    0xc6, 0xc6, 0x3, 0x63, 0x63, 0x1, 0xe7, 0xb7,
    0x8f, 0xf3, 0xb3, 0xc7, 0xc0,

    /* U+522A "刪" */
    0x0, 0x0, 0x0, 0xc0, 0x0, 0x0, 0x37, 0xff,
    0xf8, 0xd, 0xff, 0xfe, 0x3, 0x63, 0x33, 0x98,
    0xd8, 0xcc, 0xe6, 0x36, 0x33, 0x39, 0x8d, 0x8c,
    0xce, 0x63, 0x63, 0x33, 0x98, 0xd8, 0xcc, 0xe6,
    0x36, 0x33, 0x39, 0x8d, 0x8c, 0xce, 0x63, 0xff,
    0xff, 0xd8, 0xff, 0xff, 0xf6, 0x36, 0x33, 0x39,
    0x8d, 0x8c, 0xce, 0x63, 0x63, 0x33, 0x98, 0xd8,
    0xcc, 0xe6, 0x36, 0x33, 0x39, 0x8d, 0x8c, 0xce,
    0x63, 0x63, 0x33, 0x98, 0xd8, 0xcc, 0xe0, 0x36,
    0x33, 0x38, 0xd, 0x8c, 0xce, 0x3, 0x63, 0x3b,
    0x80, 0xd8, 0xcd, 0xc7, 0xf6, 0x0, 0x71, 0xf8,

    /* U+5230 "到" */
    0x0, 0x0, 0x1, 0xff, 0xff, 0x0, 0xff, 0xff,
    0x98, 0x60, 0xe0, 0xc, 0x30, 0x60, 0x6, 0x18,
    0x71, 0x83, 0xc, 0x70, 0xc1, 0x86, 0x30, 0x30,
    0xc3, 0x38, 0x18, 0x61, 0xb8, 0x7e, 0x30, 0xff,
    0xff, 0x18, 0x7f, 0xf0, 0xcc, 0x30, 0x38, 0x46,
    0x18, 0x1c, 0x3, 0xc, 0xe, 0x1, 0x86, 0x7,
    0x0, 0xc3, 0x7f, 0xfc, 0x61, 0xbf, 0xfe, 0x30,
    0xc0, 0xe0, 0x18, 0x60, 0x70, 0xc, 0x30, 0x38,
    0x0, 0x18, 0x1c, 0x10, 0xc, 0xf, 0xf8, 0x6,
    0xff, 0xfc, 0x3, 0xff, 0x80, 0x3f, 0xe0, 0x0,
    0x1f, 0x80,

    /* U+524A "削" */
    0x1, 0x80, 0x1, 0xf0, 0xc3, 0x0, 0xd8, 0x63,
    0x80, 0x6e, 0x31, 0x8c, 0x33, 0x99, 0x86, 0x18,
    0xed, 0xc3, 0xc, 0x26, 0x41, 0x86, 0x3, 0x0,
    0xc3, 0x7f, 0xfc, 0x61, 0xbf, 0xfe, 0x30, 0xd8,
    0x3, 0x18, 0x6c, 0x1, 0x8c, 0x36, 0x0, 0xc6,
    0x1b, 0x0, 0x63, 0xd, 0xff, 0xf1, 0x86, 0xff,
    0xf8, 0xc3, 0x60, 0xc, 0x61, 0xb0, 0x6, 0x30,
    0xd8, 0x3, 0x18, 0x6f, 0xff, 0x8c, 0x37, 0xff,
    0xc6, 0x1b, 0x0, 0x60, 0xd, 0x80, 0x30, 0x6,
    0xc0, 0x18, 0x3, 0x60, 0xc, 0x1, 0xb0, 0x7e,
    0x3f, 0xd8, 0x1e, 0xf, 0xc0,

    /* U+529F "功" */
    0x0, 0x0, 0xc0, 0x0, 0x0, 0x18, 0x0, 0x0,
    0x3, 0x0, 0x3f, 0xf0, 0x60, 0x7, 0xfe, 0xc,
    0x0, 0xc, 0x1f, 0xff, 0xc1, 0x83, 0xff, 0xf8,
    0x30, 0x6, 0x7, 0x6, 0x0, 0xc0, 0xe0, 0xc0,
    0x18, 0x1c, 0x18, 0x3, 0x3, 0x83, 0x0, 0x60,
    0x70, 0x60, 0xc, 0xe, 0xc, 0x1, 0x81, 0xc1,
    0x80, 0x30, 0x38, 0x30, 0xe, 0x7, 0x6, 0x1,
    0x80, 0xe0, 0xc6, 0x30, 0x1c, 0x1f, 0xc6, 0x3,
    0x87, 0xf9, 0xc0, 0x77, 0xf8, 0x30, 0xf, 0xf8,
    0xe, 0x1, 0xd8, 0x3, 0x80, 0x38, 0x0, 0xe0,
    0xf, 0x0, 0x3c, 0x1, 0xc0, 0xf, 0x7, 0xf8,
    0x1, 0xc0, 0xfe, 0x0, 0x10, 0x0, 0x0,

    /* U+52D5 "動" */
    0x0, 0x1c, 0x30, 0x3f, 0xff, 0xc, 0x7, 0xfc,
    0x3, 0x0, 0xc, 0x0, 0xc0, 0x3, 0x0, 0x30,
    0x3f, 0xff, 0xc, 0xf, 0xff, 0xdf, 0xfc, 0xc,
    0x7, 0xff, 0x3, 0x0, 0x30, 0xdf, 0xff, 0xc,
    0x37, 0xff, 0xc3, 0xd, 0x8c, 0x30, 0xc3, 0x7f,
    0xfc, 0x30, 0xdf, 0xff, 0xc, 0x36, 0x30, 0xc3,
    0xd, 0x8c, 0x30, 0xc3, 0x7f, 0xfc, 0x30, 0xdf,
    0xff, 0x18, 0x30, 0x30, 0x6, 0xd, 0xff, 0xf1,
    0x83, 0x7f, 0xfc, 0xe0, 0xc0, 0xc0, 0x30, 0x30,
    0x30, 0xc, 0xc, 0xf, 0xf7, 0x3, 0xff, 0xff,
    0x81, 0xff, 0xf1, 0xe7, 0xe0, 0x0, 0x31, 0xf0,

    /* U+5316 "化" */
    0x1, 0xc3, 0x0, 0x0, 0x38, 0x60, 0x0, 0x6,
    0xc, 0x0, 0x1, 0xc1, 0x80, 0x0, 0x30, 0x30,
    0xc, 0xe, 0x6, 0x3, 0xc1, 0x80, 0xc0, 0xf0,
    0x70, 0x18, 0x3c, 0xe, 0x3, 0xf, 0x3, 0xc0,
    0x63, 0xc0, 0x78, 0xd, 0xe0, 0x1f, 0x1, 0xf8,
    0x7, 0x60, 0x3e, 0x0, 0xec, 0x7, 0x80, 0x19,
    0x81, 0xe0, 0x2, 0x30, 0xf8, 0x0, 0x6, 0x7f,
    0x0, 0x0, 0xcf, 0x60, 0xc, 0x18, 0x8c, 0x1,
    0x83, 0x1, 0x80, 0x30, 0x60, 0x30, 0x6, 0xc,
    0x6, 0x0, 0xc1, 0x80, 0xc0, 0x18, 0x30, 0x1c,
    0x7, 0x6, 0x3, 0xff, 0xc0, 0xc0, 0x3f, 0xf0,

    /* U+5361 "卡" */
    0x0, 0x1c, 0x0, 0x0, 0x3, 0x80, 0x0, 0x0,
    0x70, 0x0, 0x0, 0xe, 0x0, 0x0, 0x1, 0xff,
    0xf0, 0x0, 0x3f, 0xfe, 0x0, 0x7, 0x0, 0x0,
    0x0, 0xe0, 0x0, 0x0, 0x1c, 0x0, 0x0, 0x3,
    0x80, 0x0, 0x0, 0x70, 0x0, 0x7f, 0xff, 0xff,
    0xff, 0xff, 0xff, 0xfe, 0x0, 0x38, 0x0, 0x0,
    0x7, 0x0, 0x0, 0x0, 0xf8, 0x0, 0x0, 0x1f,
    0xc0, 0x0, 0x3, 0xfc, 0x0, 0x0, 0x73, 0xe0,
    0x0, 0xe, 0x1f, 0x0, 0x1, 0xc0, 0xf8, 0x0,
    0x38, 0xe, 0x0, 0x7, 0x0, 0x40, 0x0, 0xe0,
    0x0, 0x0, 0x1c, 0x0, 0x0, 0x3, 0x80, 0x0,
    0x0, 0x70, 0x0, 0x0,

    /* U+53EF "可" */
    0xff, 0xff, 0xff, 0xff, 0xff, 0xff, 0xfc, 0x0,
    0x0, 0x18, 0x0, 0x0, 0x3, 0x0, 0x0, 0x0,
    0x60, 0x0, 0x0, 0xc, 0x0, 0x0, 0x1, 0x80,
    0xff, 0xf0, 0x30, 0x1f, 0xfe, 0x6, 0x3, 0x80,
    0xc0, 0xc0, 0x70, 0x18, 0x18, 0xe, 0x3, 0x3,
    0x1, 0xc0, 0x60, 0x60, 0x38, 0xc, 0xc, 0x7,
    0x1, 0x81, 0x80, 0xe0, 0x30, 0x30, 0x1f, 0xfe,
    0x6, 0x3, 0xff, 0xc0, 0xc0, 0x0, 0x0, 0x18,
    0x0, 0x0, 0x3, 0x0, 0x0, 0x0, 0x60, 0x0,
    0x0, 0xc, 0x0, 0x0, 0x3, 0x80, 0x0, 0x1f,
    0xf0, 0x0, 0x1, 0xfc, 0x0,

    /* U+540E "后" */
    0x0, 0x0, 0x0, 0x80, 0x0, 0x3f, 0xf0, 0x3f,
    0xff, 0xfe, 0x7, 0xff, 0xc0, 0x0, 0xc0, 0x0,
    0x0, 0x18, 0x0, 0x0, 0x3, 0x0, 0x0, 0x0,
    0x60, 0x0, 0x0, 0xc, 0x0, 0x0, 0x1, 0xff,
    0xff, 0xfc, 0x3f, 0xff, 0xff, 0x86, 0x0, 0x0,
    0x0, 0xc0, 0x0, 0x0, 0x18, 0x0, 0x0, 0x3,
    0x0, 0x0, 0x0, 0x67, 0xff, 0xf8, 0xc, 0xff,
    0xff, 0x3, 0x98, 0x0, 0x60, 0x63, 0x0, 0xc,
    0xc, 0x60, 0x1, 0x81, 0x8c, 0x0, 0x30, 0x71,
    0x80, 0x6, 0xc, 0x30, 0x0, 0xc3, 0x87, 0xff,
    0xf8, 0x70, 0xff, 0xff, 0xc, 0x18, 0x0, 0x60,
    0x3, 0x0, 0xc, 0x0,

    /* U+5417 "吗" */
    0x0, 0x3f, 0xfe, 0x7f, 0x9f, 0xff, 0x3f, 0xc0,
    0x1, 0x98, 0x61, 0xc0, 0xcc, 0x30, 0xc0, 0x66,
    0x18, 0x60, 0x73, 0xc, 0x30, 0x39, 0x86, 0x18,
    0x1c, 0xc3, 0xc, 0xe, 0x61, 0x8e, 0x7, 0x30,
    0xc7, 0x3, 0x98, 0x63, 0xff, 0xfc, 0x31, 0xff,
    0xfe, 0x18, 0x0, 0xf, 0xc, 0x0, 0x7, 0x86,
    0x0, 0x3, 0xc3, 0x0, 0x1, 0xe1, 0xbf, 0xfc,
    0xf0, 0xdf, 0xfe, 0x7f, 0xe0, 0x0, 0x3f, 0xf0,
    0x0, 0x38, 0x0, 0x0, 0x18, 0x0, 0x0, 0xc,
    0x0, 0x3, 0xfe, 0x0, 0x0, 0xfe, 0x0,

    /* U+5426 "否" */
    0x7f, 0xff, 0xff, 0x9f, 0xff, 0xff, 0xe0, 0x0,
    0xe0, 0x0, 0x0, 0x78, 0x0, 0x0, 0x3c, 0x0,
    0x0, 0x3f, 0x30, 0x0, 0x1e, 0xdf, 0x0, 0x1f,
    0x31, 0xf0, 0x1f, 0xc, 0x1f, 0x1f, 0x83, 0x1,
    0xef, 0x80, 0xc0, 0x3f, 0x80, 0x30, 0x3, 0x0,
    0x0, 0x0, 0x7, 0xff, 0xff, 0x81, 0xff, 0xff,
    0xe0, 0x70, 0x0, 0x38, 0x1c, 0x0, 0xe, 0x7,
    0x0, 0x3, 0x81, 0xc0, 0x0, 0xe0, 0x70, 0x0,
    0x38, 0x1c, 0x0, 0xe, 0x7, 0xff, 0xff, 0x81,
    0xff, 0xff, 0xe0, 0x70, 0x0, 0x38, 0x1c, 0x0,
    0xe, 0x0,

    /* U+55CE "嗎" */
    0x0, 0x3f, 0xff, 0xff, 0x1f, 0xff, 0xff, 0x8c,
    0x18, 0x18, 0xc6, 0xc, 0xc, 0x63, 0xff, 0xf6,
    0x31, 0xff, 0xfb, 0x18, 0xc1, 0x81, 0x8c, 0x60,
    0xc0, 0xc6, 0x3f, 0xff, 0x63, 0x1f, 0xff, 0xb1,
    0x8c, 0x18, 0x18, 0xc6, 0xc, 0xc, 0x63, 0xff,
    0xfe, 0x31, 0xff, 0xff, 0x18, 0x0, 0x7, 0x8c,
    0x0, 0x33, 0xc6, 0x64, 0xd9, 0xe3, 0x33, 0x6c,
    0xff, 0x99, 0xb3, 0x7f, 0xcc, 0xc9, 0xb0, 0xe,
    0x66, 0x98, 0x6, 0x32, 0x18, 0x3, 0x18, 0xc,
    0x0, 0x0, 0xfe, 0x0, 0x0, 0x7e, 0x0,

    /* U+5931 "失" */
    0x0, 0xe, 0x0, 0x0, 0xe1, 0xc0, 0x0, 0x18,
    0x38, 0x0, 0x7, 0x7, 0x0, 0x0, 0xe0, 0xe0,
    0x0, 0x1f, 0xff, 0xff, 0x7, 0xff, 0xff, 0xe0,
    0xc0, 0x70, 0x0, 0x38, 0xe, 0x0, 0x6, 0x1,
    0xc0, 0x0, 0xc0, 0x38, 0x0, 0x0, 0x7, 0x0,
    0x0, 0x0, 0xe0, 0x1, 0xff, 0xff, 0xff, 0xbf,
    0xff, 0xff, 0xf0, 0x0, 0xf0, 0x0, 0x0, 0x1e,
    0x0, 0x0, 0x7, 0xe0, 0x0, 0x0, 0xee, 0x0,
    0x0, 0x38, 0xe0, 0x0, 0xe, 0x1e, 0x0, 0x7,
    0x81, 0xe0, 0x1, 0xe0, 0x1f, 0x0, 0xf8, 0x0,
    0xf0, 0x7c, 0x0, 0xf, 0xdf, 0x0, 0x0, 0x79,
    0x80, 0x0, 0x2, 0x0,

    /* U+5B58 "存" */
    0x0, 0x38, 0x0, 0x0, 0x3, 0x80, 0x0, 0x0,
    0x38, 0x0, 0x7, 0xff, 0xff, 0xff, 0x7f, 0xff,
    0xff, 0xf0, 0xe, 0x0, 0x0, 0x0, 0xe0, 0x0,
    0x0, 0x1c, 0x0, 0x0, 0x3, 0xc0, 0x0, 0x0,
    0x39, 0xff, 0xfe, 0x7, 0x1f, 0xff, 0xe0, 0xf0,
    0x0, 0x3c, 0x1f, 0x0, 0xf, 0x3, 0xf0, 0x1,
    0xe0, 0x7f, 0x0, 0x38, 0xf, 0x70, 0x3, 0x0,
    0x67, 0x7f, 0xff, 0xf4, 0x77, 0xff, 0xff, 0x7,
    0x0, 0x30, 0x0, 0x70, 0x3, 0x0, 0x7, 0x0,
    0x30, 0x0, 0x70, 0x3, 0x0, 0x7, 0x0, 0x30,
    0x0, 0x70, 0x3, 0x0, 0x7, 0x0, 0x30, 0x0,
    0x70, 0x7f, 0x0, 0x7, 0x7, 0xe0, 0x0,

    /* U+5DF2 "已" */
    0xff, 0xff, 0xfe, 0x7f, 0xff, 0xff, 0x0, 0x0,
    0x3, 0x80, 0x0, 0x1, 0xc0, 0x0, 0x0, 0xe3,
    0x80, 0x0, 0x71, 0xc0, 0x0, 0x38, 0xe0, 0x0,
    0x1c, 0x70, 0x0, 0xe, 0x3f, 0xff, 0xff, 0x1f,
    0xff, 0xff, 0x8e, 0x0, 0x0, 0x7, 0x0, 0x0,
    0x3, 0x80, 0x0, 0x1, 0xc0, 0x0, 0x0, 0xe0,
    0x0, 0x0, 0x70, 0x0, 0x1, 0xb8, 0x0, 0x0,
    0xdc, 0x0, 0x0, 0x6e, 0x0, 0x0, 0x37, 0x0,
    0x0, 0x13, 0x80, 0x0, 0x9, 0xe0, 0x0, 0xc,
    0x7f, 0xff, 0xfe, 0x1f, 0xff, 0xfe, 0x0,

    /* U+5F0F "式" */
    0x0, 0x3, 0x88, 0x0, 0x0, 0xe7, 0x0, 0x0,
    0x38, 0xe0, 0x0, 0xe, 0x18, 0x0, 0x3, 0x82,
    0x3f, 0xff, 0xff, 0xff, 0xff, 0xff, 0xfc, 0x0,
    0x6, 0x0, 0x0, 0x1, 0x80, 0x0, 0x0, 0x60,
    0x0, 0x0, 0x18, 0x0, 0x0, 0x6, 0x0, 0x7f,
    0xfd, 0x80, 0x1f, 0xff, 0x70, 0x0, 0x30, 0x1c,
    0x0, 0xc, 0x7, 0x0, 0x3, 0x1, 0xc0, 0x0,
    0xc0, 0x30, 0x0, 0x30, 0xc, 0x8, 0xc, 0x3,
    0x83, 0x3, 0x2, 0xe1, 0xc0, 0xff, 0x9c, 0x77,
    0xff, 0xe7, 0x1b, 0xff, 0x80, 0xe6, 0xf8, 0x0,
    0x3f, 0x80, 0x0, 0x7, 0xc0, 0x0, 0x0, 0xe0,

    /* U+5F20 "张" */
    0x0, 0xc, 0x0, 0x1f, 0xe1, 0x80, 0x63, 0xfc,
    0x30, 0x1e, 0x1, 0x86, 0x7, 0x80, 0x30, 0xc3,
    0xc0, 0x6, 0x19, 0xf0, 0x0, 0xc3, 0x78, 0x3,
    0xf8, 0x6c, 0x0, 0x7f, 0xc, 0x0, 0xc, 0x1,
    0x80, 0x1, 0x80, 0x30, 0x0, 0x30, 0x3f, 0xff,
    0xe6, 0x7, 0xff, 0xfc, 0xc0, 0x18, 0xc0, 0x1f,
    0xc3, 0x1c, 0x3, 0xf8, 0x61, 0x80, 0x3, 0xc,
    0x30, 0x0, 0x61, 0x87, 0x0, 0xc, 0x30, 0x60,
    0x1, 0x86, 0xe, 0x0, 0x30, 0xc0, 0xe0, 0x6,
    0x18, 0xce, 0x0, 0xc3, 0x79, 0xe0, 0x38, 0xff,
    0x1e, 0x7e, 0x1f, 0x0, 0xcf, 0xc3, 0x80, 0x0,

    /* U+5F35 "張" */
    0xff, 0x1f, 0xff, 0x9f, 0xe3, 0xff, 0xf0, 0xc,
    0x70, 0x0, 0x1, 0x8e, 0x0, 0x0, 0x31, 0xff,
    0xf0, 0x6, 0x3f, 0xfe, 0x1f, 0xc7, 0x0, 0x3,
    0xf8, 0xe0, 0x0, 0x60, 0x1f, 0xff, 0xc, 0x3,
    0xff, 0xe1, 0x80, 0x70, 0x0, 0x30, 0xe, 0x0,
    0x6, 0x1, 0xc0, 0x0, 0xfe, 0xff, 0xff, 0xdf,
    0xdf, 0xff, 0xf8, 0x18, 0xe6, 0x0, 0x3, 0x1c,
    0x63, 0x80, 0x63, 0x8c, 0xe0, 0xc, 0x70, 0xf8,
    0x1, 0x8e, 0x1c, 0x0, 0x31, 0xc1, 0xc0, 0xe,
    0x39, 0xdc, 0x1, 0x87, 0xf9, 0xe3, 0xf0, 0xfc,
    0xf, 0x7c, 0x1c, 0x0, 0x60, 0x2, 0x0, 0x0,

    /* U+5F55 "录" */
    0x1f, 0xff, 0xfc, 0x7, 0xff, 0xff, 0x0, 0x0,
    0x1, 0xc0, 0x0, 0x0, 0x70, 0x0, 0x0, 0x1c,
    0x3, 0xff, 0xff, 0x0, 0xff, 0xff, 0xc0, 0x0,
    0x0, 0x70, 0x0, 0x0, 0x1c, 0x0, 0x0, 0x7,
    0xf, 0xff, 0xff, 0xff, 0xff, 0xff, 0xff, 0x0,
    0xc, 0x0, 0x4, 0x3, 0x1, 0x83, 0xc0, 0xe0,
    0xe0, 0x78, 0x38, 0x70, 0x7, 0x1f, 0x38, 0x0,
    0x9f, 0xfc, 0x0, 0xe, 0xde, 0x0, 0xf, 0x33,
    0x80, 0xf, 0xc, 0x78, 0xf, 0x3, 0xf, 0xf,
    0x80, 0xc0, 0xfb, 0x80, 0x70, 0x1f, 0x1, 0xfc,
    0x1, 0xc0, 0x3e, 0x0, 0x0,

    /* U+5F62 "形" */
    0x0, 0x0, 0x0, 0x0, 0x0, 0x0, 0x31, 0xff,
    0xf8, 0xe, 0x3f, 0xff, 0x7, 0x80, 0xc3, 0x1,
    0xe0, 0x18, 0x60, 0x78, 0x3, 0xc, 0x3e, 0x0,
    0x61, 0x8f, 0x0, 0xc, 0x30, 0xc0, 0x81, 0x86,
    0x0, 0x38, 0x30, 0xc0, 0xf, 0x6, 0x18, 0x3,
    0xcf, 0xff, 0xf0, 0xf1, 0xff, 0xfe, 0x3c, 0x3,
    0xc, 0xe, 0x0, 0x61, 0x87, 0x80, 0xc, 0x30,
    0xe0, 0x43, 0x86, 0x10, 0x1c, 0x70, 0xc0, 0x7,
    0xc, 0x18, 0x1, 0xc1, 0x83, 0x0, 0x70, 0x70,
    0x60, 0x1c, 0xe, 0xc, 0xf, 0x3, 0x81, 0x83,
    0xc0, 0x70, 0x31, 0xf0, 0x1c, 0x6, 0x78, 0x1,
    0x0, 0xc6, 0x0, 0x0,

    /* U+5F71 "影" */
    0x0, 0x0, 0x0, 0x87, 0xff, 0xc0, 0x38, 0xff,
    0xf8, 0xe, 0x18, 0x3, 0x3, 0x83, 0x0, 0x61,
    0xe0, 0x7f, 0xfc, 0x78, 0xc, 0x1, 0x9e, 0x1,
    0x80, 0x33, 0x80, 0x3f, 0xfe, 0x0, 0x7, 0xff,
    0xc0, 0x18, 0x3, 0x0, 0x7, 0x7f, 0xff, 0xc1,
    0xcf, 0xff, 0xf8, 0x70, 0x0, 0x0, 0x3c, 0x0,
    0x0, 0xf, 0x1, 0xff, 0xf7, 0x80, 0x30, 0x6,
    0x60, 0x66, 0x0, 0xc0, 0xc, 0xc0, 0x18, 0x3,
    0x1f, 0xff, 0x0, 0xe0, 0xc, 0x0, 0x38, 0x21,
    0x90, 0xe, 0xe, 0x33, 0x3, 0x83, 0x86, 0x71,
    0xe0, 0xe0, 0xc6, 0x78, 0x18, 0xf8, 0x3e, 0x0,
    0x1e, 0x3, 0x0, 0x0,

    /* U+5F8C "後" */
    0x1, 0x0, 0x80, 0x0, 0x38, 0x1c, 0x0, 0x7,
    0x3, 0x83, 0x0, 0x70, 0x70, 0x70, 0xe, 0xe,
    0xe, 0x1, 0xc1, 0xc1, 0xc0, 0x38, 0x7f, 0xf8,
    0x7, 0x7, 0xff, 0x0, 0x62, 0x1, 0xe6, 0x0,
    0x30, 0x3c, 0x70, 0x7, 0x7, 0x3, 0x80, 0xe1,
    0xe0, 0xfc, 0xc, 0xff, 0xff, 0xc1, 0xc7, 0xfc,
    0xe, 0x3c, 0x6, 0x0, 0x7, 0xc0, 0xe0, 0x0,
    0xfc, 0xf, 0xff, 0xe, 0xc1, 0xff, 0xf0, 0x4c,
    0x3c, 0x7, 0x0, 0xcf, 0xe0, 0xe0, 0xc, 0xe7,
    0x1c, 0x0, 0xc8, 0x3f, 0x80, 0xc, 0x1, 0xf0,
    0x0, 0xc0, 0x3f, 0xc0, 0xc, 0x3f, 0x9f, 0xc0,
    0xdf, 0xc0, 0x3e, 0xc, 0xe0, 0x0, 0x60,

    /* U+6210 "成" */
    0x0, 0x3, 0x88, 0x0, 0x0, 0x73, 0x80, 0x0,
    0x6, 0x38, 0x0, 0x0, 0xc3, 0x80, 0x0, 0x18,
    0x20, 0x3f, 0xff, 0xff, 0xc7, 0xff, 0xff, 0xf8,
    0xc0, 0xc, 0x0, 0x18, 0x1, 0x80, 0x3, 0x0,
    0x38, 0x30, 0x60, 0x7, 0xe, 0xf, 0xfc, 0xe1,
    0x81, 0xff, 0x8c, 0x70, 0x30, 0x71, 0x8c, 0x6,
    0xe, 0x33, 0x80, 0xc1, 0x87, 0x60, 0x18, 0x30,
    0xfc, 0x3, 0x6, 0xf, 0x0, 0x60, 0xc1, 0xc1,
    0xc, 0x18, 0x38, 0x33, 0x7, 0xf, 0x6, 0x67,
    0xe3, 0xe0, 0xcc, 0xf8, 0xe6, 0x1b, 0x80, 0x38,
    0xc7, 0x60, 0xe, 0xc, 0xdc, 0x7, 0x80, 0xfb,
    0x0, 0x60, 0xe, 0x0,

    /* U+627E "找" */
    0x7, 0x1, 0x80, 0x0, 0x70, 0x18, 0x80, 0x7,
    0x1, 0x9c, 0x0, 0x70, 0x18, 0xe0, 0x7, 0x1,
    0x87, 0x0, 0x70, 0x18, 0x30, 0x7f, 0xe1, 0x81,
    0x7, 0xfe, 0x18, 0xfe, 0x7, 0xf, 0xff, 0xe0,
    0x71, 0xff, 0xe0, 0x7, 0x1e, 0xc0, 0x0, 0x70,
    0xc, 0x8, 0x7, 0x0, 0xc1, 0xc0, 0x7e, 0xc,
    0x38, 0x7, 0xe0, 0xc7, 0x83, 0xf8, 0xe, 0x70,
    0xff, 0x0, 0xee, 0x6, 0x70, 0x7, 0xc0, 0x7,
    0x0, 0x78, 0x0, 0x70, 0xf, 0x2, 0x7, 0x3,
    0xf0, 0x70, 0x70, 0xfb, 0x6, 0x7, 0x3f, 0x38,
    0x60, 0x73, 0xc1, 0x86, 0x7, 0x10, 0x1c, 0xe7,
    0xe0, 0x0, 0xfc, 0x7e, 0x0, 0x3, 0x80,

    /* U+6301 "持" */
    0xc, 0x0, 0x60, 0x1, 0x80, 0xc, 0x0, 0x30,
    0x1, 0x80, 0x6, 0x0, 0x30, 0x0, 0xc3, 0xff,
    0xfd, 0xff, 0x7f, 0xff, 0xbf, 0xe0, 0x18, 0x0,
    0x60, 0x3, 0x0, 0xc, 0x0, 0x60, 0x1, 0x80,
    0xc, 0x0, 0x31, 0xff, 0xff, 0x86, 0x3f, 0xff,
    0xf0, 0xc0, 0x0, 0xe0, 0x1e, 0x0, 0x1c, 0x1f,
    0xe0, 0x3, 0x87, 0xe3, 0xff, 0xff, 0xcc, 0x7f,
    0xff, 0xe1, 0x80, 0x1, 0xc0, 0x30, 0x20, 0x38,
    0x6, 0xe, 0x7, 0x0, 0xc0, 0xe0, 0xe0, 0x18,
    0x1e, 0x1c, 0x3, 0x1, 0xc3, 0x80, 0x60, 0x10,
    0x70, 0xc, 0x0, 0xe, 0xf, 0x80, 0x3f, 0x81,
    0xe0, 0x3, 0xe0, 0x0,

    /* U+63D2 "插" */
    0xc, 0x0, 0x0, 0x1, 0x80, 0x1, 0xf8, 0x30,
    0xff, 0xff, 0x6, 0x1f, 0xf0, 0x0, 0xc0, 0x6,
    0x0, 0xff, 0x0, 0xc0, 0x1f, 0xe0, 0x18, 0x0,
    0x63, 0xff, 0xff, 0xc, 0x7f, 0xff, 0xe1, 0x80,
    0xc, 0x0, 0x30, 0x1, 0x80, 0x6, 0xc3, 0x30,
    0x0, 0xff, 0xf6, 0x7c, 0x7e, 0xf8, 0xcf, 0xbf,
    0x1c, 0x18, 0x37, 0x63, 0x83, 0x6, 0xc, 0x70,
    0x60, 0xc1, 0x8f, 0xec, 0xf8, 0x31, 0xfd, 0x9f,
    0x6, 0x38, 0x30, 0x60, 0xc7, 0x6, 0xc, 0x18,
    0xe0, 0xc1, 0x83, 0x1c, 0x18, 0x30, 0x63, 0xff,
    0xfe, 0xc, 0x7f, 0xff, 0xcf, 0x8e, 0x0, 0x19,
    0xe1, 0xc0, 0x3, 0x0,

    /* U+63F4 "援" */
    0xc, 0x0, 0x0, 0x0, 0xc0, 0x1, 0xfc, 0xc,
    0x7f, 0xff, 0xe0, 0xc7, 0xff, 0xc0, 0xc, 0x0,
    0x41, 0x80, 0xc1, 0x8e, 0x38, 0x7f, 0x9c, 0x63,
    0x7, 0xf8, 0x86, 0x70, 0xc, 0x7f, 0xff, 0xc0,
    0xc7, 0xff, 0xfc, 0xc, 0x6, 0x0, 0x0, 0xc8,
    0x60, 0x0, 0xf, 0xff, 0xff, 0xe3, 0xff, 0xff,
    0xfe, 0xfc, 0xe, 0x0, 0xe, 0xc0, 0xc0, 0x0,
    0xc, 0xf, 0xff, 0x80, 0xc1, 0xff, 0xf8, 0xc,
    0x1b, 0x3, 0x80, 0xc3, 0xb8, 0x70, 0xc, 0x31,
    0x8e, 0x0, 0xc7, 0xf, 0xc0, 0xc, 0x60, 0x78,
    0x0, 0xce, 0xf, 0xc0, 0xd, 0xc7, 0xdf, 0x87,
    0xdb, 0xf0, 0x7f, 0x78, 0x9c, 0x0, 0xe0,

    /* U+652F "支" */
    0x0, 0xc, 0x0, 0x0, 0x3, 0x0, 0x0, 0x0,
    0xc0, 0x0, 0x0, 0x30, 0x0, 0xff, 0xff, 0xff,
    0xff, 0xff, 0xff, 0xf0, 0x0, 0xc0, 0x0, 0x0,
    0x30, 0x0, 0x0, 0xc, 0x0, 0x0, 0x3, 0x0,
    0x3, 0xff, 0xff, 0xc0, 0xff, 0xff, 0xf0, 0x7,
    0x0, 0x1c, 0x0, 0xc0, 0xe, 0x0, 0x38, 0x7,
    0x0, 0x7, 0x1, 0xc0, 0x1, 0xe0, 0xe0, 0x0,
    0x3c, 0x70, 0x0, 0x7, 0xf8, 0x0, 0x0, 0xfc,
    0x0, 0x0, 0x3f, 0x0, 0x0, 0x3f, 0xf0, 0x0,
    0x7f, 0x3f, 0x0, 0xff, 0x3, 0xf8, 0xfe, 0x0,
    0x3f, 0xfe, 0x0, 0x1, 0xfc, 0x0, 0x0, 0xc,

    /* U+6557 "敗" */
    0x0, 0x0, 0x20, 0x0, 0x0, 0x7, 0x0, 0x3f,
    0xf0, 0x70, 0x3, 0xff, 0x6, 0x0, 0x30, 0x30,
    0xe0, 0x3, 0x3, 0xf, 0xff, 0x30, 0x31, 0xff,
    0xf3, 0xff, 0x1c, 0x18, 0x3f, 0xf3, 0x81, 0x83,
    0x3, 0x38, 0x18, 0x30, 0x37, 0xc1, 0x83, 0x3,
    0x7c, 0x38, 0x3f, 0xf6, 0xc3, 0x3, 0xff, 0xe,
    0x30, 0x30, 0x30, 0xe7, 0x3, 0x3, 0x6, 0x60,
    0x30, 0x30, 0x7e, 0x3, 0xff, 0x3, 0xe0, 0x3f,
    0xf0, 0x3c, 0x0, 0x4, 0x1, 0xc0, 0xc, 0xc0,
    0x3e, 0x1, 0xce, 0x7, 0x70, 0x38, 0x70, 0xe7,
    0x83, 0x83, 0x1c, 0x3c, 0x70, 0x3b, 0xc1, 0xee,
    0x1, 0x38, 0x7, 0x40, 0x2, 0x0, 0x20,

    /* U+662F "是" */
    0x7, 0xff, 0xfe, 0x0, 0xff, 0xff, 0xc0, 0x18,
    0x0, 0x18, 0x3, 0x0, 0x3, 0x0, 0x7f, 0xff,
    0xe0, 0xf, 0xff, 0xfc, 0x1, 0x80, 0x1, 0x80,
    0x30, 0x0, 0x30, 0x6, 0x0, 0x6, 0x0, 0xff,
    0xff, 0xc0, 0x1f, 0xff, 0xf8, 0x0, 0x0, 0x0,
    0x0, 0x0, 0x0, 0x0, 0xff, 0xff, 0xff, 0xdf,
    0xff, 0xff, 0xf8, 0x0, 0x30, 0x0, 0x3, 0x6,
    0x0, 0x0, 0xe0, 0xc0, 0x0, 0x18, 0x1f, 0xfe,
    0x3, 0x83, 0xff, 0xc0, 0xf0, 0x60, 0x0, 0x1f,
    0xc, 0x0, 0x7, 0x79, 0x80, 0x1, 0xc7, 0xf0,
    0x0, 0x78, 0x7f, 0xff, 0xee, 0x1, 0xff, 0xfc,
    0x80, 0x0, 0x0, 0x0,

    /* U+672A "未" */
    0x0, 0x6, 0x0, 0x0, 0x0, 0x60, 0x0, 0x0,
    0x6, 0x0, 0x0, 0x0, 0x60, 0x0, 0x1f, 0xff,
    0xff, 0x81, 0xff, 0xff, 0xf8, 0x0, 0x6, 0x0,
    0x0, 0x0, 0x60, 0x0, 0x0, 0x6, 0x0, 0x0,
    0x0, 0x60, 0x0, 0x0, 0x6, 0x0, 0x7, 0xff,
    0xff, 0xfe, 0x7f, 0xff, 0xff, 0xe0, 0x3, 0xfc,
    0x0, 0x0, 0x36, 0xc0, 0x0, 0x6, 0x66, 0x0,
    0x0, 0xe6, 0x70, 0x0, 0x1c, 0x63, 0x80, 0x3,
    0x86, 0x1c, 0x0, 0x78, 0x61, 0xe0, 0xf, 0x6,
    0xf, 0x1, 0xe0, 0x60, 0x78, 0x7c, 0x6, 0x3,
    0xef, 0x0, 0x60, 0xf, 0x60, 0x6, 0x0, 0x60,
    0x0, 0x60, 0x0, 0x0, 0x6, 0x0, 0x0,

    /* U+67E5 "查" */
    0x0, 0xe, 0x0, 0x0, 0x1, 0xc0, 0x0, 0x0,
    0x38, 0x0, 0x3f, 0xff, 0xff, 0xe7, 0xff, 0xff,
    0xfc, 0x0, 0x7f, 0x0, 0x0, 0x1f, 0xf0, 0x0,
    0xf, 0x77, 0x80, 0x3, 0x8e, 0x78, 0x1, 0xe1,
    0xc3, 0xe1, 0xf0, 0x38, 0x1f, 0x78, 0x0, 0x0,
    0xfc, 0xff, 0xff, 0xc4, 0x1f, 0xff, 0xf8, 0x3,
    0x80, 0x3, 0x0, 0x70, 0x0, 0x60, 0xf, 0xff,
    0xfc, 0x1, 0xff, 0xff, 0x80, 0x38, 0x0, 0x30,
    0x7, 0x0, 0x6, 0x0, 0xff, 0xff, 0xc0, 0x1f,
    0xff, 0xf8, 0x0, 0x0, 0x0, 0x0, 0x0, 0x0,
    0x0, 0x7f, 0xff, 0xff, 0xcf, 0xff, 0xff, 0xf8,

    /* U+683C "格" */
    0xc, 0x1, 0xc0, 0x0, 0xc0, 0x38, 0x0, 0xc,
    0x3, 0xff, 0x80, 0xc0, 0x7f, 0xf8, 0xc, 0xe,
    0x1, 0x87, 0xf8, 0xe0, 0x38, 0x7f, 0x9f, 0x7,
    0x0, 0xc3, 0xb8, 0xe0, 0xc, 0x11, 0xdc, 0x1,
    0xe0, 0xf, 0xc0, 0x1f, 0x0, 0xf8, 0x1, 0xf8,
    0x3f, 0xe0, 0x3d, 0x8f, 0xcf, 0x83, 0xc7, 0xf0,
    0x7f, 0x6c, 0x7c, 0x1, 0xe6, 0xc2, 0x0, 0x2,
    0xec, 0xf, 0xff, 0x8c, 0xc0, 0xff, 0xf8, 0xcc,
    0xc, 0x1, 0x80, 0xc0, 0xc0, 0x18, 0xc, 0xc,
    0x1, 0x80, 0xc0, 0xc0, 0x18, 0xc, 0xc, 0x1,
    0x80, 0xc0, 0xff, 0xf8, 0xc, 0xf, 0xff, 0x80,
    0xc0, 0xc0, 0x18, 0xc, 0xc, 0x1, 0x80,

    /* U+68C0 "检" */
    0x6, 0x0, 0x60, 0x0, 0x60, 0xf, 0x0, 0x6,
    0x1, 0xf0, 0x0, 0x60, 0x1f, 0x80, 0x6, 0x3,
    0x9c, 0x0, 0x60, 0x70, 0xe0, 0x7f, 0xc7, 0xf,
    0x7, 0xfc, 0xe0, 0x78, 0xe, 0x1c, 0x3, 0xc0,
    0xe7, 0x80, 0x1e, 0xe, 0x7f, 0xff, 0xf1, 0xf2,
    0xff, 0xf2, 0x1f, 0x80, 0x0, 0x3, 0x7c, 0x8c,
    0x18, 0x36, 0xd8, 0xc1, 0x83, 0x61, 0x8c, 0x38,
    0x66, 0xc, 0xe3, 0xe, 0x60, 0xc6, 0x30, 0x46,
    0xc, 0x67, 0x4, 0x60, 0xc7, 0x60, 0x6, 0x6,
    0x36, 0x0, 0x60, 0x60, 0xe0, 0x6, 0x0, 0xc,
    0x0, 0x60, 0x0, 0xc0, 0x6, 0x7f, 0xff, 0xe0,
    0x67, 0xff, 0xfe, 0x6, 0x0, 0x0, 0x0,

    /* U+691C "検" */
    0x6, 0x0, 0x70, 0x0, 0x60, 0xf, 0x0, 0x6,
    0x1, 0xf8, 0x0, 0x60, 0x39, 0xc0, 0x6, 0x3,
    0xe, 0x7, 0xfc, 0x60, 0x70, 0x7f, 0xdc, 0x3,
    0x80, 0x63, 0xff, 0xfe, 0xe, 0x77, 0xfe, 0xf0,
    0xe2, 0x6, 0x2, 0xe, 0x0, 0x60, 0x1, 0xf0,
    0x6, 0x0, 0x1f, 0x9f, 0xff, 0xc1, 0xfd, 0xff,
    0xfc, 0x36, 0xf8, 0x60, 0xc3, 0x61, 0x86, 0xc,
    0x66, 0x18, 0x60, 0xc6, 0x61, 0x86, 0xc, 0xc6,
    0x1f, 0xff, 0xc4, 0x61, 0xff, 0xfc, 0x6, 0x1,
    0xf0, 0x0, 0x60, 0x1b, 0x80, 0x6, 0x3, 0x9c,
    0x0, 0x60, 0xf0, 0xf0, 0x6, 0x3e, 0x7, 0xc0,
    0x67, 0x80, 0x1e, 0x6, 0x60, 0x0, 0x60,

    /* U+6AA2 "檢" */
    0x6, 0x0, 0x70, 0x0, 0x30, 0x7, 0xc0, 0x1,
    0x80, 0x36, 0x0, 0xc, 0x3, 0xb8, 0x0, 0x60,
    0x38, 0xe0, 0x3f, 0xe3, 0x83, 0x81, 0xff, 0x38,
    0xf, 0xf, 0xff, 0xff, 0xfc, 0xe, 0x7b, 0xfe,
    0xf0, 0x73, 0x80, 0x1, 0x83, 0x80, 0x0, 0x0,
    0x3e, 0x3f, 0x3f, 0x81, 0xf9, 0xf9, 0xfc, 0xf,
    0xec, 0xcc, 0x60, 0xdb, 0x66, 0x63, 0x6, 0xc3,
    0x33, 0x18, 0x66, 0x1f, 0x9f, 0xc7, 0x30, 0xfc,
    0xfe, 0x31, 0x81, 0x81, 0xc0, 0x8c, 0xc, 0xc,
    0x0, 0x60, 0xf0, 0xe0, 0x3, 0x7, 0xc7, 0x80,
    0x18, 0x77, 0x7e, 0x0, 0xc7, 0x17, 0x38, 0x6,
    0x30, 0x78, 0xe0, 0x33, 0x87, 0x83, 0x81, 0x98,
    0x18, 0x8,

    /* U+6B21 "次" */
    0x0, 0x6, 0x0, 0xe, 0x0, 0xc0, 0x1, 0xc0,
    0x38, 0x0, 0x1c, 0x6, 0x0, 0x1, 0xc1, 0xff,
    0xfc, 0x38, 0x3f, 0xff, 0x83, 0x8e, 0x0, 0x70,
    0x71, 0x80, 0x1c, 0x4, 0x71, 0x83, 0x80, 0x1c,
    0x30, 0xe0, 0x3, 0x86, 0x38, 0x0, 0x60, 0xc7,
    0x0, 0x0, 0x18, 0x40, 0x1c, 0x3, 0x0, 0x3,
    0x80, 0x70, 0x0, 0x60, 0x1e, 0x0, 0x1c, 0x3,
    0xc0, 0x3, 0x80, 0xec, 0x0, 0x60, 0x19, 0xc0,
    0x1c, 0x7, 0x18, 0x3, 0x81, 0xc3, 0x80, 0x60,
    0x70, 0x38, 0x1c, 0x3c, 0x3, 0xc3, 0x8f, 0x0,
    0x3c, 0xe7, 0xc0, 0x3, 0xe4, 0x70, 0x0, 0x38,
    0x8, 0x0, 0x1, 0x0,

    /* U+6B64 "此" */
    0x0, 0x0, 0x60, 0x0, 0xc, 0xc, 0x0, 0x1,
    0x81, 0x80, 0x0, 0x30, 0x30, 0x0, 0x6, 0x6,
    0x0, 0x0, 0xc0, 0xc0, 0x6, 0x18, 0x18, 0x30,
    0xc3, 0x3, 0xf, 0x18, 0x60, 0x63, 0xc3, 0xf,
    0xcc, 0xf0, 0x61, 0xf9, 0xfc, 0xc, 0x30, 0x3e,
    0x1, 0x86, 0x7, 0x80, 0x30, 0xc0, 0xc0, 0x6,
    0x18, 0x18, 0x0, 0xc3, 0x3, 0x0, 0x18, 0x60,
    0x60, 0x3, 0xc, 0xc, 0x0, 0x61, 0x81, 0x80,
    0xc, 0x30, 0x30, 0x31, 0x86, 0x6, 0x6, 0x30,
    0xcc, 0xc0, 0xc6, 0x1f, 0x98, 0x18, 0xff, 0xf3,
    0x3, 0x7f, 0xe0, 0x70, 0xef, 0xc0, 0xf, 0xfd,
    0x80, 0x0, 0xfe, 0x0,

    /* U+6D4B "测" */
    0x30, 0x0, 0x0, 0xce, 0x3f, 0xe0, 0x31, 0xef,
    0xf8, 0xcc, 0x3b, 0x6, 0x33, 0x4, 0xc1, 0x8c,
    0xc0, 0x33, 0x63, 0x34, 0xc, 0xd8, 0xcd, 0x83,
    0x36, 0x33, 0x78, 0xcd, 0x8c, 0xcf, 0x33, 0x63,
    0x31, 0xec, 0xd8, 0xcc, 0x33, 0x36, 0x33, 0x0,
    0xcd, 0x8c, 0xc0, 0x33, 0x63, 0x30, 0x8c, 0xd8,
    0xcc, 0x33, 0x36, 0x33, 0xc, 0xcd, 0x8c, 0xc7,
    0x33, 0x63, 0x31, 0x81, 0xc0, 0xcc, 0x60, 0x78,
    0x3, 0x38, 0x3b, 0x0, 0xce, 0xc, 0xe0, 0x33,
    0x6, 0x1c, 0xc, 0xc3, 0x83, 0x3, 0x73, 0x80,
    0x87, 0xd8, 0x40, 0x1, 0xe0,

    /* U+6E08 "済" */
    0x0, 0x0, 0xc0, 0x3, 0x0, 0xc, 0x0, 0x38,
    0x0, 0xe0, 0x1, 0xef, 0xff, 0xfe, 0xf, 0xff,
    0xff, 0xe0, 0x21, 0x80, 0x70, 0x0, 0x1c, 0x6,
    0x4, 0x0, 0xe0, 0xe0, 0xe0, 0x7, 0x3c, 0xf,
    0x0, 0x3f, 0x80, 0x78, 0x1, 0xf0, 0x1, 0xe0,
    0xff, 0xc0, 0xc, 0x7f, 0x1f, 0xc0, 0x5f, 0x80,
    0x7f, 0x1, 0xc0, 0x0, 0x70, 0x1, 0x80, 0x30,
    0xc, 0x1f, 0xff, 0x0, 0xc1, 0xff, 0xf0, 0x1c,
    0x18, 0x3, 0x1, 0x83, 0x80, 0x30, 0x18, 0x30,
    0x3, 0x3, 0x83, 0xff, 0xf0, 0x30, 0x7f, 0xff,
    0x7, 0x6, 0x0, 0x30, 0x70, 0xe0, 0x3, 0x6,
    0x3c, 0x0, 0x30, 0x1, 0x80, 0x3, 0x0,

    /* U+6E2C "測" */
    0x30, 0x0, 0x0, 0xde, 0x3f, 0xe0, 0x31, 0xcf,
    0xf8, 0xcc, 0x3b, 0x6, 0x33, 0x4, 0xc1, 0x8c,
    0xc0, 0x30, 0x63, 0x34, 0xf, 0xf8, 0xcf, 0xc3,
    0xfe, 0x33, 0x78, 0xc1, 0x8c, 0xcf, 0x30, 0x63,
    0x30, 0xcc, 0x18, 0xcc, 0x13, 0xfe, 0x33, 0x0,
    0xff, 0x8c, 0xc0, 0x30, 0x63, 0x30, 0xcc, 0x18,
    0xcc, 0x73, 0x6, 0x33, 0x1c, 0xff, 0x8c, 0xc6,
    0x3f, 0xe3, 0x31, 0x80, 0x0, 0xcc, 0xe1, 0x9c,
    0x3, 0x38, 0x63, 0x0, 0xcc, 0x38, 0xe0, 0x33,
    0xc, 0x18, 0xd, 0xc7, 0x7, 0x3, 0x73, 0x80,
    0xef, 0xd8, 0x60, 0x3, 0xe0,

    /* U+7167 "照" */
    0x7f, 0x9f, 0xff, 0x1f, 0xe7, 0xff, 0xc6, 0x18,
    0x18, 0x31, 0x86, 0x6, 0xc, 0x61, 0x83, 0x83,
    0x18, 0x60, 0xc0, 0xc6, 0x18, 0xe0, 0x31, 0x86,
    0x70, 0xfc, 0x7f, 0x98, 0x3e, 0x1f, 0xe0, 0x0,
    0x6, 0x18, 0xff, 0xf1, 0x86, 0x3f, 0xfc, 0x61,
    0x8c, 0x3, 0x18, 0x63, 0x0, 0xc6, 0x18, 0xc0,
    0x31, 0x86, 0x30, 0xc, 0x7f, 0x8f, 0xff, 0x1f,
    0xe3, 0xff, 0xc0, 0x0, 0x0, 0x0, 0xc0, 0x4,
    0x18, 0x31, 0xc3, 0xe, 0xc, 0x30, 0xe1, 0xc7,
    0xc, 0x18, 0x31, 0x83, 0x86, 0xe, 0xe0, 0xe1,
    0xc1, 0xf0, 0x38, 0x30, 0x60, 0x0, 0x0, 0x0,

    /* U+7247 "片" */
    0x0, 0x0, 0xc0, 0x6, 0x0, 0x60, 0x3, 0x0,
    0x30, 0x1, 0x80, 0x18, 0x0, 0xc0, 0xc, 0x0,
    0x60, 0x6, 0x0, 0x30, 0x3, 0x0, 0x18, 0x1,
    0x80, 0xf, 0xff, 0xff, 0x87, 0xff, 0xff, 0xc3,
    0x0, 0x0, 0x1, 0x80, 0x0, 0x0, 0xc0, 0x0,
    0x0, 0x60, 0x0, 0x0, 0x30, 0x0, 0x0, 0x1f,
    0xff, 0xe0, 0xf, 0xff, 0xf0, 0xe, 0x0, 0x18,
    0x7, 0x0, 0xc, 0x3, 0x0, 0x6, 0x1, 0x80,
    0x3, 0x1, 0xc0, 0x1, 0x80, 0xe0, 0x0, 0xc0,
    0xe0, 0x0, 0x60, 0x70, 0x0, 0x30, 0x70, 0x0,
    0x18, 0x18, 0x0, 0xc, 0x0,

    /* U+7528 "用" */
    0x1f, 0xff, 0xff, 0x8f, 0xff, 0xff, 0xc6, 0x1,
    0x80, 0x63, 0x0, 0xc0, 0x31, 0x80, 0x60, 0x18,
    0xc0, 0x30, 0xc, 0x60, 0x18, 0x6, 0x3f, 0xff,
    0xff, 0x1f, 0xff, 0xff, 0x8c, 0x3, 0x0, 0xc6,
    0x1, 0x80, 0x63, 0x0, 0xc0, 0x31, 0x80, 0x60,
    0x18, 0xc0, 0x30, 0xc, 0x7f, 0xff, 0xfe, 0x3f,
    0xff, 0xff, 0x18, 0x6, 0x1, 0x8c, 0x3, 0x0,
    0xc6, 0x1, 0x80, 0x66, 0x0, 0xc0, 0x33, 0x0,
    0x60, 0x19, 0x80, 0x30, 0xd, 0xc0, 0x18, 0x6,
    0xc0, 0xc, 0x7f, 0xe0, 0x6, 0x3f, 0x10, 0x0,
    0x0, 0x0,

    /* U+753B "画" */
    0xff, 0xff, 0xff, 0xff, 0xff, 0xff, 0xfc, 0x0,
    0x0, 0x0, 0x0, 0x0, 0x0, 0x3, 0x1f, 0xff,
    0x18, 0x63, 0xff, 0xe3, 0xc, 0x63, 0x8c, 0x61,
    0x8c, 0x71, 0x8c, 0x31, 0x8e, 0x31, 0x86, 0x31,
    0xc6, 0x30, 0xc7, 0xff, 0xc6, 0x18, 0xff, 0xf8,
    0xc3, 0x18, 0xe3, 0x18, 0x63, 0x1c, 0x63, 0xc,
    0x63, 0x8c, 0x61, 0x8c, 0x71, 0x8c, 0x31, 0xff,
    0xf1, 0x86, 0x3f, 0xfe, 0x30, 0xc0, 0x0, 0x6,
    0x18, 0x0, 0x0, 0xc3, 0x0, 0x0, 0x18, 0x7f,
    0xff, 0xff, 0xf, 0xff, 0xff, 0xe0, 0x0, 0x0,
    0xc, 0x0, 0x0, 0x1, 0x80,

    /* U+7684 "的" */
    0xe, 0x3, 0x80, 0xe, 0x3, 0x80, 0xe, 0x3,
    0x0, 0x1c, 0x7, 0x0, 0x1c, 0x7, 0x0, 0xff,
    0xc7, 0xff, 0xff, 0xcf, 0xff, 0xc0, 0xcc, 0x3,
    0xc0, 0xdc, 0x3, 0xc0, 0xdc, 0x3, 0xc0, 0xc8,
    0x3, 0xc0, 0xc0, 0x3, 0xc0, 0xc3, 0x3, 0xff,
    0xc7, 0x3, 0xff, 0xc3, 0x83, 0xc0, 0xc1, 0xc3,
    0xc0, 0xc0, 0xe3, 0xc0, 0xc0, 0xe3, 0xc0, 0xc0,
    0x63, 0xc0, 0xc0, 0x3, 0xc0, 0xc0, 0x3, 0xc0,
    0xc0, 0x3, 0xc0, 0xc0, 0x7, 0xc0, 0xc0, 0x7,
    0xff, 0xc0, 0x7, 0xff, 0xc0, 0xfe, 0x0, 0x0,
    0xfc,

    /* U+76EE "目" */
    0xff, 0xff, 0xff, 0xff, 0xff, 0xc0, 0x0, 0x3c,
    0x0, 0x3, 0xc0, 0x0, 0x3c, 0x0, 0x3, 0xc0,
    0x0, 0x3f, 0xff, 0xff, 0xff, 0xff, 0xfc, 0x0,
    0x3, 0xc0, 0x0, 0x3c, 0x0, 0x3, 0xc0, 0x0,
    0x3c, 0x0, 0x3, 0xff, 0xff, 0xff, 0xff, 0xff,
    0xc0, 0x0, 0x3c, 0x0, 0x3, 0xc0, 0x0, 0x3c,
    0x0, 0x3, 0xc0, 0x0, 0x3f, 0xff, 0xff, 0xff,
    0xff, 0xfc, 0x0, 0x3, 0xc0, 0x0, 0x30,

    /* U+770B "看" */
    0x0, 0x0, 0x1, 0xc3, 0xff, 0xff, 0xfc, 0x3f,
    0xff, 0xff, 0x0, 0x0, 0xc0, 0x0, 0x0, 0x1c,
    0x0, 0x0, 0x1, 0xc0, 0x0, 0x1f, 0xff, 0xff,
    0xc1, 0xff, 0xff, 0xfc, 0x0, 0x38, 0x0, 0x0,
    0x3, 0x0, 0x0, 0x7f, 0xff, 0xff, 0xf7, 0xff,
    0xff, 0xff, 0x0, 0xe0, 0x0, 0x0, 0x1c, 0x0,
    0x0, 0x3, 0xff, 0xff, 0x0, 0x7f, 0xff, 0xf0,
    0xf, 0x80, 0x3, 0x1, 0xdf, 0xff, 0xf0, 0x79,
    0xff, 0xff, 0x7, 0x18, 0x0, 0x30, 0x61, 0x80,
    0x3, 0x0, 0x1f, 0xff, 0xf0, 0x1, 0xff, 0xff,
    0x0, 0x18, 0x0, 0x30, 0x1, 0xff, 0xff, 0x0,
    0x1f, 0xff, 0xf0, 0x1, 0x80, 0x3, 0x0,

    /* U+771F "真" */
    0x0, 0xe, 0x0, 0x0, 0x1, 0xc0, 0x1, 0xff,
    0xff, 0xff, 0x3f, 0xff, 0xff, 0xe0, 0x0, 0xe0,
    0x0, 0x0, 0x1c, 0x0, 0x3, 0xff, 0xff, 0x80,
    0x7f, 0xff, 0xf0, 0xe, 0x0, 0xe, 0x1, 0xc0,
    0x1, 0xc0, 0x3f, 0xff, 0xf8, 0x7, 0x0, 0x7,
    0x0, 0xe0, 0x0, 0xe0, 0x1f, 0xff, 0xfc, 0x3,
    0x80, 0x3, 0x80, 0x70, 0x0, 0x70, 0xe, 0x0,
    0xe, 0x1, 0xff, 0xff, 0xc0, 0x38, 0x0, 0x38,
    0x7, 0x0, 0x7, 0xf, 0xff, 0xff, 0xff, 0xff,
    0xff, 0xff, 0xc0, 0x0, 0x10, 0x0, 0xe, 0x3,
    0xc0, 0xf, 0xc0, 0x7e, 0xf, 0xe0, 0x1, 0xf9,
    0xe0, 0x0, 0xf, 0x20, 0x0, 0x0, 0x20,

    /* U+786E "确" */
    0x0, 0x0, 0x80, 0x0, 0x0, 0x38, 0x0, 0x0,
    0x7, 0x0, 0x3f, 0xf1, 0xff, 0xc7, 0xfe, 0x3f,
    0xf8, 0x1c, 0xe, 0xe, 0x3, 0x81, 0x83, 0xc0,
    0x60, 0x70, 0x70, 0xc, 0x1c, 0x1c, 0x3, 0x87,
    0xff, 0xfc, 0x60, 0xff, 0xff, 0x9c, 0x6, 0x18,
    0x33, 0xfc, 0xc3, 0x6, 0x7f, 0x98, 0x60, 0xde,
    0x33, 0xff, 0xff, 0xc6, 0x7f, 0xff, 0xd8, 0xcc,
    0x30, 0x6b, 0x19, 0x86, 0xc, 0x63, 0x30, 0xc1,
    0x8c, 0x67, 0xff, 0xf1, 0x8c, 0xff, 0xfe, 0x31,
    0x98, 0x60, 0xc6, 0x33, 0xc, 0x18, 0xfe, 0xc1,
    0x83, 0x1f, 0xd8, 0x30, 0x60, 0x3, 0x6, 0x8c,
    0x0, 0xe0, 0xdf, 0x80, 0x18, 0x1b, 0xe0,

    /* U+78BA "確" */
    0x0, 0x0, 0x30, 0x0, 0x0, 0xe, 0x1, 0xff,
    0x1, 0xc0, 0x3f, 0xef, 0xff, 0xf0, 0x61, 0xff,
    0xfe, 0x1c, 0x31, 0xc0, 0xc3, 0x6, 0x30, 0x18,
    0x60, 0xce, 0xc3, 0xc, 0x19, 0x8c, 0x3, 0x0,
    0x71, 0x80, 0x60, 0x1f, 0xff, 0x9f, 0xc3, 0xff,
    0xf3, 0xf8, 0xe0, 0xc0, 0xf1, 0x3c, 0x18, 0x1e,
    0x2f, 0x83, 0x7, 0xc5, 0xbf, 0xfe, 0xd8, 0x87,
    0xff, 0xdb, 0x10, 0xc1, 0x80, 0x62, 0x18, 0x30,
    0xc, 0x43, 0xff, 0xe1, 0x88, 0x7f, 0xfc, 0x31,
    0xc, 0x18, 0x6, 0x21, 0x83, 0x0, 0xfc, 0x30,
    0x60, 0x1f, 0x87, 0xff, 0xe0, 0x0, 0xff, 0xfc,
    0x0, 0x18, 0x0, 0x0,

    /* U+7A7A "空" */
    0x0, 0x8, 0x0, 0x0, 0xc, 0x0, 0x0, 0x7,
    0x0, 0x0, 0x1, 0x80, 0xf, 0xff, 0xff, 0xff,
    0xff, 0xff, 0xff, 0x80, 0x0, 0xf, 0xc0, 0x0,
    0x7, 0xe0, 0x41, 0x3, 0xf0, 0xe0, 0xe1, 0xc0,
    0xf0, 0x7c, 0x1, 0xf0, 0xf, 0x83, 0xe0, 0x1,
    0xf7, 0xc0, 0x0, 0x7f, 0xc0, 0x0, 0xc, 0x80,
    0x0, 0x0, 0x1f, 0xff, 0xfc, 0xf, 0xff, 0xfe,
    0x0, 0x7, 0x0, 0x0, 0x3, 0x80, 0x0, 0x1,
    0xc0, 0x0, 0x0, 0xe0, 0x0, 0x0, 0x70, 0x0,
    0x0, 0x38, 0x0, 0x0, 0x1c, 0x0, 0x7f, 0xff,
    0xff, 0xff, 0xff, 0xff, 0xe0,

    /* U+8981 "要" */
    0x7f, 0xff, 0xff, 0xcf, 0xff, 0xff, 0xf8, 0x1,
    0x83, 0x0, 0x0, 0x30, 0x60, 0x0, 0x6, 0xc,
    0x0, 0x7f, 0xff, 0xff, 0xf, 0xff, 0xff, 0xe1,
    0x83, 0x6, 0xc, 0x30, 0x60, 0xc1, 0x86, 0xc,
    0x18, 0x30, 0xff, 0xff, 0xfe, 0x1f, 0xff, 0xff,
    0xc0, 0x6, 0x0, 0x0, 0x0, 0xc0, 0x0, 0x0,
    0x38, 0x0, 0x7, 0xff, 0xff, 0xff, 0xff, 0xff,
    0xff, 0xe0, 0x70, 0x7, 0x0, 0xc, 0x1, 0xc0,
    0x3, 0xe0, 0x70, 0x0, 0x1f, 0xdc, 0x0, 0x0,
    0x7f, 0x0, 0x0, 0xf, 0xfe, 0x0, 0x7f, 0xc7,
    0xf8, 0x7f, 0xc0, 0xf, 0xcf, 0x0, 0x0, 0x30,

    /* U+898B "見" */
    0xf, 0xff, 0xfe, 0x1, 0xff, 0xff, 0xc0, 0x30,
    0x0, 0x18, 0x6, 0x0, 0x3, 0x0, 0xc0, 0x0,
    0x60, 0x1f, 0xff, 0xfc, 0x3, 0xff, 0xff, 0x80,
    0x60, 0x0, 0x30, 0xc, 0x0, 0x6, 0x1, 0x80,
    0x0, 0xc0, 0x3f, 0xff, 0xf8, 0x7, 0xff, 0xff,
    0x0, 0xc0, 0x0, 0x60, 0x18, 0x0, 0xc, 0x3,
    0x0, 0x1, 0x80, 0x7f, 0xff, 0xf0, 0xf, 0xff,
    0xfe, 0x0, 0x1c, 0x18, 0x0, 0x3, 0x83, 0x2,
    0x0, 0x70, 0x60, 0x70, 0x1c, 0xc, 0xe, 0x7,
    0x81, 0x81, 0xc1, 0xe0, 0x30, 0x38, 0xf8, 0x6,
    0x7, 0x7c, 0x0, 0xff, 0xcf, 0x0, 0xf, 0xf1,
    0x0, 0x0, 0x0, 0x0,

    /* U+89C6 "视" */
    0x0, 0x0, 0x0, 0x0, 0xc0, 0x0, 0x0, 0xc,
    0xf, 0xff, 0xc0, 0x60, 0xff, 0xfc, 0x6, 0xc,
    0x0, 0xc7, 0xfc, 0xc0, 0xc, 0x7f, 0xcc, 0x0,
    0xc0, 0x1c, 0xc3, 0xc, 0x1, 0x8c, 0x30, 0xc0,
    0x38, 0xc3, 0xc, 0x3, 0xc, 0x30, 0xc0, 0x70,
    0xc3, 0xc, 0xe, 0xc, 0x30, 0xc0, 0xe0, 0xc3,
    0xc, 0x1f, 0x8c, 0x30, 0xc3, 0xfc, 0xc3, 0xc,
    0x7f, 0xec, 0x30, 0xcf, 0xee, 0xc3, 0xc, 0x6e,
    0x4c, 0x78, 0xc0, 0xe0, 0x7, 0x80, 0xe, 0x0,
    0xf8, 0x0, 0xe0, 0xd, 0x83, 0xe, 0x1, 0x98,
    0x30, 0xe0, 0x31, 0x83, 0xe, 0xe, 0x18, 0x30,
    0xe1, 0xc1, 0x83, 0xe, 0x78, 0x1f, 0xf0, 0xe6,
    0x0, 0xfe,

    /* U+8A66 "試" */
    0x1c, 0x0, 0x18, 0x1, 0x80, 0x3, 0x60, 0x30,
    0x0, 0x66, 0x7, 0x0, 0xc, 0xef, 0xfc, 0x1,
    0x89, 0xff, 0x80, 0x30, 0x0, 0x7, 0xff, 0xf8,
    0x0, 0xff, 0xff, 0x7f, 0x80, 0x18, 0xf, 0xf0,
    0x3, 0x0, 0x0, 0x0, 0x60, 0x0, 0x0, 0xc,
    0x0, 0x3, 0xfd, 0x80, 0xff, 0x7f, 0xb0, 0x1f,
    0xef, 0xf6, 0x0, 0x0, 0x30, 0x60, 0x0, 0x6,
    0xc, 0xf, 0xf0, 0xc1, 0x81, 0xfe, 0x18, 0x30,
    0x30, 0xc3, 0x6, 0x26, 0x18, 0x60, 0xc6, 0xc3,
    0xc, 0xdc, 0xd8, 0x63, 0xf9, 0x9b, 0xd, 0xff,
    0x33, 0x7f, 0xb8, 0x7, 0xcf, 0xf0, 0x0, 0x78,
    0x0, 0x0, 0x6, 0x0,

    /* U+8A8D "認" */
    0x1c, 0x0, 0x0, 0x1, 0x80, 0x0, 0x0, 0x30,
    0x7f, 0xfe, 0x7, 0xf, 0xff, 0xcf, 0xfc, 0xe,
    0x19, 0xff, 0x89, 0xc3, 0x0, 0x3, 0x30, 0x60,
    0x0, 0xe6, 0xc, 0x7f, 0x98, 0xc1, 0x8f, 0xf6,
    0x38, 0x30, 0x0, 0x6, 0xe, 0x0, 0x1, 0xdf,
    0xc0, 0x0, 0xf3, 0xf8, 0xff, 0x3c, 0x7e, 0x1f,
    0xee, 0x10, 0x0, 0x0, 0x7, 0x0, 0x0, 0x0,
    0x60, 0xf, 0xf3, 0x66, 0x71, 0xfe, 0x6c, 0xe6,
    0x30, 0xdd, 0x88, 0xe6, 0x1b, 0x30, 0x6c, 0xc3,
    0x66, 0xd, 0xd8, 0x7c, 0xc1, 0xbb, 0xf, 0x18,
    0x33, 0x7f, 0xe3, 0x6, 0x4f, 0xf0, 0x7f, 0xc0,
    0x0, 0x7, 0xf0, 0x0,

    /* U+8ACB "請" */
    0xc, 0x0, 0x30, 0x0, 0xe0, 0x3, 0x0, 0x6,
    0xf, 0xff, 0xe0, 0x70, 0xff, 0xfe, 0xff, 0xe0,
    0x30, 0xf, 0xfe, 0x3, 0x0, 0x0, 0x7, 0xff,
    0xc0, 0x0, 0x7f, 0xfc, 0x0, 0x0, 0x30, 0x7,
    0xfc, 0x3, 0x0, 0x7f, 0xdf, 0xff, 0xf0, 0x1,
    0xff, 0xff, 0x0, 0x0, 0x0, 0x7, 0xfc, 0x7f,
    0xfc, 0x7f, 0xc7, 0xff, 0xc0, 0x0, 0x60, 0x1c,
    0x0, 0x6, 0x1, 0xc7, 0xfc, 0x7f, 0xfc, 0x7f,
    0xc7, 0xff, 0xc7, 0xc, 0x60, 0x1c, 0x70, 0xc6,
    0x1, 0xc7, 0xc, 0x7f, 0xfc, 0x70, 0xc7, 0xff,
    0xc7, 0xc, 0x60, 0x1c, 0x7f, 0xc6, 0x1, 0xc7,
    0xfc, 0x60, 0xfc, 0x0, 0x6, 0xf, 0x80,

    /* U+8BA4 "认" */
    0x10, 0x0, 0xe0, 0x3, 0x80, 0xe, 0x0, 0x1c,
    0x0, 0xe0, 0x0, 0xe0, 0xe, 0x0, 0xe, 0x0,
    0xe0, 0x0, 0x70, 0xe, 0x0, 0x2, 0x0, 0xe0,
    0x0, 0x0, 0xe, 0x0, 0x0, 0x0, 0xe0, 0xf,
    0xc0, 0xe, 0x0, 0xfc, 0x1, 0xe0, 0x0, 0xc0,
    0x1f, 0x0, 0xc, 0x1, 0xf0, 0x0, 0xc0, 0x1b,
    0x0, 0xc, 0x3, 0xb8, 0x0, 0xc0, 0x39, 0x80,
    0xc, 0x3, 0x18, 0x0, 0xc4, 0x71, 0xc0, 0xc,
    0xc7, 0xe, 0x0, 0xdc, 0xe0, 0xe0, 0xf, 0x9c,
    0x7, 0x0, 0xf3, 0xc0, 0x38, 0xe, 0x38, 0x3,
    0xc1, 0xc7, 0x0, 0x1e, 0x8, 0xe0, 0x0, 0xe0,
    0xc, 0x0, 0x6,

    /* U+8BD5 "试" */
    0x0, 0x0, 0x38, 0x1, 0x80, 0x3, 0xb0, 0x38,
    0x0, 0x3b, 0x81, 0xc0, 0x3, 0x9c, 0xe, 0x0,
    0x38, 0xc0, 0x70, 0x3, 0x80, 0x6, 0x7f, 0xff,
    0xe0, 0x7, 0xff, 0xfe, 0x0, 0x0, 0x18, 0xf,
    0xc0, 0x1, 0x80, 0xfc, 0x0, 0x18, 0xf, 0xc0,
    0x1, 0x80, 0xc, 0x7f, 0xd8, 0x0, 0xc7, 0xfd,
    0x80, 0xc, 0xe, 0x18, 0x0, 0xc0, 0xe1, 0x80,
    0xc, 0xe, 0x18, 0x0, 0xc0, 0xe1, 0x80, 0xc,
    0x8e, 0x1c, 0x40, 0xd8, 0xe1, 0xc6, 0xd, 0x8e,
    0xc, 0x60, 0xf8, 0xfc, 0xc6, 0xf, 0x7f, 0xce,
    0x60, 0xe7, 0xf0, 0xee, 0x1c, 0x60, 0x7, 0xc0,
    0x80, 0x0, 0x7c, 0x0, 0x0, 0x3, 0x80,

    /* U+8BF7 "请" */
    0x0, 0x0, 0x70, 0x3, 0x80, 0x7, 0x0, 0x1c,
    0x3f, 0xff, 0xe0, 0xc3, 0xff, 0xfe, 0xe, 0x0,
    0x70, 0x0, 0x70, 0x7, 0x0, 0x2, 0x1f, 0xff,
    0xc0, 0x1, 0xff, 0xfc, 0x0, 0x0, 0x70, 0xf,
    0xc0, 0x7, 0x0, 0xfc, 0x7f, 0xff, 0xff, 0xc7,
    0xff, 0xff, 0xc, 0x0, 0x0, 0x0, 0xc1, 0xff,
    0xfc, 0xc, 0x1f, 0xff, 0xc0, 0xc1, 0x80, 0x1c,
    0xc, 0x18, 0x1, 0xc0, 0xc1, 0xff, 0xfc, 0xc,
    0x1f, 0xff, 0xc0, 0xc1, 0x80, 0x1c, 0xc, 0x98,
    0x1, 0xc0, 0xdd, 0xff, 0xfc, 0xf, 0xdf, 0xff,
    0xc0, 0xf1, 0x80, 0x1c, 0x1e, 0x18, 0x1, 0xc0,
    0xc1, 0x80, 0xf8, 0x0, 0x18, 0xf, 0x80,

    /* U+8D25 "败" */
    0x0, 0x0, 0x60, 0x0, 0x0, 0x6, 0x0, 0x3f,
    0xf0, 0xe0, 0x3, 0xff, 0xc, 0x0, 0x30, 0x30,
    0xc0, 0x3, 0x3, 0x1f, 0xfe, 0x33, 0x31, 0xff,
    0xe3, 0x33, 0x38, 0x38, 0x33, 0x33, 0x3, 0x83,
    0x33, 0x78, 0x30, 0x33, 0x3f, 0x83, 0x3, 0x33,
    0xf8, 0x30, 0x33, 0x35, 0x87, 0x3, 0x33, 0x1c,
    0x70, 0x33, 0x30, 0xc6, 0x3, 0x33, 0xc, 0xe0,
    0x33, 0x30, 0x6c, 0x3, 0x33, 0x7, 0xc0, 0x33,
    0x30, 0x38, 0x0, 0x70, 0x3, 0x80, 0x7, 0x80,
    0x7c, 0x0, 0xec, 0xe, 0xe0, 0x1c, 0xe1, 0xcf,
    0x3, 0x87, 0x38, 0x78, 0x78, 0x2f, 0x3, 0xcf,
    0x1, 0xe0, 0xe, 0x40, 0x1c, 0x0, 0x60, 0x0,
    0x0, 0x0,

    /* U+8FD9 "这" */
    0x0, 0x0, 0x0, 0x1, 0x0, 0x1c, 0x0, 0x70,
    0x0, 0xc0, 0x3, 0x80, 0xe, 0x0, 0x1c, 0x0,
    0xe0, 0x1, 0xc7, 0xff, 0xfe, 0xe, 0x7f, 0xff,
    0xe0, 0x40, 0x0, 0x60, 0x0, 0x0, 0x6, 0x0,
    0x1, 0x0, 0xe0, 0x0, 0x38, 0xc, 0x0, 0x3,
    0xc0, 0xc0, 0xfc, 0x1e, 0x1c, 0xf, 0xc0, 0x7b,
    0x80, 0xc, 0x3, 0xf8, 0x0, 0xc0, 0x1f, 0x0,
    0xc, 0x0, 0xf0, 0x0, 0xc0, 0x1f, 0x80, 0xc,
    0x3, 0xfc, 0x0, 0xc0, 0xf9, 0xe0, 0xc, 0x1e,
    0x7, 0x0, 0xc7, 0xc0, 0x38, 0x1e, 0x78, 0x1,
    0xc3, 0xe6, 0x0, 0x8, 0x77, 0x0, 0x0, 0xf,
    0x3e, 0x0, 0x0, 0xe0, 0xff, 0xff, 0xf4, 0x3,
    0xff, 0xfe,

    /* U+9019 "這" */
    0x0, 0x0, 0x0, 0x0, 0x0, 0x1c, 0x0, 0x30,
    0x1, 0xc0, 0x3, 0x80, 0xe, 0x0, 0x3c, 0xff,
    0xff, 0xe1, 0xcf, 0xff, 0xfe, 0xe, 0x0, 0x0,
    0x0, 0x40, 0x0, 0x0, 0x0, 0x3f, 0xff, 0x80,
    0x3, 0xff, 0xf8, 0x0, 0x0, 0x0, 0xf, 0xc0,
    0x0, 0x0, 0xfc, 0x3f, 0xff, 0x80, 0xc3, 0xff,
    0xf8, 0xc, 0x0, 0x0, 0x0, 0xc0, 0x0, 0x0,
    0xc, 0x3f, 0xff, 0x80, 0xc3, 0xff, 0xf8, 0xc,
    0x30, 0x3, 0x80, 0xc3, 0x0, 0x38, 0xc, 0x3f,
    0xff, 0x81, 0xe3, 0xff, 0xf8, 0x3f, 0x0, 0x0,
    0x7, 0x38, 0x0, 0x0, 0x61, 0xc0, 0x0, 0x6,
    0xf, 0xff, 0xff, 0x40, 0x3f, 0xff, 0xe0,

    /* U+91CD "重" */
    0x0, 0x0, 0x1, 0x7, 0xff, 0xff, 0xe0, 0xff,
    0xff, 0xfe, 0x0, 0x7, 0x0, 0x0, 0x0, 0xe0,
    0x1, 0xff, 0xff, 0xff, 0xff, 0xff, 0xff, 0xf8,
    0x0, 0x70, 0x0, 0x0, 0xe, 0x0, 0x3, 0xff,
    0xff, 0xe0, 0x7f, 0xff, 0xfc, 0xe, 0x7, 0x3,
    0x81, 0xc0, 0xe0, 0x70, 0x3f, 0xff, 0xfe, 0x7,
    0xff, 0xff, 0xc0, 0xe0, 0x70, 0x38, 0x1c, 0xe,
    0x7, 0x3, 0xff, 0xff, 0xe0, 0x7f, 0xff, 0xfc,
    0x0, 0x7, 0x0, 0x3, 0xff, 0xff, 0xf8, 0x7f,
    0xff, 0xff, 0x0, 0x3, 0x80, 0x0, 0x0, 0x70,
    0x0, 0x0, 0xe, 0x0, 0x1f, 0xff, 0xff, 0xff,
    0xff, 0xff, 0xff, 0x80,

    /* U+9304 "錄" */
    0x7, 0x0, 0xc0, 0x0, 0x70, 0x18, 0x0, 0x7,
    0x81, 0xff, 0xc0, 0xdc, 0x1f, 0xfc, 0x1c, 0xe1,
    0x80, 0xc1, 0x87, 0x38, 0x18, 0x38, 0x33, 0xff,
    0x83, 0x0, 0x3f, 0xf8, 0x7f, 0xe0, 0x1, 0x85,
    0xfe, 0x0, 0x18, 0x6, 0x0, 0x1, 0x80, 0x60,
    0x7f, 0xff, 0x6, 0x7, 0xff, 0xf7, 0xfe, 0x1,
    0x80, 0x7f, 0xe2, 0x18, 0x20, 0x60, 0x71, 0xc6,
    0x66, 0x33, 0x9c, 0xc6, 0x66, 0x19, 0xd8, 0x26,
    0x60, 0x7f, 0x3, 0x6c, 0x1f, 0xb0, 0x36, 0xc3,
    0xdb, 0x81, 0x60, 0xf1, 0x9c, 0x6, 0x2e, 0x18,
    0xe0, 0xfe, 0x41, 0x87, 0x7f, 0xc0, 0x18, 0x37,
    0x0, 0x1f, 0x80, 0x0, 0x1, 0xf0, 0x0,

    /* U+9332 "録" */
    0x0, 0x0, 0x0, 0x0, 0x70, 0x0, 0x0, 0x7,
    0x7, 0xff, 0x80, 0xf8, 0x7f, 0xf8, 0xd, 0xc0,
    0x1, 0x81, 0xce, 0x0, 0x18, 0x18, 0x70, 0x1,
    0x83, 0x3, 0x7f, 0xf8, 0x70, 0x27, 0xff, 0x87,
    0xfc, 0x0, 0x18, 0x5f, 0xc0, 0x1, 0x80, 0x60,
    0x0, 0x18, 0x6, 0xf, 0xff, 0xf7, 0xfe, 0x1,
    0x80, 0x7f, 0xe4, 0x18, 0x40, 0x60, 0x61, 0x8e,
    0x6, 0x23, 0x1d, 0xc6, 0x66, 0x39, 0xf8, 0x26,
    0x61, 0x3f, 0x3, 0x64, 0xf, 0xe0, 0x36, 0xc1,
    0xfb, 0x3, 0x6c, 0x79, 0xb0, 0x6, 0xf, 0x19,
    0x80, 0x7e, 0xc1, 0x8c, 0x3f, 0xe8, 0x18, 0xf7,
    0xf8, 0x1, 0x86, 0x60, 0x3, 0xf8, 0x0, 0x0,
    0x1f, 0x0,

    /* U+9593 "間" */
    0xff, 0xc7, 0xff, 0xff, 0xc7, 0xff, 0xc0, 0xc6,
    0x3, 0xc0, 0xc6, 0x3, 0xff, 0xc7, 0xff, 0xff,
    0xc7, 0xff, 0xc0, 0xc6, 0x3, 0xc0, 0xc6, 0x3,
    0xff, 0xc7, 0xff, 0xff, 0xc7, 0xff, 0xc0, 0x0,
    0x3, 0xc0, 0x0, 0x3, 0xc3, 0xff, 0xc3, 0xc3,
    0xff, 0xc3, 0xc3, 0x1, 0xc3, 0xc3, 0x1, 0xc3,
    0xc3, 0xff, 0xc3, 0xc3, 0xff, 0xc3, 0xc3, 0x1,
    0xc3, 0xc3, 0x1, 0xc3, 0xc3, 0xff, 0xc3, 0xc3,
    0xff, 0xc3, 0xc0, 0x0, 0x3, 0xc0, 0x0, 0x3,
    0xc0, 0x0, 0xff, 0xc0, 0x0, 0x7e,

    /* U+9664 "除" */
    0x0, 0x1, 0xc0, 0x0, 0x0, 0x78, 0xf, 0xf0,
    0x3e, 0x3, 0xfc, 0x1d, 0xc0, 0xc3, 0x7, 0x38,
    0x31, 0xc3, 0x87, 0xc, 0x61, 0xc1, 0xe3, 0x18,
    0xe0, 0x3c, 0xc6, 0xf0, 0x7, 0xb3, 0x7f, 0xff,
    0x7c, 0xc9, 0xff, 0xcf, 0x30, 0x3, 0x0, 0xce,
    0x0, 0xc0, 0x31, 0x80, 0x30, 0xc, 0x60, 0xc,
    0x3, 0xd, 0xff, 0xfe, 0xc3, 0x7f, 0xff, 0xb0,
    0xc0, 0x30, 0xc, 0x31, 0x8c, 0xc3, 0x1c, 0xe3,
    0x38, 0xdf, 0x30, 0xc6, 0x37, 0x9c, 0x31, 0xcc,
    0x6, 0xc, 0x33, 0x3, 0x3, 0xe, 0xc1, 0xc1,
    0xc1, 0xb0, 0x63, 0xf0, 0x2c, 0x0, 0xf8, 0x0,

    /* U+9891 "频" */
    0x1, 0x80, 0x0, 0x0, 0x18, 0x0, 0x0, 0x1,
    0x87, 0xff, 0xe3, 0x18, 0x7f, 0xfe, 0x31, 0x80,
    0x18, 0x3, 0x1f, 0x81, 0x80, 0x31, 0xf8, 0x38,
    0x3, 0x18, 0x3f, 0xfc, 0x31, 0x83, 0xff, 0xc3,
    0x18, 0x30, 0xc, 0xff, 0xfb, 0x0, 0xcf, 0xff,
    0xb1, 0x8c, 0x3, 0x83, 0x18, 0xc0, 0x38, 0x31,
    0x8c, 0x13, 0x83, 0x18, 0xc1, 0xb9, 0x31, 0x8c,
    0x3b, 0x9b, 0x18, 0xc3, 0x3b, 0xb1, 0x8c, 0x73,
    0xb3, 0x18, 0xc6, 0x3f, 0x31, 0x8c, 0xe0, 0x63,
    0x38, 0xcc, 0xe, 0x3, 0xc0, 0x1, 0xc0, 0x7e,
    0x0, 0x78, 0xe, 0x78, 0xf, 0x1, 0xe3, 0xc3,
    0xe0, 0x78, 0x1e, 0xf8, 0xf, 0x0, 0xe6, 0x0,
    0xc0, 0x6,

    /* U+AC00 "가" */
    0x0, 0x0, 0x18, 0x0, 0x0, 0x6, 0x7, 0xff,
    0xc1, 0x81, 0xff, 0xf0, 0x60, 0x0, 0xc, 0x18,
    0x0, 0x3, 0x6, 0x0, 0x1, 0xc1, 0x80, 0x0,
    0x60, 0x60, 0x0, 0x18, 0x18, 0x0, 0xe, 0x6,
    0x0, 0x3, 0x1, 0x80, 0x1, 0xc0, 0x60, 0x0,
    0x60, 0x1f, 0xc0, 0x38, 0x6, 0x0, 0x1c, 0x1,
    0x80, 0xe, 0x0, 0x60, 0x7, 0x0, 0x18, 0x3,
    0x80, 0x6, 0x3, 0xc0, 0x1, 0x83, 0xc0, 0x0,
    0x60, 0x60, 0x0, 0x18, 0x0, 0x0, 0x6, 0x0,
    0x0, 0x1, 0x80, 0x0, 0x0, 0x60, 0x0, 0x0,
    0x18, 0x0, 0x0, 0x6, 0x0, 0x0, 0x1, 0x80,
    0x0, 0x0, 0x60,

    /* U+AC04 "간" */
    0x0, 0x0, 0xc, 0x0, 0x0, 0x3, 0x3, 0xff,
    0xc0, 0xc0, 0xff, 0xf0, 0x30, 0x0, 0xc, 0xc,
    0x0, 0x7, 0x3, 0x0, 0x1, 0x80, 0xc0, 0x0,
    0xe0, 0x30, 0x0, 0x30, 0xc, 0x0, 0x1c, 0x3,
    0xf0, 0xe, 0x0, 0xfc, 0x7, 0x0, 0x30, 0x3,
    0x80, 0xc, 0x3, 0xc0, 0x3, 0x3, 0xe0, 0x0,
    0xc3, 0xe0, 0x0, 0x30, 0x60, 0x0, 0xc, 0x0,
    0x0, 0x3, 0x0, 0x60, 0x0, 0xc0, 0x18, 0x0,
    0x30, 0x6, 0x0, 0x0, 0x1, 0x80, 0x0, 0x0,
    0x60, 0x0, 0x0, 0x18, 0x0, 0x0, 0x6, 0x0,
    0x0, 0x1, 0xff, 0xff, 0x80, 0x7f, 0xff, 0xe0,

    /* U+AC10 "감" */
    0x0, 0x0, 0xc, 0xf, 0xff, 0x83, 0x3, 0xff,
    0xc0, 0xc0, 0x0, 0x30, 0x30, 0x0, 0xc, 0xc,
    0x0, 0x7, 0x3, 0x0, 0x1, 0x80, 0xc0, 0x0,
    0xe0, 0x3f, 0x0, 0x70, 0xf, 0xc0, 0x38, 0x3,
    0x0, 0x1c, 0x0, 0xc0, 0xe, 0x0, 0x30, 0xf,
    0x0, 0xc, 0xf, 0x80, 0x3, 0x7, 0x80, 0x0,
    0xc0, 0x80, 0x0, 0x0, 0x0, 0x0, 0x0, 0x1,
    0xff, 0xff, 0x0, 0x7f, 0xff, 0xc0, 0x18, 0x0,
    0x30, 0x6, 0x0, 0xc, 0x1, 0x80, 0x3, 0x0,
    0x60, 0x0, 0xc0, 0x18, 0x0, 0x30, 0x6, 0x0,
    0xc, 0x1, 0xff, 0xff, 0x0, 0x7f, 0xff, 0xc0,

    /* U+ACF5 "공" */
    0xf, 0xff, 0xfc, 0x3, 0xff, 0xff, 0x0, 0x0,
    0x0, 0xc0, 0x0, 0x0, 0x30, 0x0, 0x0, 0xc,
    0x0, 0x6, 0x3, 0x0, 0x1, 0x80, 0xc0, 0x0,
    0x60, 0x30, 0x0, 0x18, 0xc, 0x0, 0x6, 0x0,
    0x0, 0x1, 0x80, 0x3, 0xff, 0xff, 0xff, 0xff,
    0xff, 0xff, 0xc0, 0x0, 0x0, 0x0, 0x0, 0x0,
    0x0, 0x0, 0x0, 0x0, 0x0, 0x7f, 0x80, 0x0,
    0xff, 0xfc, 0x0, 0x78, 0x7, 0x80, 0x38, 0x0,
    0x70, 0xc, 0x0, 0x1c, 0x3, 0x0, 0x3, 0x0,
    0xc0, 0x1, 0xc0, 0x38, 0x0, 0x70, 0x7, 0x80,
    0x78, 0x0, 0xff, 0xfc, 0x0, 0x7, 0xf8, 0x0,

    /* U+AE4C "까" */
    0x0, 0x0, 0xc, 0x0, 0x0, 0x1, 0x81, 0xfd,
    0xfc, 0x30, 0x3f, 0xbf, 0x86, 0x0, 0x30, 0x30,
    0xc0, 0x6, 0x6, 0x18, 0x0, 0xc0, 0xc3, 0x0,
    0x18, 0x18, 0x60, 0x3, 0x3, 0xc, 0x0, 0xc0,
    0x61, 0x80, 0x18, 0x18, 0x30, 0x3, 0x3, 0x7,
    0xf0, 0xc0, 0x60, 0xfe, 0x18, 0xc, 0x18, 0x7,
    0x3, 0x3, 0x0, 0xc0, 0x60, 0x60, 0x30, 0x1c,
    0xc, 0xe, 0x3, 0x1, 0x83, 0x80, 0xe0, 0x30,
    0x20, 0x18, 0x6, 0x0, 0x7, 0x0, 0xc0, 0x1,
    0xc0, 0x18, 0x0, 0x30, 0x3, 0x0, 0x0, 0x0,
    0x60, 0x0, 0x0, 0xc, 0x0, 0x0, 0x1, 0x80,
    0x0, 0x0, 0x30, 0x0, 0x0, 0x6, 0x0,

    /* U+B179 "녹" */
    0xe, 0x0, 0x0, 0x3, 0x80, 0x0, 0x0, 0xe0,
    0x0, 0x0, 0x38, 0x0, 0x0, 0xe, 0x0, 0x0,
    0x3, 0x80, 0x0, 0x0, 0xe0, 0x0, 0x0, 0x3f,
    0xff, 0xf0, 0xf, 0xff, 0xfc, 0x0, 0x3, 0x0,
    0x0, 0x0, 0xc0, 0x0, 0x0, 0x30, 0x0, 0x0,
    0xc, 0x0, 0x3f, 0xff, 0xff, 0xff, 0xff, 0xff,
    0xfc, 0x0, 0x0, 0x0, 0x0, 0x0, 0x0, 0x0,
    0x0, 0x0, 0x0, 0xff, 0xff, 0xc0, 0x3f, 0xff,
    0xf0, 0x0, 0x0, 0x1c, 0x0, 0x0, 0x7, 0x0,
    0x0, 0x1, 0xc0, 0x0, 0x0, 0x70, 0x0, 0x0,
    0x1c, 0x0, 0x0, 0x7, 0x0, 0x0, 0x1, 0xc0,
    0x0, 0x0, 0x70,

    /* U+B294 "는" */
    0x6, 0x0, 0x0, 0x1, 0x80, 0x0, 0x0, 0x60,
    0x0, 0x0, 0x18, 0x0, 0x0, 0x6, 0x0, 0x0,
    0x1, 0x80, 0x0, 0x0, 0x60, 0x0, 0x0, 0x18,
    0x0, 0x0, 0x7, 0xff, 0xfc, 0x1, 0xff, 0xff,
    0x0, 0x0, 0x0, 0x0, 0x0, 0x0, 0x0, 0x0,
    0x0, 0x0, 0x0, 0x0, 0x0, 0xf, 0xff, 0xff,
    0xff, 0xff, 0xff, 0xff, 0x0, 0x0, 0x0, 0x0,
    0x0, 0x0, 0x0, 0x0, 0x0, 0x0, 0x18, 0x0,
    0x0, 0x6, 0x0, 0x0, 0x1, 0x80, 0x0, 0x0,
    0x60, 0x0, 0x0, 0x18, 0x0, 0x0, 0x6, 0x0,
    0x0, 0x1, 0xff, 0xff, 0x0, 0x7f, 0xff, 0xc0,

    /* U+B2C8 "니" */
    0x0, 0x0, 0x30, 0x0, 0x3, 0xc0, 0x0, 0x3c,
    0x0, 0x3, 0xc0, 0x0, 0x3c, 0x0, 0x3, 0xc0,
    0x0, 0x3c, 0x0, 0x3, 0xc0, 0x0, 0x3c, 0x0,
    0x3, 0xc0, 0x0, 0x3c, 0x0, 0x3, 0xc0, 0x0,
    0x3c, 0x0, 0x3, 0xc0, 0x0, 0x3c, 0x0, 0x3,
    0xc0, 0x0, 0x3c, 0x0, 0x73, 0xff, 0xff, 0x3f,
    0xff, 0x3, 0x0, 0x0, 0x30, 0x0, 0x3, 0x0,
    0x0, 0x30, 0x0, 0x3, 0x0, 0x0, 0x30, 0x0,
    0x3, 0x0, 0x0, 0x30, 0x0, 0x3,

    /* U+B2E4 "다" */
    0x0, 0x0, 0x30, 0x0, 0x0, 0x18, 0x3f, 0xfe,
    0xc, 0x1f, 0xff, 0x6, 0xc, 0x0, 0x3, 0x6,
    0x0, 0x1, 0x83, 0x0, 0x0, 0xc1, 0x80, 0x0,
    0x60, 0xc0, 0x0, 0x30, 0x60, 0x0, 0x18, 0x30,
    0x0, 0xc, 0x18, 0x0, 0x7, 0xfc, 0x0, 0x3,
    0xfe, 0x0, 0x1, 0x83, 0x0, 0x0, 0xc1, 0x80,
    0x0, 0x60, 0xc0, 0x0, 0x30, 0x60, 0x0, 0x18,
    0x3f, 0xff, 0x8c, 0x1f, 0xff, 0xc6, 0x0, 0x0,
    0x3, 0x0, 0x0, 0x1, 0x80, 0x0, 0x0, 0xc0,
    0x0, 0x0, 0x60, 0x0, 0x0, 0x30, 0x0, 0x0,
    0x18, 0x0, 0x0, 0xc, 0x0, 0x0, 0x6, 0x0,

    /* U+B3D9 "동" */
    0xf, 0xff, 0xfc, 0x3, 0xff, 0xff, 0x0, 0xe0,
    0x0, 0x0, 0x38, 0x0, 0x0, 0xe, 0x0, 0x0,
    0x3, 0x80, 0x0, 0x0, 0xe0, 0x0, 0x0, 0x3f,
    0xff, 0xf0, 0xf, 0xff, 0xfc, 0x0, 0x3, 0x0,
    0x0, 0x0, 0xc0, 0x0, 0x0, 0x30, 0x0, 0x0,
    0xc, 0x0, 0x3f, 0xff, 0xff, 0xff, 0xff, 0xff,
    0xfc, 0x0, 0x0, 0x0, 0x0, 0x7f, 0x80, 0x0,
    0xff, 0xfc, 0x0, 0x78, 0x7, 0x80, 0x38, 0x0,
    0x70, 0xc, 0x0, 0xc, 0x3, 0x0, 0x3, 0x0,
    0xc0, 0x0, 0xc0, 0x38, 0x0, 0x70, 0x7, 0x80,
    0x78, 0x0, 0xff, 0xfc, 0x0, 0xf, 0xfc, 0x0,

    /* U+B418 "되" */
    0x0, 0x0, 0xc, 0x0, 0x0, 0x30, 0x0, 0x0,
    0xcf, 0xff, 0xc3, 0x3f, 0xff, 0xc, 0xc0, 0x0,
    0x33, 0x0, 0x0, 0xcc, 0x0, 0x3, 0x30, 0x0,
    0xc, 0xc0, 0x0, 0x33, 0x0, 0x0, 0xcc, 0x0,
    0x3, 0x3f, 0xff, 0xc, 0xff, 0xfc, 0x30, 0xc,
    0x0, 0xc0, 0x30, 0x3, 0x0, 0xc0, 0xc, 0x3,
    0x0, 0x30, 0xc, 0x0, 0xc0, 0x30, 0x3, 0x0,
    0xc0, 0xf, 0xff, 0xff, 0x3f, 0xff, 0xfc, 0xc0,
    0x0, 0x3, 0x0, 0x0, 0xc, 0x0, 0x0, 0x30,
    0x0, 0x0, 0xc0, 0x0, 0x3,

    /* U+B428 "됨" */
    0x0, 0x0, 0xc, 0xff, 0xf8, 0x33, 0xff, 0xe0,
    0xcc, 0x0, 0x3, 0x30, 0x0, 0xc, 0xc0, 0x0,
    0x33, 0x0, 0x0, 0xcc, 0x0, 0x3, 0x3f, 0xff,
    0xc, 0xff, 0xfc, 0x30, 0xc, 0x0, 0xc0, 0x30,
    0x3, 0x0, 0xc0, 0xc, 0x3, 0xff, 0x3f, 0xff,
    0xfc, 0xc0, 0x0, 0x3, 0x0, 0x0, 0x0, 0x0,
    0x0, 0x0, 0xff, 0xff, 0xc3, 0xff, 0xff, 0xc,
    0x0, 0xc, 0x30, 0x0, 0x30, 0xc0, 0x0, 0xc3,
    0x0, 0x3, 0xc, 0x0, 0xc, 0x3f, 0xff, 0xf0,
    0xff, 0xff, 0xc0,

    /* U+B4DC "드" */
    0xf, 0xff, 0xfc, 0x3, 0xff, 0xff, 0x0, 0xe0,
    0x0, 0x0, 0x38, 0x0, 0x0, 0xe, 0x0, 0x0,
    0x3, 0x80, 0x0, 0x0, 0xe0, 0x0, 0x0, 0x38,
    0x0, 0x0, 0xe, 0x0, 0x0, 0x3, 0x80, 0x0,
    0x0, 0xe0, 0x0, 0x0, 0x3f, 0xff, 0xf0, 0xf,
    0xff, 0xfc, 0x0, 0x0, 0x0, 0x0, 0x0, 0x0,
    0x0, 0x0, 0x0, 0x0, 0x0, 0x0, 0x0, 0x0,
    0x0, 0x0, 0x0, 0x0, 0x0, 0x3, 0xff, 0xff,
    0xff, 0xff, 0xff, 0xff, 0xc0,

    /* U+B97C "를" */
    0xf, 0xff, 0xfc, 0x3, 0xff, 0xff, 0x0, 0x0,
    0x0, 0xc0, 0x0, 0x0, 0x30, 0x0, 0x0, 0xc,
    0x3, 0xff, 0xff, 0x0, 0xc0, 0x0, 0x0, 0x30,
    0x0, 0x0, 0xc, 0x0, 0x0, 0x3, 0xff, 0xff,
    0x0, 0xff, 0xff, 0xc0, 0x0, 0x0, 0x0, 0x0,
    0x0, 0x0, 0x3f, 0xff, 0xff, 0xff, 0xff, 0xff,
    0xfc, 0x0, 0x0, 0x0, 0x0, 0x0, 0x0, 0x3,
    0xff, 0xff, 0x0, 0xff, 0xff, 0xc0, 0x0, 0x0,
    0x30, 0x0, 0x0, 0xc, 0x0, 0x0, 0x3, 0x0,
    0xff, 0xff, 0xc0, 0x30, 0x0, 0x0, 0xc, 0x0,
    0x0, 0x3, 0x0, 0x0, 0x0, 0xff, 0xff, 0xc0,
    0x3f, 0xff, 0xf0,

    /* U+B9F7 "맷" */
    0x0, 0x0, 0xc, 0x0, 0x1, 0x8c, 0xff, 0xe1,
    0x8c, 0xff, 0xe1, 0x8c, 0xc0, 0x61, 0x8c, 0xc0,
    0x61, 0x8c, 0xc0, 0x61, 0x8c, 0xc0, 0x61, 0x8c,
    0xc0, 0x61, 0xfc, 0xc0, 0x61, 0xfc, 0xc0, 0x61,
    0x8c, 0xc0, 0x61, 0x8c, 0xc0, 0x61, 0x8c, 0xff,
    0xe1, 0x8c, 0xff, 0xe1, 0x8c, 0x0, 0x1, 0x8c,
    0x0, 0x0, 0xc, 0x0, 0x1c, 0xc, 0x0, 0x1c,
    0x0, 0x0, 0x1e, 0x0, 0x0, 0x3e, 0x0, 0x0,
    0x3f, 0x0, 0x0, 0x73, 0x80, 0x1, 0xe1, 0xc0,
    0x3, 0xc0, 0xf0, 0x1f, 0x0, 0x7c, 0x3e, 0x0,
    0x1e, 0x10, 0x0, 0x2,

    /* U+BAA9 "목" */
    0xf, 0xff, 0xfc, 0x3, 0xff, 0xff, 0x0, 0xc0,
    0x1, 0xc0, 0x30, 0x0, 0x70, 0xc, 0x0, 0x1c,
    0x3, 0x0, 0x7, 0x0, 0xc0, 0x1, 0xc0, 0x3f,
    0xff, 0xf0, 0xf, 0xff, 0xfc, 0x0, 0x3, 0x0,
    0x0, 0x0, 0xc0, 0x0, 0x0, 0x30, 0x0, 0x0,
    0xc, 0x0, 0x3f, 0xff, 0xff, 0xff, 0xff, 0xff,
    0xfc, 0x0, 0x0, 0x0, 0x0, 0x0, 0x0, 0x3,
    0xff, 0xff, 0x0, 0xff, 0xff, 0xc0, 0x0, 0x0,
    0x70, 0x0, 0x0, 0x1c, 0x0, 0x0, 0x7, 0x0,
    0x0, 0x1, 0xc0, 0x0, 0x0, 0x70, 0x0, 0x0,
    0x1c, 0x0, 0x0, 0x7, 0x0, 0x0, 0x1, 0xc0,

    /* U+C0AC "사" */
    0x0, 0x0, 0xc, 0x0, 0x0, 0x1, 0x80, 0x3,
    0x0, 0x30, 0x0, 0x60, 0x6, 0x0, 0xc, 0x0,
    0xc0, 0x1, 0x80, 0x18, 0x0, 0x30, 0x3, 0x0,
    0x6, 0x0, 0x60, 0x0, 0xc0, 0xc, 0x0, 0x18,
    0x1, 0x80, 0x7, 0x80, 0x30, 0x0, 0xf0, 0x7,
    0xf0, 0x1e, 0x0, 0xfe, 0x6, 0x60, 0x18, 0x0,
    0xce, 0x3, 0x0, 0x30, 0xc0, 0x60, 0xe, 0xc,
    0xc, 0x3, 0x81, 0xc1, 0x80, 0xe0, 0x1c, 0x30,
    0x38, 0x1, 0xc6, 0x6, 0x0, 0x10, 0xc0, 0x0,
    0x0, 0x18, 0x0, 0x0, 0x3, 0x0, 0x0, 0x0,
    0x60, 0x0, 0x0, 0xc, 0x0, 0x0, 0x1, 0x80,
    0x0, 0x0, 0x30, 0x0, 0x0, 0x6, 0x0,

    /* U+C0AD "삭" */
    0x0, 0x0, 0xc, 0x0, 0x60, 0x3, 0x0, 0x18,
    0x0, 0xc0, 0x6, 0x0, 0x30, 0x1, 0x80, 0xc,
    0x0, 0x60, 0x3, 0x0, 0x18, 0x0, 0xc0, 0xf,
    0x0, 0x30, 0x3, 0xe0, 0xf, 0xc1, 0x98, 0x3,
    0xf0, 0xe3, 0x0, 0xc0, 0x70, 0x70, 0x30, 0x38,
    0xe, 0xc, 0x3c, 0x1, 0xc3, 0x6, 0x0, 0x0,
    0xc0, 0x0, 0x0, 0x30, 0x0, 0x0, 0x0, 0x0,
    0x0, 0x0, 0x0, 0xff, 0xff, 0xc0, 0x3f, 0xff,
    0xf0, 0x0, 0x0, 0xc, 0x0, 0x0, 0x3, 0x0,
    0x0, 0x0, 0xc0, 0x0, 0x0, 0x30, 0x0, 0x0,
    0xc, 0x0, 0x0, 0x3, 0x0, 0x0, 0x0, 0xc0,
    0x0, 0x0, 0x30, 0x0, 0x0, 0xc, 0x0,

    /* U+C0BD "삽" */
    0x0, 0x0, 0xc, 0x0, 0x60, 0x3, 0x0, 0x18,
    0x0, 0xc0, 0x6, 0x0, 0x30, 0x1, 0x80, 0xc,
    0x0, 0x70, 0x3, 0x0, 0x1c, 0x0, 0xc0, 0xf,
    0x0, 0x3f, 0x3, 0x60, 0xf, 0xc1, 0x9c, 0x3,
    0x0, 0xe3, 0x80, 0xc0, 0x70, 0x70, 0x30, 0x38,
    0xf, 0xc, 0x3c, 0x0, 0xc3, 0x4, 0x0, 0x0,
    0x0, 0x18, 0x0, 0x30, 0x6, 0x0, 0xc, 0x1,
    0x80, 0x3, 0x0, 0x60, 0x0, 0xc0, 0x18, 0x0,
    0x30, 0x7, 0xff, 0xfc, 0x1, 0xff, 0xff, 0x0,
    0x60, 0x0, 0xc0, 0x18, 0x0, 0x30, 0x6, 0x0,
    0xc, 0x1, 0xff, 0xff, 0x0, 0x7f, 0xff, 0xc0,

    /* U+C0C1 "상" */
    0x0, 0x0, 0xc, 0x0, 0x60, 0x3, 0x0, 0x18,
    0x0, 0xc0, 0x6, 0x0, 0x30, 0x1, 0x80, 0xc,
    0x0, 0x60, 0x3, 0x0, 0x18, 0x0, 0xc0, 0xf,
    0x0, 0x30, 0x3, 0xe0, 0xf, 0xc1, 0xd8, 0x3,
    0xf0, 0xe7, 0x0, 0xc0, 0x70, 0xe0, 0x30, 0x38,
    0x1e, 0xc, 0x1c, 0x1, 0xc3, 0xe, 0x0, 0x20,
    0xc0, 0x0, 0x0, 0x30, 0x0, 0x0, 0x0, 0x0,
    0x1f, 0xf0, 0x0, 0x3f, 0xff, 0x0, 0x1e, 0x1,
    0xe0, 0xe, 0x0, 0x1c, 0x3, 0x0, 0x3, 0x0,
    0xc0, 0x0, 0xc0, 0x30, 0x0, 0x30, 0xe, 0x0,
    0x1c, 0x1, 0xe0, 0x1e, 0x0, 0x3f, 0xff, 0x0,
    0x1, 0xff, 0x0,

    /* U+C131 "성" */
    0x0, 0x0, 0x6, 0x1, 0x80, 0x6, 0x1, 0x80,
    0x6, 0x1, 0x80, 0x6, 0x1, 0x80, 0x6, 0x1,
    0x80, 0x6, 0x3, 0x83, 0xfe, 0x3, 0xc3, 0xfe,
    0x7, 0xc0, 0x6, 0x6, 0x60, 0x6, 0xe, 0x70,
    0x6, 0x1c, 0x38, 0x6, 0x38, 0x1e, 0x6, 0x70,
    0x7, 0x6, 0xe0, 0x2, 0x6, 0x0, 0x0, 0x6,
    0x0, 0x0, 0x0, 0x0, 0x3f, 0xe0, 0x1, 0xff,
    0xf8, 0x3, 0xc0, 0x3c, 0x7, 0x0, 0xe, 0x6,
    0x0, 0x6, 0x6, 0x0, 0x7, 0x6, 0x0, 0x6,
    0x7, 0x0, 0xe, 0x3, 0xc0, 0x3c, 0x1, 0xff,
    0xf8, 0x0, 0x3f, 0xe0,

    /* U+C138 "세" */
    0x0, 0x0, 0x6, 0x0, 0x1, 0x8c, 0xc, 0x3,
    0x18, 0x18, 0x6, 0x30, 0x30, 0xc, 0x60, 0x60,
    0x18, 0xc0, 0xc0, 0x31, 0x81, 0x80, 0x63, 0x3,
    0x0, 0xc6, 0x6, 0x1, 0x8c, 0xc, 0x7f, 0x18,
    0x3c, 0xfe, 0x30, 0x78, 0xc, 0x60, 0xf0, 0x18,
    0xc3, 0x30, 0x31, 0x86, 0x60, 0x63, 0x18, 0xe0,
    0xc6, 0x30, 0xc1, 0x8c, 0xc0, 0xc3, 0x1b, 0x1,
    0xc6, 0x3e, 0x1, 0x8c, 0x68, 0x0, 0x18, 0xc0,
    0x0, 0x31, 0x80, 0x0, 0x63, 0x0, 0x0, 0xc6,
    0x0, 0x1, 0x8c, 0x0, 0x3, 0x18, 0x0, 0x0,
    0x30,

    /* U+C18C "소" */
    0x0, 0xc, 0x0, 0x0, 0x3, 0x0, 0x0, 0x0,
    0xc0, 0x0, 0x0, 0x30, 0x0, 0x0, 0x1e, 0x0,
    0x0, 0x7, 0x80, 0x0, 0x3, 0x30, 0x0, 0x1,
    0xce, 0x0, 0x0, 0xe1, 0xc0, 0x0, 0xf0, 0x1c,
    0x0, 0xf0, 0x3, 0xc1, 0xf8, 0x0, 0x3e, 0x38,
    0x0, 0x3, 0x0, 0x3, 0x0, 0x0, 0x0, 0xc0,
    0x0, 0x0, 0x30, 0x0, 0x0, 0xc, 0x0, 0x0,
    0x3, 0x0, 0x0, 0x0, 0xc0, 0x0, 0x0, 0x30,
    0x0, 0xff, 0xff, 0xff, 0xff, 0xff, 0xff, 0xf0,

    /* U+C218 "수" */
    0x0, 0xc, 0x0, 0x0, 0x3, 0x0, 0x0, 0x0,
    0xc0, 0x0, 0x0, 0x78, 0x0, 0x0, 0x3e, 0x0,
    0x0, 0x1c, 0xe0, 0x0, 0xe, 0x1c, 0x0, 0xf,
    0x3, 0xc0, 0x1f, 0x0, 0x3f, 0xf, 0x0, 0x3,
    0xc2, 0x0, 0x0, 0x10, 0x0, 0x0, 0x0, 0x0,
    0x0, 0x0, 0x0, 0x0, 0x0, 0xf, 0xff, 0xff,
    0xff, 0xff, 0xff, 0xff, 0x0, 0xc, 0x0, 0x0,
    0x3, 0x0, 0x0, 0x0, 0xc0, 0x0, 0x0, 0x30,
    0x0, 0x0, 0xc, 0x0, 0x0, 0x3, 0x0, 0x0,
    0x0, 0xc0, 0x0, 0x0, 0x30, 0x0, 0x0, 0xc,
    0x0, 0x0, 0x3, 0x0, 0x0, 0x0, 0xc0, 0x0,

    /* U+C2B5 "습" */
    0x0, 0xc, 0x0, 0x0, 0x3, 0x0, 0x0, 0x1,
    0xe0, 0x0, 0x0, 0x78, 0x0, 0x0, 0x33, 0x0,
    0x0, 0x38, 0x70, 0x0, 0x3c, 0xf, 0x0, 0xfc,
    0x0, 0xfc, 0x3c, 0x0, 0xf, 0x0, 0x0, 0x0,
    0x0, 0x0, 0x0, 0x0, 0x0, 0x0, 0x0, 0xff,
    0xff, 0xff, 0xff, 0xff, 0xff, 0xf0, 0x0, 0x0,
    0x0, 0x30, 0x0, 0x30, 0xc, 0x0, 0xc, 0x3,
    0x0, 0x3, 0x0, 0xc0, 0x0, 0xc0, 0x3f, 0xff,
    0xf0, 0xf, 0xff, 0xfc, 0x3, 0x0, 0x3, 0x0,
    0xc0, 0x0, 0xc0, 0x30, 0x0, 0x30, 0xf, 0xff,
    0xfc, 0x3, 0xff, 0xff, 0x0,

    /* U+C2DD "식" */
    0x0, 0x0, 0x6, 0x1, 0x80, 0xc, 0x3, 0x0,
    0x18, 0x6, 0x0, 0x30, 0xc, 0x0, 0x60, 0x18,
    0x0, 0xc0, 0x30, 0x1, 0x80, 0xf0, 0x3, 0x1,
    0xe0, 0x6, 0x6, 0x60, 0xc, 0x1c, 0x60, 0x18,
    0x70, 0x60, 0x31, 0xc0, 0x70, 0x6f, 0x0, 0x60,
    0xd8, 0x0, 0x1, 0x80, 0x0, 0x3, 0x0, 0x0,
    0x0, 0x0, 0x0, 0x0, 0x1f, 0xff, 0xf8, 0x3f,
    0xff, 0xf0, 0x0, 0x0, 0x60, 0x0, 0x0, 0xc0,
    0x0, 0x1, 0x80, 0x0, 0x3, 0x0, 0x0, 0x6,
    0x0, 0x0, 0xc, 0x0, 0x0, 0x18, 0x0, 0x0,
    0x30,

    /* U+C2E4 "실" */
    0x1, 0x80, 0xc, 0x3, 0x0, 0x18, 0x6, 0x0,
    0x30, 0xc, 0x0, 0x60, 0x38, 0x0, 0xc0, 0x70,
    0x1, 0x80, 0xf0, 0x3, 0x3, 0x70, 0x6, 0xe,
    0x60, 0xc, 0x38, 0x70, 0x18, 0xe0, 0x70, 0x33,
    0x80, 0x78, 0x6e, 0x0, 0x60, 0xc0, 0x0, 0x1,
    0x80, 0x0, 0x0, 0x3, 0xff, 0xfe, 0x7, 0xff,
    0xfc, 0x0, 0x0, 0x18, 0x0, 0x0, 0x30, 0x0,
    0x0, 0x60, 0x7f, 0xff, 0xc0, 0xff, 0xff, 0x81,
    0x80, 0x0, 0x3, 0x0, 0x0, 0x6, 0x0, 0x0,
    0xf, 0xff, 0xfc, 0x1f, 0xff, 0xf8,

    /* U+C544 "아" */
    0x0, 0x0, 0x18, 0x0, 0x0, 0x6, 0x0, 0xfc,
    0x1, 0x80, 0x7f, 0x80, 0x60, 0x38, 0x70, 0x18,
    0x1c, 0xe, 0x6, 0x6, 0x1, 0x81, 0x83, 0x80,
    0x70, 0x60, 0xc0, 0xc, 0x18, 0x30, 0x3, 0x6,
    0xc, 0x0, 0xc1, 0x83, 0x0, 0x30, 0x7f, 0xc0,
    0xc, 0x1f, 0xf0, 0x3, 0x6, 0xc, 0x0, 0xc1,
    0x81, 0x80, 0x60, 0x60, 0x60, 0x18, 0x18, 0x1c,
    0xe, 0x6, 0x3, 0x87, 0x1, 0x80, 0x7f, 0x80,
    0x60, 0x7, 0x80, 0x18, 0x0, 0x0, 0x6, 0x0,
    0x0, 0x1, 0x80, 0x0, 0x0, 0x60, 0x0, 0x0,
    0x18, 0x0, 0x0, 0x6, 0x0, 0x0, 0x1, 0x80,
    0x0, 0x0, 0x60,

    /* U+C54A "않" */
    0x1, 0x0, 0x18, 0xf, 0xf0, 0xc, 0xe, 0x1c,
    0x6, 0xc, 0x3, 0x3, 0xe, 0x1, 0xc1, 0x86,
    0x0, 0x60, 0xc3, 0x0, 0x30, 0x7f, 0x80, 0x18,
    0x3f, 0xc0, 0xc, 0x18, 0x30, 0xc, 0xc, 0x1c,
    0xe, 0x6, 0x7, 0xfe, 0x3, 0x0, 0xfc, 0x1,
    0x80, 0x0, 0x0, 0x0, 0x0, 0x6, 0x0, 0x0,
    0x3, 0x0, 0x30, 0x1, 0x80, 0x18, 0x3f, 0xff,
    0xc, 0x1f, 0xff, 0x86, 0x0, 0x0, 0x3, 0x0,
    0x7e, 0x1, 0x80, 0x7f, 0xc0, 0xc0, 0x70, 0x60,
    0x60, 0x30, 0x18, 0x30, 0x18, 0xc, 0x1f, 0xee,
    0xc, 0xf, 0xf3, 0xfe, 0x0, 0x0, 0xfc, 0x0,

    /* U+C5C6 "없" */
    0x3, 0x80, 0x18, 0x1f, 0xe0, 0x18, 0x38, 0x70,
    0x18, 0x60, 0x18, 0x18, 0xe0, 0xc, 0x18, 0xc0,
    0xc, 0x18, 0xc0, 0xf, 0xf8, 0xc0, 0xf, 0xf8,
    0xc0, 0xc, 0x18, 0x60, 0x1c, 0x18, 0x70, 0x38,
    0x18, 0x3f, 0xf0, 0x18, 0xf, 0xe0, 0x18, 0x0,
    0x0, 0x18, 0x0, 0x0, 0x0, 0x0, 0x0, 0x0,
    0x30, 0x30, 0x60, 0x30, 0x30, 0x60, 0x30, 0x30,
    0x60, 0x30, 0x30, 0x60, 0x3f, 0xf0, 0x60, 0x3f,
    0xf0, 0x60, 0x30, 0x30, 0xf0, 0x30, 0x30, 0xf0,
    0x30, 0x31, 0x98, 0x30, 0x33, 0xc, 0x3f, 0xf7,
    0xf, 0x3f, 0xf6, 0x6,

    /* U+C5EC "여" */
    0x0, 0x0, 0x18, 0x0, 0x0, 0xc3, 0xf0, 0x6,
    0x3f, 0xc0, 0x33, 0x87, 0x1, 0xb8, 0x1c, 0xd,
    0x80, 0x7f, 0xfc, 0x3, 0xff, 0xc0, 0xc, 0x1e,
    0x0, 0x60, 0xf0, 0x3, 0x7, 0x80, 0x18, 0x3c,
    0x0, 0xc1, 0xe0, 0x6, 0xf, 0x0, 0x30, 0x6c,
    0x3, 0xff, 0x60, 0x1f, 0xfb, 0x81, 0xc0, 0xce,
    0x1c, 0x6, 0x3f, 0xc0, 0x30, 0x78, 0x1, 0x80,
    0x0, 0xc, 0x0, 0x0, 0x60, 0x0, 0x3, 0x0,
    0x0, 0x18, 0x0, 0x0, 0xc0, 0x0, 0x6, 0x0,
    0x0, 0x30,

    /* U+C601 "영" */
    0x7, 0xc0, 0x18, 0x7f, 0xc0, 0x63, 0x83, 0x81,
    0x9c, 0x7, 0xfe, 0x60, 0xf, 0xfb, 0x0, 0x18,
    0x6c, 0x0, 0x61, 0xb0, 0x1, 0x86, 0xc0, 0x6,
    0x1b, 0x0, 0x18, 0x6e, 0x0, 0xff, 0x9c, 0x7,
    0xfe, 0x38, 0x38, 0x18, 0x7f, 0xc0, 0x60, 0x7c,
    0x1, 0x80, 0x0, 0x6, 0x0, 0x0, 0x18, 0x1,
    0xfe, 0x0, 0x3f, 0xfe, 0x1, 0xe0, 0x1e, 0xe,
    0x0, 0x18, 0x30, 0x0, 0x70, 0xc0, 0x0, 0xc3,
    0x0, 0x7, 0xe, 0x0, 0x18, 0x1e, 0x1, 0xe0,
    0x3f, 0xfe, 0x0, 0x1f, 0xe0,

    /* U+C608 "예" */
    0x0, 0x0, 0x6, 0x0, 0x1, 0x8c, 0x7e, 0x3,
    0x19, 0xfe, 0x6, 0x37, 0xe, 0xc, 0x6c, 0xc,
    0x18, 0xd8, 0x1f, 0xf1, 0xe0, 0x1f, 0xe3, 0xc0,
    0x30, 0xc7, 0x80, 0x61, 0x8f, 0x0, 0xc3, 0x1e,
    0x1, 0x86, 0x3c, 0x3, 0xc, 0x78, 0x6, 0x18,
    0xf0, 0xc, 0x31, 0xe0, 0x1f, 0xe3, 0x60, 0x7f,
    0xc6, 0xc0, 0xc1, 0x8c, 0xc3, 0x3, 0x19, 0xfe,
    0x6, 0x30, 0xf0, 0xc, 0x60, 0x0, 0x18, 0xc0,
    0x0, 0x31, 0x80, 0x0, 0x63, 0x0, 0x0, 0xc6,
    0x0, 0x1, 0x8c, 0x0, 0x3, 0x18, 0x0, 0x6,
    0x30,

    /* U+C624 "오" */
    0x0, 0x7f, 0x80, 0x0, 0x7f, 0xf8, 0x0, 0x7c,
    0xf, 0x80, 0x1c, 0x0, 0xe0, 0xe, 0x0, 0x1c,
    0x3, 0x0, 0x3, 0x0, 0xc0, 0x0, 0xc0, 0x30,
    0x0, 0x30, 0xc, 0x0, 0xc, 0x3, 0x0, 0x3,
    0x0, 0xe0, 0x1, 0xc0, 0x1e, 0x1, 0xe0, 0x3,
    0xff, 0xf0, 0x0, 0x3f, 0xf0, 0x0, 0x0, 0xc0,
    0x0, 0x0, 0x30, 0x0, 0x0, 0xc, 0x0, 0x0,
    0x3, 0x0, 0x0, 0x0, 0xc0, 0x0, 0x0, 0x30,
    0x0, 0xff, 0xff, 0xff, 0xff, 0xff, 0xff, 0xf0,

    /* U+C694 "요" */
    0x0, 0x7f, 0x80, 0x0, 0x7f, 0xf8, 0x0, 0x7c,
    0xf, 0x80, 0x3c, 0x0, 0xe0, 0xe, 0x0, 0x1c,
    0x3, 0x0, 0x3, 0x0, 0xc0, 0x0, 0xc0, 0x30,
    0x0, 0x30, 0xc, 0x0, 0xc, 0x3, 0x80, 0x7,
    0x0, 0xf0, 0x3, 0x80, 0x1f, 0x3, 0xe0, 0x1,
    0xff, 0xe0, 0x0, 0x7f, 0xf8, 0x0, 0x18, 0x6,
    0x0, 0x6, 0x1, 0x80, 0x1, 0x80, 0x60, 0x0,
    0x60, 0x18, 0x0, 0x18, 0x6, 0x0, 0x6, 0x1,
    0x80, 0xff, 0xff, 0xff, 0xff, 0xff, 0xff, 0xf0,

    /* U+C6A9 "용" */
    0x0, 0x7f, 0x80, 0x0, 0xff, 0xfc, 0x0, 0x78,
    0x7, 0x80, 0x38, 0x0, 0x60, 0xe, 0x0, 0x1c,
    0x3, 0x0, 0x3, 0x0, 0xe0, 0x1, 0xc0, 0x18,
    0x0, 0x60, 0x7, 0x80, 0x78, 0x0, 0xff, 0xfc,
    0x0, 0x1f, 0xfe, 0x0, 0x6, 0x1, 0x80, 0x1,
    0x80, 0x60, 0x0, 0x60, 0x18, 0xf, 0xff, 0xff,
    0xff, 0xff, 0xff, 0xff, 0x0, 0x0, 0x0, 0x0,
    0x1f, 0xe0, 0x0, 0x3f, 0xff, 0x0, 0x1e, 0x1,
    0xe0, 0x6, 0x0, 0x18, 0x3, 0x80, 0x7, 0x0,
    0xc0, 0x0, 0xc0, 0x38, 0x0, 0x70, 0x6, 0x0,
    0x18, 0x1, 0xe0, 0x1e, 0x0, 0x3f, 0xff, 0x0,
    0x1, 0xfe, 0x0,

    /* U+C6D0 "원" */
    0x0, 0x0, 0x6, 0x3, 0xfc, 0x6, 0xf, 0x9f,
    0x6, 0xc, 0x3, 0x6, 0x18, 0x1, 0x86, 0x18,
    0x1, 0x86, 0x18, 0x1, 0x86, 0x1c, 0x3, 0x86,
    0xe, 0x7, 0x6, 0x7, 0xfe, 0x6, 0x3, 0xfc,
    0x6, 0x0, 0x0, 0x6, 0x0, 0x0, 0x6, 0xff,
    0xff, 0xe6, 0x7f, 0xff, 0xe6, 0x0, 0x60, 0x6,
    0x0, 0x60, 0x6, 0x0, 0x61, 0xfe, 0x6, 0x61,
    0xfe, 0x6, 0x60, 0x6, 0x6, 0x60, 0x6, 0x6,
    0x0, 0x6, 0x6, 0x0, 0x0, 0x6, 0x0, 0x0,
    0x6, 0x0, 0x0, 0x7, 0xff, 0xff, 0x7, 0xff,
    0xff,

    /* U+C720 "유" */
    0x0, 0x7f, 0x80, 0x0, 0x7f, 0xf8, 0x0, 0x3c,
    0xf, 0x0, 0x1c, 0x0, 0xe0, 0xe, 0x0, 0x1c,
    0x3, 0x0, 0x3, 0x0, 0xc0, 0x0, 0xc0, 0x30,
    0x0, 0x30, 0xe, 0x0, 0x1c, 0x1, 0xc0, 0xe,
    0x0, 0x7c, 0xf, 0x80, 0x7, 0xff, 0x80, 0x0,
    0x7f, 0x80, 0x0, 0x0, 0x0, 0x0, 0x0, 0x0,
    0x0, 0x0, 0x0, 0x0, 0xff, 0xff, 0xff, 0xff,
    0xff, 0xff, 0xf0, 0x18, 0x6, 0x0, 0x6, 0x1,
    0x80, 0x1, 0x80, 0x60, 0x0, 0x60, 0x18, 0x0,
    0x18, 0x6, 0x0, 0x6, 0x1, 0x80, 0x1, 0x80,
    0x60, 0x0, 0x60, 0x18, 0x0, 0x18, 0x6, 0x0,
    0x6, 0x1, 0x80,

    /* U+C744 "을" */
    0x0, 0x7f, 0xc0, 0x0, 0xff, 0xfc, 0x0, 0x78,
    0x7, 0x80, 0x38, 0x0, 0x70, 0xe, 0x0, 0xc,
    0x3, 0x0, 0x3, 0x0, 0xe0, 0x0, 0xc0, 0x18,
    0x0, 0x60, 0x3, 0x80, 0x70, 0x0, 0x1f, 0xe0,
    0x0, 0x0, 0x0, 0x0, 0x0, 0x0, 0x0, 0xff,
    0xff, 0xff, 0xff, 0xff, 0xff, 0xf0, 0x0, 0x0,
    0x0, 0x0, 0x0, 0x0, 0x0, 0x0, 0x0, 0x3,
    0xff, 0xff, 0x0, 0xff, 0xff, 0xc0, 0x0, 0x0,
    0x30, 0x0, 0x0, 0xc, 0x0, 0x0, 0x3, 0x0,
    0xff, 0xff, 0xc0, 0x30, 0x0, 0x0, 0xc, 0x0,
    0x0, 0x3, 0x0, 0x0, 0x0, 0xff, 0xff, 0xe0,
    0x3f, 0xff, 0xf8,

    /* U+C74C "음" */
    0x0, 0x7f, 0x80, 0x0, 0x7f, 0xf8, 0x0, 0x78,
    0x7, 0x80, 0x18, 0x0, 0x60, 0xe, 0x0, 0x1c,
    0x3, 0x0, 0x3, 0x0, 0xe0, 0x1, 0xc0, 0x18,
    0x0, 0x60, 0x7, 0x80, 0x78, 0x0, 0xff, 0xfc,
    0x0, 0x7, 0xf8, 0x0, 0x0, 0x0, 0x0, 0x0,
    0x0, 0x0, 0x3f, 0xff, 0xff, 0xff, 0xff, 0xff,
    0xfc, 0x0, 0x0, 0x0, 0x0, 0x0, 0x0, 0x0,
    0x0, 0x0, 0x0, 0xff, 0xff, 0xc0, 0x3f, 0xff,
    0xf0, 0xc, 0x0, 0xc, 0x3, 0x0, 0x3, 0x0,
    0xc0, 0x0, 0xc0, 0x30, 0x0, 0x30, 0xc, 0x0,
    0xc, 0x3, 0xff, 0xff, 0x0, 0xff, 0xff, 0xc0,

    /* U+C774 "이" */
    0x0, 0x0, 0xc, 0x0, 0x0, 0x30, 0xfc, 0x0,
    0xc7, 0xf8, 0x3, 0x38, 0x70, 0xd, 0xc0, 0xe0,
    0x36, 0x1, 0x80, 0xf8, 0x7, 0x3, 0xc0, 0xc,
    0xf, 0x0, 0x30, 0x3c, 0x0, 0xc0, 0xf0, 0x3,
    0x3, 0xc0, 0xc, 0xf, 0x0, 0x30, 0x3c, 0x0,
    0xc0, 0xd8, 0x6, 0x3, 0x60, 0x18, 0xd, 0xc0,
    0xe0, 0x33, 0x87, 0x0, 0xc7, 0xf8, 0x3, 0x7,
    0x80, 0xc, 0x0, 0x0, 0x30, 0x0, 0x0, 0xc0,
    0x0, 0x3, 0x0, 0x0, 0xc, 0x0, 0x0, 0x30,
    0x0, 0x0, 0xc0, 0x0, 0x3,

    /* U+C778 "인" */
    0x0, 0x0, 0x18, 0x1f, 0x0, 0x61, 0xff, 0x1,
    0x8e, 0xe, 0x6, 0x60, 0xc, 0x1b, 0x80, 0x38,
    0x6c, 0x0, 0x61, 0xb0, 0x1, 0x86, 0xc0, 0x6,
    0x1b, 0x0, 0x18, 0x6c, 0x0, 0xe1, 0x98, 0x3,
    0x6, 0x70, 0x1c, 0x18, 0xff, 0xe0, 0x60, 0xfe,
    0x1, 0x80, 0x0, 0x6, 0x0, 0x0, 0x18, 0x0,
    0x0, 0x60, 0xc0, 0x1, 0x83, 0x0, 0x6, 0xc,
    0x0, 0x0, 0x30, 0x0, 0x0, 0xc0, 0x0, 0x3,
    0x0, 0x0, 0xc, 0x0, 0x0, 0x3f, 0xff, 0xf0,
    0xff, 0xff, 0xc0,

    /* U+C785 "입" */
    0x0, 0x0, 0x18, 0xff, 0x0, 0xcf, 0x3c, 0x6,
    0xc0, 0x30, 0x3e, 0x1, 0xc1, 0xe0, 0x6, 0xf,
    0x0, 0x30, 0x78, 0x1, 0x83, 0xc0, 0xc, 0x1b,
    0x0, 0xc0, 0xdc, 0xe, 0x6, 0x7f, 0xe0, 0x31,
    0xfc, 0x1, 0x80, 0x0, 0xc, 0x0, 0x0, 0x1,
    0x80, 0x3, 0xc, 0x0, 0x18, 0x60, 0x0, 0xc3,
    0x0, 0x6, 0x18, 0x0, 0x30, 0xff, 0xff, 0x87,
    0xff, 0xfc, 0x30, 0x0, 0x61, 0x80, 0x3, 0xc,
    0x0, 0x18, 0x7f, 0xff, 0xc3, 0xff, 0xfe,

    /* U+C7A5 "장" */
    0x0, 0x0, 0xc, 0x1f, 0xff, 0xc3, 0x7, 0xff,
    0xf0, 0xc0, 0x7, 0x0, 0x30, 0x1, 0xc0, 0xc,
    0x0, 0x70, 0x3, 0x0, 0x1c, 0x0, 0xc0, 0x7,
    0x0, 0x30, 0x3, 0xe0, 0xf, 0xc1, 0xdc, 0x3,
    0xf0, 0x63, 0x80, 0xc0, 0x38, 0x70, 0x30, 0x1c,
    0xe, 0xc, 0x1c, 0x1, 0xe3, 0xe, 0x0, 0x10,
    0xc0, 0x0, 0x0, 0x30, 0x0, 0x0, 0x0, 0x0,
    0x1f, 0xf0, 0x0, 0x1f, 0xff, 0x0, 0x1f, 0x1,
    0xe0, 0x7, 0x0, 0x1c, 0x3, 0x80, 0x3, 0x0,
    0xe0, 0x0, 0xc0, 0x38, 0x0, 0x30, 0x7, 0x0,
    0x1c, 0x1, 0xf0, 0x1e, 0x0, 0x1f, 0xff, 0x0,
    0x1, 0xff, 0x0,

    /* U+C800 "저" */
    0x0, 0x0, 0x6, 0x0, 0x0, 0xd, 0xff, 0xfc,
    0x1b, 0xff, 0xf8, 0x30, 0x1c, 0x0, 0x60, 0x38,
    0x0, 0xc0, 0x70, 0x1, 0x80, 0xe0, 0x3, 0x1,
    0xc0, 0x6, 0x3, 0x80, 0xc, 0x7, 0xf, 0xf8,
    0x1e, 0x1f, 0xf0, 0x36, 0x0, 0x60, 0x6c, 0x0,
    0xc1, 0x9c, 0x1, 0x87, 0x1c, 0x3, 0xc, 0x18,
    0x6, 0x38, 0x38, 0xc, 0xe0, 0x38, 0x1b, 0x80,
    0x3c, 0x3e, 0x0, 0x10, 0x68, 0x0, 0x0, 0xc0,
    0x0, 0x1, 0x80, 0x0, 0x3, 0x0, 0x0, 0x6,
    0x0, 0x0, 0xc, 0x0, 0x0, 0x18, 0x0, 0x0,
    0x30,

    /* U+C81C "제" */
    0x0, 0x0, 0x3, 0x0, 0x0, 0x63, 0x7f, 0xfc,
    0x63, 0x7f, 0xfc, 0x63, 0x1, 0x80, 0x63, 0x1,
    0x80, 0x63, 0x1, 0x80, 0x63, 0x1, 0x80, 0x63,
    0x3, 0x80, 0x63, 0x3, 0x80, 0x63, 0x3, 0x8f,
    0xe3, 0x3, 0x8f, 0xe3, 0x3, 0xc0, 0x63, 0x6,
    0xc0, 0x63, 0x6, 0xc0, 0x63, 0xc, 0x60, 0x63,
    0xc, 0x70, 0x63, 0x18, 0x30, 0x63, 0x38, 0x38,
    0x63, 0x70, 0x1c, 0x63, 0xe0, 0xc, 0x63, 0x40,
    0x0, 0x63, 0x0, 0x0, 0x63, 0x0, 0x0, 0x63,
    0x0, 0x0, 0x63, 0x0, 0x0, 0x63, 0x0, 0x0,
    0x63, 0x0, 0x0, 0x3,

    /* U+C8FC "주" */
    0x1f, 0xff, 0xfe, 0x7, 0xff, 0xff, 0x80, 0x0,
    0xc0, 0x0, 0x0, 0x78, 0x0, 0x0, 0x1e, 0x0,
    0x0, 0xc, 0xc0, 0x0, 0xf, 0x1c, 0x0, 0x7,
    0x3, 0x80, 0xf, 0x80, 0x7c, 0x1f, 0x80, 0x7,
    0xe3, 0x0, 0x0, 0x30, 0x0, 0x0, 0x0, 0x0,
    0x0, 0x0, 0x0, 0x0, 0x0, 0xf, 0xff, 0xff,
    0xff, 0xff, 0xff, 0xff, 0x0, 0xc, 0x0, 0x0,
    0x3, 0x0, 0x0, 0x0, 0xc0, 0x0, 0x0, 0x30,
    0x0, 0x0, 0xc, 0x0, 0x0, 0x3, 0x0, 0x0,
    0x0, 0xc0, 0x0, 0x0, 0x30, 0x0, 0x0, 0xc,
    0x0, 0x0, 0x3, 0x0, 0x0, 0x0, 0xc0, 0x0,

    /* U+C9C0 "지" */
    0x0, 0x0, 0x6, 0x0, 0x0, 0xd, 0xff, 0xfc,
    0x1b, 0xff, 0xf8, 0x30, 0x1c, 0x0, 0x60, 0x38,
    0x0, 0xc0, 0x70, 0x1, 0x80, 0xe0, 0x3, 0x1,
    0xc0, 0x6, 0x3, 0x80, 0xc, 0x7, 0x0, 0x18,
    0x1e, 0x0, 0x30, 0x36, 0x0, 0x60, 0x6c, 0x0,
    0xc1, 0xcc, 0x1, 0x87, 0x1c, 0x3, 0xc, 0x1c,
    0x6, 0x38, 0x18, 0xc, 0xe0, 0x1c, 0x1b, 0x80,
    0x1c, 0x3e, 0x0, 0x10, 0x68, 0x0, 0x0, 0xc0,
    0x0, 0x1, 0x80, 0x0, 0x3, 0x0, 0x0, 0x6,
    0x0, 0x0, 0xc, 0x0, 0x0, 0x18, 0x0, 0x0,
    0x30,

    /* U+C9C4 "진" */
    0x0, 0x0, 0xc, 0xff, 0xfe, 0x19, 0xff, 0xfc,
    0x30, 0xe, 0x0, 0x60, 0x1c, 0x0, 0xc0, 0x38,
    0x1, 0x80, 0x70, 0x3, 0x0, 0xe0, 0x6, 0x3,
    0xe0, 0xc, 0x6, 0xc0, 0x18, 0x1c, 0xc0, 0x30,
    0x70, 0xc0, 0x61, 0xc0, 0xc0, 0xc7, 0x0, 0xe1,
    0x9c, 0x0, 0xc3, 0x30, 0x0, 0x6, 0x0, 0x0,
    0xc, 0x0, 0x0, 0x18, 0x18, 0x0, 0x30, 0x30,
    0x0, 0x60, 0x60, 0x0, 0x0, 0xc0, 0x0, 0x1,
    0x80, 0x0, 0x3, 0x0, 0x0, 0x6, 0x0, 0x0,
    0xf, 0xff, 0xfc, 0x1f, 0xff, 0xf8,

    /* U+CC28 "차" */
    0x0, 0xc0, 0xc, 0x0, 0x18, 0x1, 0x80, 0x3,
    0x0, 0x30, 0x0, 0x60, 0x6, 0x7, 0xff, 0xf8,
    0xc0, 0xff, 0xff, 0x18, 0x0, 0x30, 0x3, 0x0,
    0x6, 0x0, 0x60, 0x0, 0xc0, 0xc, 0x0, 0x18,
    0x1, 0x80, 0x3, 0x0, 0x30, 0x0, 0xf0, 0x6,
    0x0, 0x1e, 0x0, 0xfe, 0x3, 0xc0, 0x1f, 0xc0,
    0xcc, 0x3, 0x0, 0x39, 0xc0, 0x60, 0x6, 0x1c,
    0xc, 0x1, 0x81, 0xc1, 0x80, 0x60, 0x1c, 0x30,
    0x38, 0x1, 0xc6, 0x6, 0x0, 0x8, 0xc0, 0x0,
    0x0, 0x18, 0x0, 0x0, 0x3, 0x0, 0x0, 0x0,
    0x60, 0x0, 0x0, 0xc, 0x0, 0x0, 0x1, 0x80,
    0x0, 0x0, 0x30, 0x0, 0x0, 0x6, 0x0,

    /* U+CC3E "찾" */
    0x1, 0xc0, 0x0, 0x0, 0x70, 0x3, 0x0, 0x1c,
    0x0, 0xc0, 0x7, 0x0, 0x30, 0x7f, 0xff, 0xc,
    0x1f, 0xff, 0xc3, 0x0, 0x1c, 0x0, 0xc0, 0x7,
    0x0, 0x30, 0x1, 0xc0, 0xf, 0xc0, 0xf8, 0x3,
    0xf0, 0x36, 0x0, 0xc0, 0x18, 0xe0, 0x30, 0xe,
    0x1c, 0xc, 0xf, 0x3, 0xc3, 0xf, 0x0, 0x70,
    0xc1, 0x80, 0x4, 0x30, 0x0, 0x0, 0x0, 0x0,
    0x0, 0x0, 0x1, 0xff, 0xff, 0xc0, 0x7f, 0xff,
    0xf0, 0x0, 0x1c, 0x0, 0x0, 0x7, 0x0, 0x0,
    0x3, 0xe0, 0x0, 0x1, 0xdc, 0x0, 0x0, 0xe3,
    0xc0, 0x0, 0xf0, 0x38, 0x1, 0xf0, 0x7, 0xe0,
    0xf0, 0x0, 0x78,

    /* U+CE74 "카" */
    0x0, 0x0, 0x18, 0x0, 0x0, 0x6, 0x7, 0xff,
    0xc1, 0x81, 0xff, 0xf0, 0x60, 0x0, 0xc, 0x18,
    0x0, 0x3, 0x6, 0x0, 0x1, 0xc1, 0x80, 0x0,
    0x60, 0x60, 0x0, 0x18, 0x18, 0x3f, 0xfe, 0x6,
    0xf, 0xff, 0x1, 0x83, 0x1, 0xc0, 0x60, 0x0,
    0x60, 0x1f, 0xc0, 0x38, 0x6, 0x0, 0x1c, 0x1,
    0x80, 0xe, 0x0, 0x60, 0x7, 0x0, 0x18, 0x3,
    0x80, 0x6, 0x3, 0xc0, 0x1, 0x83, 0xe0, 0x0,
    0x60, 0x60, 0x0, 0x18, 0x0, 0x0, 0x6, 0x0,
    0x0, 0x1, 0x80, 0x0, 0x0, 0x60, 0x0, 0x0,
    0x18, 0x0, 0x0, 0x6, 0x0, 0x0, 0x1, 0x80,
    0x0, 0x0, 0x60,

    /* U+D328 "패" */
    0x0, 0x0, 0x3, 0x0, 0x0, 0x63, 0x7f, 0xfc,
    0x63, 0x7f, 0xfc, 0x63, 0x0, 0x0, 0x63, 0x0,
    0x0, 0x63, 0x1c, 0x70, 0x63, 0x1c, 0x70, 0x63,
    0x1c, 0x70, 0x63, 0x1c, 0x70, 0x63, 0x1c, 0x70,
    0x63, 0x1c, 0x70, 0x63, 0x1c, 0x70, 0x7f, 0x1c,
    0x70, 0x7f, 0x1c, 0x70, 0x63, 0x1c, 0x70, 0x63,
    0x1c, 0x70, 0x63, 0x1c, 0x70, 0x63, 0xff, 0xfe,
    0x63, 0xff, 0xfe, 0x63, 0x0, 0x0, 0x63, 0x0,
    0x0, 0x63, 0x0, 0x0, 0x63, 0x0, 0x0, 0x63,
    0x0, 0x0, 0x63, 0x0, 0x0, 0x63, 0x0, 0x0,
    0x63, 0x0, 0x0, 0x3,

    /* U+D3EC "포" */
    0x1f, 0xff, 0xfe, 0x7, 0xff, 0xff, 0x80, 0x0,
    0x0, 0x0, 0x6, 0x1, 0x80, 0x1, 0x80, 0x60,
    0x0, 0x60, 0x18, 0x0, 0x18, 0x6, 0x0, 0x6,
    0x1, 0x80, 0x1, 0x80, 0x60, 0x0, 0x60, 0x18,
    0x0, 0x18, 0x6, 0x0, 0xff, 0xff, 0xfc, 0x3f,
    0xff, 0xff, 0x0, 0x3, 0x0, 0x0, 0x0, 0xc0,
    0x0, 0x0, 0x30, 0x0, 0x0, 0xc, 0x0, 0x0,
    0x3, 0x0, 0x0, 0x0, 0xc0, 0x3, 0xff, 0xff,
    0xff, 0xff, 0xff, 0xff, 0xc0,

    /* U+D558 "하" */
    0x1, 0xc0, 0xc, 0x0, 0x38, 0x1, 0x80, 0x7,
    0x0, 0x30, 0x0, 0xe0, 0x6, 0xf, 0xff, 0xf8,
    0xc1, 0xff, 0xff, 0x18, 0x0, 0x0, 0x3, 0x0,
    0x0, 0x0, 0x60, 0x0, 0x0, 0xc, 0x0, 0xfe,
    0x1, 0x80, 0x7d, 0xf0, 0x30, 0x1c, 0x7, 0x6,
    0x3, 0x0, 0x60, 0xc0, 0xe0, 0xe, 0x1f, 0xdc,
    0x1, 0xc3, 0xfb, 0x80, 0x38, 0x60, 0x30, 0x6,
    0xc, 0x6, 0x1, 0xc1, 0x80, 0x70, 0x70, 0x30,
    0x7, 0xfc, 0x6, 0x0, 0x7f, 0x0, 0xc0, 0x0,
    0x0, 0x18, 0x0, 0x0, 0x3, 0x0, 0x0, 0x0,
    0x60, 0x0, 0x0, 0xc, 0x0, 0x0, 0x1, 0x80,
    0x0, 0x0, 0x30, 0x0, 0x0, 0x6, 0x0,

    /* U+D560 "할" */
    0x1, 0xc0, 0x0, 0x0, 0x70, 0x3, 0x0, 0x1c,
    0x0, 0xc0, 0x7, 0x0, 0x30, 0xff, 0xff, 0x8c,
    0x3f, 0xff, 0xe3, 0x0, 0x0, 0x0, 0xc0, 0xf,
    0x80, 0x30, 0x1f, 0xfc, 0xc, 0xe, 0x3, 0x83,
    0xf3, 0x0, 0x60, 0xfd, 0xc0, 0x1c, 0x30, 0x70,
    0x7, 0xc, 0xc, 0x1, 0x83, 0x3, 0xe3, 0xe0,
    0xc0, 0x3f, 0xe0, 0x30, 0x0, 0x0, 0xc, 0x0,
    0x0, 0x0, 0x0, 0x7f, 0xff, 0xc0, 0x1f, 0xff,
    0xf0, 0x0, 0x0, 0xc, 0x0, 0x0, 0x3, 0x0,
    0x7f, 0xff, 0xc0, 0x1f, 0xff, 0xf0, 0x6, 0x0,
    0x0, 0x1, 0x80, 0x0, 0x0, 0x60, 0x0, 0x0,
    0x1f, 0xff, 0xf8, 0x7, 0xff, 0xfe, 0x0,

    /* U+D574 "해" */
    0x0, 0x0, 0x3, 0x3, 0x80, 0x63, 0x3, 0x80,
    0x63, 0x3, 0x80, 0x63, 0x3, 0x80, 0x63, 0xff,
    0xfe, 0x63, 0xff, 0xfe, 0x63, 0x0, 0x0, 0x63,
    0x0, 0x0, 0x63, 0x7, 0xc0, 0x63, 0x1f, 0xf0,
    0x63, 0x38, 0x38, 0x63, 0x30, 0x18, 0x63, 0x70,
    0xc, 0x7f, 0x60, 0xc, 0x7f, 0x60, 0xc, 0x63,
    0x70, 0xc, 0x63, 0x30, 0x1c, 0x63, 0x38, 0x38,
    0x63, 0x1f, 0xf0, 0x63, 0xf, 0xe0, 0x63, 0x0,
    0x0, 0x63, 0x0, 0x0, 0x63, 0x0, 0x0, 0x63,
    0x0, 0x0, 0x63, 0x0, 0x0, 0x63, 0x0, 0x0,
    0x63, 0x0, 0x0, 0x3,

    /* U+D615 "형" */
    0x1, 0x80, 0x6, 0x3, 0x0, 0xc, 0x6, 0x0,
    0x18, 0xc, 0x0, 0x3f, 0xff, 0xf8, 0x7f, 0xff,
    0xf0, 0xc0, 0x0, 0x1, 0x80, 0x40, 0x3, 0xf,
    0xf8, 0xfe, 0x7e, 0xf9, 0xfc, 0xe0, 0x38, 0x1b,
    0x80, 0x30, 0x37, 0x0, 0x60, 0x66, 0x0, 0xdf,
    0xce, 0x7, 0x3f, 0x8f, 0xfe, 0x3, 0x7, 0xf0,
    0x6, 0x0, 0x0, 0xc, 0x0, 0x0, 0x0, 0x3,
    0xff, 0x0, 0x1f, 0xff, 0x80, 0x78, 0x7, 0x81,
    0xc0, 0x3, 0x83, 0x0, 0x3, 0x6, 0x0, 0x6,
    0xe, 0x0, 0x1c, 0xf, 0x0, 0x70, 0xf, 0xff,
    0xc0, 0x7, 0xfe, 0x0,

    /* U+D654 "화" */
    0x0, 0xe0, 0x6, 0x0, 0x1c, 0x0, 0xc0, 0x3,
    0x80, 0x18, 0x0, 0x70, 0x3, 0x7, 0xff, 0xfc,
    0x60, 0xff, 0xff, 0x8c, 0x0, 0x0, 0x1, 0x80,
    0x1f, 0xc0, 0x30, 0xf, 0xfe, 0x6, 0x3, 0xc1,
    0xe0, 0xc0, 0x60, 0xc, 0x18, 0x1c, 0x1, 0xc3,
    0x3, 0x80, 0x38, 0x7e, 0x30, 0x6, 0xf, 0xc7,
    0x1, 0xc1, 0x80, 0x7d, 0xf0, 0x30, 0x7, 0xfc,
    0x6, 0x0, 0x1c, 0x0, 0xc0, 0x3, 0x80, 0x18,
    0x0, 0x70, 0x3, 0x0, 0xe, 0x0, 0x61, 0xff,
    0xff, 0xcc, 0x3f, 0xff, 0xf9, 0x80, 0x0, 0x0,
    0x30, 0x0, 0x0, 0x6, 0x0, 0x0, 0x0, 0xc0,
    0x0, 0x0, 0x18, 0x0, 0x0, 0x3, 0x0,

    /* U+D655 "확" */
    0x0, 0x60, 0x6, 0x0, 0xc, 0x0, 0xc0, 0x1,
    0x80, 0x18, 0x3f, 0xff, 0xe3, 0x7, 0xff, 0xfc,
    0x60, 0x0, 0x0, 0xc, 0x1, 0xff, 0x1, 0x80,
    0x7d, 0xf8, 0x30, 0x1c, 0x3, 0x6, 0x3, 0x0,
    0x30, 0xc0, 0x60, 0xe, 0x1f, 0x8e, 0x1, 0x83,
    0xf0, 0xff, 0xf0, 0x60, 0xf, 0xf8, 0xc, 0x0,
    0x18, 0x1, 0x80, 0x3, 0x0, 0x30, 0x0, 0x60,
    0x6, 0x1f, 0xff, 0xf8, 0xc0, 0x0, 0x0, 0x18,
    0x0, 0x0, 0x0, 0x0, 0x7f, 0xff, 0xe0, 0xf,
    0xff, 0xfc, 0x0, 0x0, 0x1, 0x80, 0x0, 0x0,
    0x30, 0x0, 0x0, 0x6, 0x0, 0x0, 0x0, 0xc0,
    0x0, 0x0, 0x18, 0x0, 0x0, 0x3, 0x0,

    /* U+F008 "" */
    0xc3, 0xff, 0xff, 0x8f, 0xf, 0xff, 0xfe, 0x3f,
    0xff, 0xff, 0xff, 0xff, 0xe0, 0x0, 0xff, 0xc3,
    0x80, 0x3, 0x8f, 0xe, 0x0, 0xe, 0x3c, 0x38,
    0x0, 0x38, 0xff, 0xe0, 0x0, 0xff, 0xff, 0x80,
    0x3, 0xff, 0xe, 0x0, 0xe, 0x3c, 0x3f, 0xff,
    0xf8, 0xf0, 0xff, 0xff, 0xe3, 0xc3, 0x80, 0x3,
    0x8f, 0xfe, 0x0, 0xf, 0xff, 0xf8, 0x0, 0x3f,
    0xf0, 0xe0, 0x0, 0xe3, 0xc3, 0x80, 0x3, 0x8f,
    0xe, 0x0, 0xe, 0x3f, 0xf8, 0x0, 0x3f, 0xff,
    0xff, 0xff, 0xff, 0xc3, 0xff, 0xff, 0x8f, 0xf,
    0xff, 0xfe, 0x30,

    /* U+F00D "" */
    0x38, 0x0, 0xe3, 0xe0, 0xf, 0xbf, 0x80, 0xff,
    0xfe, 0xf, 0xf7, 0xf8, 0xff, 0x1f, 0xef, 0xf0,
    0x7f, 0xff, 0x1, 0xff, 0xf0, 0x7, 0xff, 0x0,
    0x1f, 0xf0, 0x0, 0xff, 0x80, 0xf, 0xfe, 0x0,
    0xff, 0xf8, 0xf, 0xff, 0xe0, 0xff, 0x7f, 0x8f,
    0xf1, 0xfe, 0xff, 0x7, 0xff, 0xf0, 0x1f, 0xdf,
    0x0, 0x7c, 0x70, 0x1, 0xc0,

    /* U+F021 "" */
    0x0, 0x1f, 0xe0, 0x3c, 0x1, 0xff, 0xe0, 0xf0,
    0x1f, 0xff, 0xe3, 0xc0, 0xff, 0xff, 0xef, 0x7,
    0xf0, 0x3f, 0xfc, 0x3f, 0x0, 0x3f, 0xf1, 0xf0,
    0x0, 0x7f, 0xcf, 0x80, 0x0, 0xff, 0x3e, 0x0,
    0x1, 0xfd, 0xf0, 0x1, 0xff, 0xf7, 0xc0, 0x7,
    0xff, 0xde, 0x0, 0x1f, 0xff, 0x78, 0x0, 0x7f,
    0xfc, 0x0, 0x0, 0x0, 0x0, 0x0, 0x0, 0x0,
    0x0, 0x0, 0x0, 0x0, 0x0, 0x0, 0x0, 0x3,
    0xff, 0xe0, 0x1, 0xef, 0xff, 0x80, 0x7, 0xbf,
    0xfe, 0x0, 0x3e, 0xff, 0xf8, 0x0, 0xf3, 0xf8,
    0x0, 0x7, 0xcf, 0xf0, 0x0, 0x3e, 0x3f, 0xe0,
    0x3, 0xf8, 0xff, 0xf0, 0x3f, 0xc3, 0xdf, 0xff,
    0xfe, 0xf, 0x1f, 0xff, 0xe0, 0x3c, 0x3f, 0xff,
    0x0, 0xf0, 0x1f, 0xe0, 0x3, 0xc0, 0x0, 0x0,
    0x0,

    /* U+F03E "" */
    0x7f, 0xff, 0xff, 0xfb, 0xff, 0xff, 0xff, 0xff,
    0xff, 0xff, 0xff, 0xfe, 0x3f, 0xff, 0xff, 0xe0,
    0x7f, 0xff, 0xff, 0x80, 0xff, 0xff, 0xfe, 0x3,
    0xff, 0x7f, 0xf8, 0x1f, 0xf8, 0xff, 0xf0, 0xff,
    0xc1, 0xff, 0xff, 0xfe, 0x3, 0xff, 0xff, 0xf0,
    0x7, 0xff, 0x9f, 0x80, 0xf, 0xfc, 0x3c, 0x0,
    0x3f, 0xe0, 0x60, 0x0, 0xff, 0x0, 0x0, 0x3,
    0xf8, 0x0, 0x0, 0xf, 0xe0, 0x0, 0x0, 0x3f,
    0x80, 0x0, 0x0, 0xff, 0xff, 0xff, 0xff, 0xff,
    0xff, 0xff, 0xff, 0xff, 0xff, 0xff, 0xfd, 0xff,
    0xff, 0xff, 0xe0,

    /* U+F7C2 "" */
    0x1, 0xff, 0xf8, 0x7, 0xff, 0xf8, 0x1f, 0xff,
    0xf8, 0x7f, 0xff, 0xf1, 0xe3, 0x31, 0xe7, 0xc6,
    0x63, 0xdf, 0x8c, 0xc7, 0xff, 0x19, 0x8f, 0xfe,
    0x33, 0x1f, 0xff, 0xff, 0xff, 0xff, 0xff, 0xff,
    0xff, 0xff, 0xff, 0xff, 0xff, 0xff, 0xff, 0xff,
    0xff, 0xff, 0xff, 0xff, 0xff, 0xff, 0xff, 0xff,
    0xff, 0xff, 0xff, 0xff, 0xff, 0xff, 0xff, 0xff,
    0xff, 0xff, 0xff, 0xff, 0xff, 0xff, 0xff, 0xff,
    0xff, 0xff, 0xff, 0xff, 0xff, 0xff, 0xff, 0xff,
    0xff, 0xff, 0xff, 0xff, 0xff, 0xfb, 0xff, 0xff,
    0xe3, 0xff, 0xff, 0x80,

    /* U+FF1A "：" */
    0xff, 0x80, 0x0, 0x0, 0x1, 0xff,

    /* U+FF1F "？" */
    0xf, 0xc1, 0xff, 0x1e, 0x1c, 0xc0, 0x76, 0x3,
    0x80, 0x1c, 0x0, 0xe0, 0xe, 0x0, 0xe0, 0xe,
    0x0, 0xe0, 0x6, 0x0, 0x70, 0x3, 0x0, 0x18,
    0x0, 0xc0, 0x0, 0x0, 0x0, 0x0, 0x0, 0x0,
    0x0, 0x70, 0x3, 0x80, 0x1c, 0x0
};


/*---------------------
 *  GLYPH DESCRIPTION
 *--------------------*/

static const lv_font_fmt_txt_glyph_dsc_t glyph_dsc[] = {
    {.bitmap_index = 0, .adv_w = 0, .box_w = 0, .box_h = 0, .ofs_x = 0, .ofs_y = 0} /* id = 0 reserved */,
    {.bitmap_index = 0, .adv_w = 130, .box_w = 1, .box_h = 1, .ofs_x = 0, .ofs_y = 0},
    {.bitmap_index = 1, .adv_w = 113, .box_w = 3, .box_h = 22, .ofs_x = 2, .ofs_y = 0},
    {.bitmap_index = 10, .adv_w = 165, .box_w = 7, .box_h = 7, .ofs_x = 2, .ofs_y = 17},
    {.bitmap_index = 17, .adv_w = 310, .box_w = 19, .box_h = 22, .ofs_x = 1, .ofs_y = 0},
    {.bitmap_index = 70, .adv_w = 274, .box_w = 16, .box_h = 31, .ofs_x = 1, .ofs_y = -4},
    {.bitmap_index = 132, .adv_w = 370, .box_w = 22, .box_h = 22, .ofs_x = 1, .ofs_y = 0},
    {.bitmap_index = 193, .adv_w = 339, .box_w = 20, .box_h = 23, .ofs_x = 1, .ofs_y = 0},
    {.bitmap_index = 251, .adv_w = 90, .box_w = 2, .box_h = 7, .ofs_x = 2, .ofs_y = 17},
    {.bitmap_index = 253, .adv_w = 165, .box_w = 8, .box_h = 28, .ofs_x = 2, .ofs_y = -3},
    {.bitmap_index = 281, .adv_w = 165, .box_w = 8, .box_h = 28, .ofs_x = 1, .ofs_y = -3},
    {.bitmap_index = 309, .adv_w = 206, .box_w = 11, .box_h = 11, .ofs_x = 1, .ofs_y = 11},
    {.bitmap_index = 325, .adv_w = 274, .box_w = 14, .box_h = 14, .ofs_x = 2, .ofs_y = 4},
    {.bitmap_index = 350, .adv_w = 116, .box_w = 4, .box_h = 7, .ofs_x = 2, .ofs_y = -4},
    {.bitmap_index = 354, .adv_w = 234, .box_w = 11, .box_h = 2, .ofs_x = 2, .ofs_y = 8},
    {.bitmap_index = 357, .adv_w = 111, .box_w = 3, .box_h = 3, .ofs_x = 2, .ofs_y = 0},
    {.bitmap_index = 359, .adv_w = 187, .box_w = 11, .box_h = 22, .ofs_x = 0, .ofs_y = 0},
    {.bitmap_index = 390, .adv_w = 274, .box_w = 14, .box_h = 22, .ofs_x = 1, .ofs_y = 0},
    {.bitmap_index = 429, .adv_w = 274, .box_w = 9, .box_h = 22, .ofs_x = 2, .ofs_y = 0},
    {.bitmap_index = 454, .adv_w = 274, .box_w = 14, .box_h = 22, .ofs_x = 1, .ofs_y = 0},
    {.bitmap_index = 493, .adv_w = 274, .box_w = 14, .box_h = 22, .ofs_x = 2, .ofs_y = 0},
    {.bitmap_index = 532, .adv_w = 274, .box_w = 16, .box_h = 22, .ofs_x = 1, .ofs_y = 0},
    {.bitmap_index = 576, .adv_w = 274, .box_w = 14, .box_h = 22, .ofs_x = 2, .ofs_y = 0},
    {.bitmap_index = 615, .adv_w = 274, .box_w = 14, .box_h = 22, .ofs_x = 2, .ofs_y = 0},
    {.bitmap_index = 654, .adv_w = 274, .box_w = 14, .box_h = 22, .ofs_x = 2, .ofs_y = 0},
    {.bitmap_index = 693, .adv_w = 274, .box_w = 14, .box_h = 22, .ofs_x = 1, .ofs_y = 0},
    {.bitmap_index = 732, .adv_w = 274, .box_w = 14, .box_h = 22, .ofs_x = 1, .ofs_y = 0},
    {.bitmap_index = 771, .adv_w = 122, .box_w = 3, .box_h = 16, .ofs_x = 2, .ofs_y = 0},
    {.bitmap_index = 777, .adv_w = 127, .box_w = 5, .box_h = 20, .ofs_x = 2, .ofs_y = -4},
    {.bitmap_index = 790, .adv_w = 274, .box_w = 14, .box_h = 14, .ofs_x = 2, .ofs_y = 4},
    {.bitmap_index = 815, .adv_w = 274, .box_w = 14, .box_h = 8, .ofs_x = 2, .ofs_y = 8},
    {.bitmap_index = 829, .adv_w = 274, .box_w = 14, .box_h = 14, .ofs_x = 2, .ofs_y = 4},
    {.bitmap_index = 854, .adv_w = 207, .box_w = 13, .box_h = 23, .ofs_x = 0, .ofs_y = 0},
    {.bitmap_index = 892, .adv_w = 468, .box_w = 27, .box_h = 27, .ofs_x = 2, .ofs_y = -4},
    {.bitmap_index = 984, .adv_w = 319, .box_w = 20, .box_h = 22, .ofs_x = 0, .ofs_y = 0},
    {.bitmap_index = 1039, .adv_w = 312, .box_w = 16, .box_h = 22, .ofs_x = 3, .ofs_y = 0},
    {.bitmap_index = 1083, .adv_w = 312, .box_w = 18, .box_h = 22, .ofs_x = 1, .ofs_y = 0},
    {.bitmap_index = 1133, .adv_w = 343, .box_w = 17, .box_h = 22, .ofs_x = 3, .ofs_y = 0},
    {.bitmap_index = 1180, .adv_w = 286, .box_w = 14, .box_h = 22, .ofs_x = 3, .ofs_y = 0},
    {.bitmap_index = 1219, .adv_w = 271, .box_w = 14, .box_h = 22, .ofs_x = 3, .ofs_y = 0},
    {.bitmap_index = 1258, .adv_w = 336, .box_w = 18, .box_h = 22, .ofs_x = 1, .ofs_y = 0},
    {.bitmap_index = 1308, .adv_w = 358, .box_w = 17, .box_h = 22, .ofs_x = 3, .ofs_y = 0},
    {.bitmap_index = 1355, .adv_w = 126, .box_w = 3, .box_h = 22, .ofs_x = 3, .ofs_y = 0},
    {.bitmap_index = 1364, .adv_w = 219, .box_w = 12, .box_h = 22, .ofs_x = 0, .ofs_y = 0},
    {.bitmap_index = 1397, .adv_w = 325, .box_w = 18, .box_h = 22, .ofs_x = 3, .ofs_y = 0},
    {.bitmap_index = 1447, .adv_w = 272, .box_w = 14, .box_h = 22, .ofs_x = 3, .ofs_y = 0},
    {.bitmap_index = 1486, .adv_w = 415, .box_w = 21, .box_h = 22, .ofs_x = 3, .ofs_y = 0},
    {.bitmap_index = 1544, .adv_w = 355, .box_w = 17, .box_h = 22, .ofs_x = 3, .ofs_y = 0},
    {.bitmap_index = 1591, .adv_w = 366, .box_w = 20, .box_h = 22, .ofs_x = 1, .ofs_y = 0},
    {.bitmap_index = 1646, .adv_w = 285, .box_w = 15, .box_h = 22, .ofs_x = 3, .ofs_y = 0},
    {.bitmap_index = 1688, .adv_w = 366, .box_w = 22, .box_h = 26, .ofs_x = 1, .ofs_y = -4},
    {.bitmap_index = 1760, .adv_w = 308, .box_w = 17, .box_h = 22, .ofs_x = 3, .ofs_y = 0},
    {.bitmap_index = 1807, .adv_w = 275, .box_w = 16, .box_h = 22, .ofs_x = 0, .ofs_y = 0},
    {.bitmap_index = 1851, .adv_w = 273, .box_w = 16, .box_h = 22, .ofs_x = 1, .ofs_y = 0},
    {.bitmap_index = 1895, .adv_w = 351, .box_w = 17, .box_h = 22, .ofs_x = 2, .ofs_y = 0},
    {.bitmap_index = 1942, .adv_w = 316, .box_w = 20, .box_h = 22, .ofs_x = 0, .ofs_y = 0},
    {.bitmap_index = 1997, .adv_w = 464, .box_w = 29, .box_h = 22, .ofs_x = 0, .ofs_y = 0},
    {.bitmap_index = 2077, .adv_w = 316, .box_w = 19, .box_h = 22, .ofs_x = 0, .ofs_y = 0},
    {.bitmap_index = 2130, .adv_w = 296, .box_w = 19, .box_h = 22, .ofs_x = 0, .ofs_y = 0},
    {.bitmap_index = 2183, .adv_w = 276, .box_w = 16, .box_h = 22, .ofs_x = 1, .ofs_y = 0},
    {.bitmap_index = 2227, .adv_w = 165, .box_w = 7, .box_h = 28, .ofs_x = 3, .ofs_y = -3},
    {.bitmap_index = 2252, .adv_w = 187, .box_w = 11, .box_h = 22, .ofs_x = 0, .ofs_y = 0},
    {.bitmap_index = 2283, .adv_w = 165, .box_w = 8, .box_h = 28, .ofs_x = 0, .ofs_y = -3},
    {.bitmap_index = 2311, .adv_w = 227, .box_w = 12, .box_h = 11, .ofs_x = 1, .ofs_y = 11},
    {.bitmap_index = 2328, .adv_w = 199, .box_w = 12, .box_h = 2, .ofs_x = 0, .ofs_y = -5},
    {.bitmap_index = 2331, .adv_w = 145, .box_w = 5, .box_h = 5, .ofs_x = 2, .ofs_y = 18},
    {.bitmap_index = 2335, .adv_w = 262, .box_w = 13, .box_h = 16, .ofs_x = 2, .ofs_y = 0},
    {.bitmap_index = 2361, .adv_w = 291, .box_w = 15, .box_h = 23, .ofs_x = 2, .ofs_y = 0},
    {.bitmap_index = 2405, .adv_w = 237, .box_w = 13, .box_h = 16, .ofs_x = 1, .ofs_y = 0},
    {.bitmap_index = 2431, .adv_w = 291, .box_w = 15, .box_h = 23, .ofs_x = 1, .ofs_y = 0},
    {.bitmap_index = 2475, .adv_w = 263, .box_w = 14, .box_h = 16, .ofs_x = 1, .ofs_y = 0},
    {.bitmap_index = 2503, .adv_w = 165, .box_w = 10, .box_h = 23, .ofs_x = 1, .ofs_y = 0},
    {.bitmap_index = 2532, .adv_w = 291, .box_w = 15, .box_h = 23, .ofs_x = 1, .ofs_y = -7},
    {.bitmap_index = 2576, .adv_w = 278, .box_w = 13, .box_h = 23, .ofs_x = 2, .ofs_y = 0},
    {.bitmap_index = 2614, .adv_w = 116, .box_w = 3, .box_h = 22, .ofs_x = 2, .ofs_y = 0},
    {.bitmap_index = 2623, .adv_w = 115, .box_w = 8, .box_h = 29, .ofs_x = -3, .ofs_y = -7},
    {.bitmap_index = 2652, .adv_w = 251, .box_w = 14, .box_h = 23, .ofs_x = 2, .ofs_y = 0},
    {.bitmap_index = 2693, .adv_w = 115, .box_w = 3, .box_h = 23, .ofs_x = 2, .ofs_y = 0},
    {.bitmap_index = 2702, .adv_w = 410, .box_w = 21, .box_h = 16, .ofs_x = 2, .ofs_y = 0},
    {.bitmap_index = 2744, .adv_w = 278, .box_w = 13, .box_h = 16, .ofs_x = 2, .ofs_y = 0},
    {.bitmap_index = 2770, .adv_w = 284, .box_w = 15, .box_h = 16, .ofs_x = 1, .ofs_y = 0},
    {.bitmap_index = 2800, .adv_w = 291, .box_w = 15, .box_h = 23, .ofs_x = 2, .ofs_y = -7},
    {.bitmap_index = 2844, .adv_w = 291, .box_w = 15, .box_h = 23, .ofs_x = 1, .ofs_y = -7},
    {.bitmap_index = 2888, .adv_w = 180, .box_w = 9, .box_h = 16, .ofs_x = 2, .ofs_y = 0},
    {.bitmap_index = 2906, .adv_w = 218, .box_w = 13, .box_h = 16, .ofs_x = 0, .ofs_y = 0},
    {.bitmap_index = 2932, .adv_w = 177, .box_w = 11, .box_h = 21, .ofs_x = 1, .ofs_y = 0},
    {.bitmap_index = 2961, .adv_w = 279, .box_w = 13, .box_h = 16, .ofs_x = 2, .ofs_y = 0},
    {.bitmap_index = 2987, .adv_w = 247, .box_w = 15, .box_h = 16, .ofs_x = 0, .ofs_y = 0},
    {.bitmap_index = 3017, .adv_w = 374, .box_w = 23, .box_h = 16, .ofs_x = 0, .ofs_y = 0},
    {.bitmap_index = 3063, .adv_w = 239, .box_w = 15, .box_h = 16, .ofs_x = 0, .ofs_y = 0},
    {.bitmap_index = 3093, .adv_w = 250, .box_w = 15, .box_h = 23, .ofs_x = 0, .ofs_y = -7},
    {.bitmap_index = 3137, .adv_w = 228, .box_w = 12, .box_h = 16, .ofs_x = 1, .ofs_y = 0},
    {.bitmap_index = 3161, .adv_w = 177, .box_w = 9, .box_h = 28, .ofs_x = 1, .ofs_y = -3},
    {.bitmap_index = 3193, .adv_w = 88, .box_w = 3, .box_h = 28, .ofs_x = 2, .ofs_y = -3},
    {.bitmap_index = 3204, .adv_w = 177, .box_w = 10, .box_h = 28, .ofs_x = 0, .ofs_y = -3},
    {.bitmap_index = 3239, .adv_w = 274, .box_w = 14, .box_h = 5, .ofs_x = 2, .ofs_y = 8},
    {.bitmap_index = 3248, .adv_w = 207, .box_w = 13, .box_h = 23, .ofs_x = 1, .ofs_y = -7},
    {.bitmap_index = 3286, .adv_w = 286, .box_w = 14, .box_h = 28, .ofs_x = 3, .ofs_y = 0},
    {.bitmap_index = 3335, .adv_w = 262, .box_w = 13, .box_h = 22, .ofs_x = 2, .ofs_y = 0},
    {.bitmap_index = 3371, .adv_w = 237, .box_w = 13, .box_h = 23, .ofs_x = 1, .ofs_y = -7},
    {.bitmap_index = 3409, .adv_w = 263, .box_w = 14, .box_h = 22, .ofs_x = 1, .ofs_y = 0},
    {.bitmap_index = 3448, .adv_w = 115, .box_w = 6, .box_h = 22, .ofs_x = -1, .ofs_y = 0},
    {.bitmap_index = 3465, .adv_w = 115, .box_w = 6, .box_h = 22, .ofs_x = 2, .ofs_y = 0},
    {.bitmap_index = 3482, .adv_w = 284, .box_w = 15, .box_h = 22, .ofs_x = 1, .ofs_y = 0},
    {.bitmap_index = 3524, .adv_w = 284, .box_w = 15, .box_h = 22, .ofs_x = 1, .ofs_y = 0},
    {.bitmap_index = 3566, .adv_w = 278, .box_w = 13, .box_h = 22, .ofs_x = 2, .ofs_y = 0},
    {.bitmap_index = 3602, .adv_w = 262, .box_w = 15, .box_h = 23, .ofs_x = 2, .ofs_y = -7},
    {.bitmap_index = 3646, .adv_w = 237, .box_w = 13, .box_h = 22, .ofs_x = 1, .ofs_y = 0},
    {.bitmap_index = 3682, .adv_w = 263, .box_w = 14, .box_h = 23, .ofs_x = 1, .ofs_y = -7},
    {.bitmap_index = 3723, .adv_w = 291, .box_w = 15, .box_h = 29, .ofs_x = 1, .ofs_y = -7},
    {.bitmap_index = 3778, .adv_w = 115, .box_w = 3, .box_h = 16, .ofs_x = 2, .ofs_y = 0},
    {.bitmap_index = 3784, .adv_w = 124, .box_w = 7, .box_h = 23, .ofs_x = 1, .ofs_y = 0},
    {.bitmap_index = 3805, .adv_w = 218, .box_w = 13, .box_h = 22, .ofs_x = 0, .ofs_y = 0},
    {.bitmap_index = 3841, .adv_w = 218, .box_w = 13, .box_h = 23, .ofs_x = 0, .ofs_y = -7},
    {.bitmap_index = 3879, .adv_w = 228, .box_w = 12, .box_h = 22, .ofs_x = 1, .ofs_y = 0},
    {.bitmap_index = 3912, .adv_w = 312, .box_w = 16, .box_h = 22, .ofs_x = 3, .ofs_y = 0},
    {.bitmap_index = 3956, .adv_w = 372, .box_w = 22, .box_h = 27, .ofs_x = 1, .ofs_y = -5},
    {.bitmap_index = 4031, .adv_w = 279, .box_w = 16, .box_h = 22, .ofs_x = 0, .ofs_y = 0},
    {.bitmap_index = 4075, .adv_w = 318, .box_w = 17, .box_h = 22, .ofs_x = 3, .ofs_y = 0},
    {.bitmap_index = 4122, .adv_w = 358, .box_w = 17, .box_h = 22, .ofs_x = 3, .ofs_y = 0},
    {.bitmap_index = 4169, .adv_w = 366, .box_w = 20, .box_h = 22, .ofs_x = 1, .ofs_y = 0},
    {.bitmap_index = 4224, .adv_w = 356, .box_w = 17, .box_h = 22, .ofs_x = 3, .ofs_y = 0},
    {.bitmap_index = 4271, .adv_w = 312, .box_w = 18, .box_h = 22, .ofs_x = 1, .ofs_y = 0},
    {.bitmap_index = 4321, .adv_w = 296, .box_w = 18, .box_h = 22, .ofs_x = 0, .ofs_y = 0},
    {.bitmap_index = 4371, .adv_w = 384, .box_w = 22, .box_h = 22, .ofs_x = 1, .ofs_y = 0},
    {.bitmap_index = 4432, .adv_w = 262, .box_w = 13, .box_h = 16, .ofs_x = 2, .ofs_y = 0},
    {.bitmap_index = 4458, .adv_w = 285, .box_w = 15, .box_h = 23, .ofs_x = 1, .ofs_y = 0},
    {.bitmap_index = 4502, .adv_w = 253, .box_w = 13, .box_h = 16, .ofs_x = 2, .ofs_y = 0},
    {.bitmap_index = 4528, .adv_w = 208, .box_w = 11, .box_h = 16, .ofs_x = 2, .ofs_y = 0},
    {.bitmap_index = 4550, .adv_w = 299, .box_w = 17, .box_h = 21, .ofs_x = 1, .ofs_y = -5},
    {.bitmap_index = 4595, .adv_w = 263, .box_w = 14, .box_h = 16, .ofs_x = 1, .ofs_y = 0},
    {.bitmap_index = 4623, .adv_w = 355, .box_w = 23, .box_h = 16, .ofs_x = 0, .ofs_y = 0},
    {.bitmap_index = 4669, .adv_w = 282, .box_w = 13, .box_h = 16, .ofs_x = 2, .ofs_y = 0},
    {.bitmap_index = 4695, .adv_w = 282, .box_w = 13, .box_h = 22, .ofs_x = 2, .ofs_y = 0},
    {.bitmap_index = 4731, .adv_w = 251, .box_w = 14, .box_h = 16, .ofs_x = 2, .ofs_y = 0},
    {.bitmap_index = 4759, .adv_w = 269, .box_w = 14, .box_h = 16, .ofs_x = 1, .ofs_y = 0},
    {.bitmap_index = 4787, .adv_w = 336, .box_w = 17, .box_h = 16, .ofs_x = 2, .ofs_y = 0},
    {.bitmap_index = 4821, .adv_w = 281, .box_w = 13, .box_h = 16, .ofs_x = 2, .ofs_y = 0},
    {.bitmap_index = 4847, .adv_w = 284, .box_w = 15, .box_h = 16, .ofs_x = 1, .ofs_y = 0},
    {.bitmap_index = 4877, .adv_w = 281, .box_w = 13, .box_h = 16, .ofs_x = 2, .ofs_y = 0},
    {.bitmap_index = 4903, .adv_w = 291, .box_w = 15, .box_h = 23, .ofs_x = 2, .ofs_y = -7},
    {.bitmap_index = 4947, .adv_w = 237, .box_w = 13, .box_h = 16, .ofs_x = 1, .ofs_y = 0},
    {.bitmap_index = 4973, .adv_w = 221, .box_w = 13, .box_h = 16, .ofs_x = 1, .ofs_y = 0},
    {.bitmap_index = 4999, .adv_w = 250, .box_w = 15, .box_h = 23, .ofs_x = 0, .ofs_y = -7},
    {.bitmap_index = 5043, .adv_w = 352, .box_w = 19, .box_h = 28, .ofs_x = 1, .ofs_y = -7},
    {.bitmap_index = 5110, .adv_w = 380, .box_w = 19, .box_h = 16, .ofs_x = 2, .ofs_y = 0},
    {.bitmap_index = 5148, .adv_w = 353, .box_w = 18, .box_h = 16, .ofs_x = 2, .ofs_y = 0},
    {.bitmap_index = 5184, .adv_w = 246, .box_w = 12, .box_h = 16, .ofs_x = 2, .ofs_y = 0},
    {.bitmap_index = 5208, .adv_w = 237, .box_w = 13, .box_h = 16, .ofs_x = 1, .ofs_y = 0},
    {.bitmap_index = 5234, .adv_w = 255, .box_w = 14, .box_h = 16, .ofs_x = 0, .ofs_y = 0},
    {.bitmap_index = 5262, .adv_w = 480, .box_w = 24, .box_h = 20, .ofs_x = 3, .ofs_y = 1},
    {.bitmap_index = 5322, .adv_w = 480, .box_w = 24, .box_h = 26, .ofs_x = 3, .ofs_y = -2},
    {.bitmap_index = 5400, .adv_w = 480, .box_w = 25, .box_h = 25, .ofs_x = 3, .ofs_y = -2},
    {.bitmap_index = 5479, .adv_w = 480, .box_w = 27, .box_h = 26, .ofs_x = 3, .ofs_y = -2},
    {.bitmap_index = 5567, .adv_w = 480, .box_w = 23, .box_h = 25, .ofs_x = 3, .ofs_y = -2},
    {.bitmap_index = 5639, .adv_w = 480, .box_w = 18, .box_h = 27, .ofs_x = 6, .ofs_y = -3},
    {.bitmap_index = 5700, .adv_w = 480, .box_w = 21, .box_h = 22, .ofs_x = 5, .ofs_y = -1},
    {.bitmap_index = 5758, .adv_w = 480, .box_w = 24, .box_h = 22, .ofs_x = 5, .ofs_y = -1},
    {.bitmap_index = 5824, .adv_w = 480, .box_w = 23, .box_h = 25, .ofs_x = 4, .ofs_y = -2},
    {.bitmap_index = 5896, .adv_w = 480, .box_w = 19, .box_h = 24, .ofs_x = 6, .ofs_y = -2},
    {.bitmap_index = 5953, .adv_w = 480, .box_w = 24, .box_h = 26, .ofs_x = 3, .ofs_y = -2},
    {.bitmap_index = 6031, .adv_w = 480, .box_w = 25, .box_h = 25, .ofs_x = 2, .ofs_y = -2},
    {.bitmap_index = 6110, .adv_w = 480, .box_w = 24, .box_h = 27, .ofs_x = 3, .ofs_y = -3},
    {.bitmap_index = 6191, .adv_w = 480, .box_w = 27, .box_h = 28, .ofs_x = 3, .ofs_y = -3},
    {.bitmap_index = 6286, .adv_w = 480, .box_w = 25, .box_h = 21, .ofs_x = 3, .ofs_y = -2},
    {.bitmap_index = 6352, .adv_w = 480, .box_w = 23, .box_h = 23, .ofs_x = 3, .ofs_y = -2},
    {.bitmap_index = 6419, .adv_w = 480, .box_w = 24, .box_h = 22, .ofs_x = 3, .ofs_y = -1},
    {.bitmap_index = 6485, .adv_w = 480, .box_w = 24, .box_h = 25, .ofs_x = 4, .ofs_y = -2},
    {.bitmap_index = 6560, .adv_w = 480, .box_w = 21, .box_h = 25, .ofs_x = 5, .ofs_y = -2},
    {.bitmap_index = 6626, .adv_w = 480, .box_w = 25, .box_h = 24, .ofs_x = 2, .ofs_y = -2},
    {.bitmap_index = 6701, .adv_w = 480, .box_w = 17, .box_h = 27, .ofs_x = 6, .ofs_y = -3},
    {.bitmap_index = 6759, .adv_w = 480, .box_w = 23, .box_h = 24, .ofs_x = 4, .ofs_y = -2},
    {.bitmap_index = 6828, .adv_w = 480, .box_w = 27, .box_h = 25, .ofs_x = 1, .ofs_y = -2},
    {.bitmap_index = 6913, .adv_w = 480, .box_w = 24, .box_h = 27, .ofs_x = 3, .ofs_y = -2},
    {.bitmap_index = 6994, .adv_w = 480, .box_w = 25, .box_h = 25, .ofs_x = 3, .ofs_y = -2},
    {.bitmap_index = 7073, .adv_w = 480, .box_w = 20, .box_h = 21, .ofs_x = 5, .ofs_y = -2},
    {.bitmap_index = 7126, .adv_w = 480, .box_w = 25, .box_h = 25, .ofs_x = 2, .ofs_y = -2},
    {.bitmap_index = 7205, .adv_w = 480, .box_w = 21, .box_h = 27, .ofs_x = 4, .ofs_y = -3},
    {.bitmap_index = 7276, .adv_w = 480, .box_w = 25, .box_h = 25, .ofs_x = 2, .ofs_y = -2},
    {.bitmap_index = 7355, .adv_w = 480, .box_w = 26, .box_h = 25, .ofs_x = 3, .ofs_y = -1},
    {.bitmap_index = 7437, .adv_w = 480, .box_w = 24, .box_h = 23, .ofs_x = 3, .ofs_y = -1},
    {.bitmap_index = 7506, .adv_w = 480, .box_w = 20, .box_h = 20, .ofs_x = 4, .ofs_y = -2},
    {.bitmap_index = 7556, .adv_w = 480, .box_w = 26, .box_h = 27, .ofs_x = 3, .ofs_y = -1},
    {.bitmap_index = 7644, .adv_w = 480, .box_w = 17, .box_h = 25, .ofs_x = 8, .ofs_y = -2},
    {.bitmap_index = 7698, .adv_w = 480, .box_w = 18, .box_h = 25, .ofs_x = 8, .ofs_y = -2},
    {.bitmap_index = 7755, .adv_w = 480, .box_w = 21, .box_h = 26, .ofs_x = 5, .ofs_y = -1},
    {.bitmap_index = 7824, .adv_w = 480, .box_w = 22, .box_h = 22, .ofs_x = 4, .ofs_y = -1},
    {.bitmap_index = 7885, .adv_w = 480, .box_w = 26, .box_h = 26, .ofs_x = 3, .ofs_y = -1},
    {.bitmap_index = 7970, .adv_w = 480, .box_w = 24, .box_h = 21, .ofs_x = 3, .ofs_y = -1},
    {.bitmap_index = 8033, .adv_w = 480, .box_w = 20, .box_h = 23, .ofs_x = 5, .ofs_y = -1},
    {.bitmap_index = 8091, .adv_w = 480, .box_w = 25, .box_h = 2, .ofs_x = 2, .ofs_y = 10},
    {.bitmap_index = 8098, .adv_w = 480, .box_w = 29, .box_h = 27, .ofs_x = 0, .ofs_y = -2},
    {.bitmap_index = 8196, .adv_w = 480, .box_w = 28, .box_h = 27, .ofs_x = 1, .ofs_y = -2},
    {.bitmap_index = 8291, .adv_w = 480, .box_w = 27, .box_h = 27, .ofs_x = 1, .ofs_y = -2},
    {.bitmap_index = 8383, .adv_w = 480, .box_w = 27, .box_h = 27, .ofs_x = 2, .ofs_y = -2},
    {.bitmap_index = 8475, .adv_w = 480, .box_w = 29, .box_h = 27, .ofs_x = 0, .ofs_y = -2},
    {.bitmap_index = 8573, .adv_w = 480, .box_w = 28, .box_h = 25, .ofs_x = 1, .ofs_y = -1},
    {.bitmap_index = 8661, .adv_w = 480, .box_w = 24, .box_h = 25, .ofs_x = 2, .ofs_y = -2},
    {.bitmap_index = 8736, .adv_w = 480, .box_w = 23, .box_h = 27, .ofs_x = 4, .ofs_y = -2},
    {.bitmap_index = 8814, .adv_w = 480, .box_w = 25, .box_h = 27, .ofs_x = 2, .ofs_y = -2},
    {.bitmap_index = 8899, .adv_w = 480, .box_w = 26, .box_h = 27, .ofs_x = 2, .ofs_y = -2},
    {.bitmap_index = 8987, .adv_w = 480, .box_w = 25, .box_h = 26, .ofs_x = 2, .ofs_y = -2},
    {.bitmap_index = 9069, .adv_w = 480, .box_w = 25, .box_h = 27, .ofs_x = 2, .ofs_y = -2},
    {.bitmap_index = 9154, .adv_w = 480, .box_w = 27, .box_h = 28, .ofs_x = 1, .ofs_y = -3},
    {.bitmap_index = 9249, .adv_w = 480, .box_w = 26, .box_h = 27, .ofs_x = 2, .ofs_y = -2},
    {.bitmap_index = 9337, .adv_w = 480, .box_w = 27, .box_h = 26, .ofs_x = 1, .ofs_y = -2},
    {.bitmap_index = 9425, .adv_w = 480, .box_w = 27, .box_h = 27, .ofs_x = 1, .ofs_y = -2},
    {.bitmap_index = 9517, .adv_w = 480, .box_w = 27, .box_h = 25, .ofs_x = 2, .ofs_y = -2},
    {.bitmap_index = 9602, .adv_w = 480, .box_w = 27, .box_h = 27, .ofs_x = 1, .ofs_y = -2},
    {.bitmap_index = 9694, .adv_w = 480, .box_w = 25, .box_h = 25, .ofs_x = 3, .ofs_y = -2},
    {.bitmap_index = 9773, .adv_w = 480, .box_w = 26, .box_h = 25, .ofs_x = 2, .ofs_y = -2},
    {.bitmap_index = 9855, .adv_w = 480, .box_w = 25, .box_h = 25, .ofs_x = 3, .ofs_y = -2},
    {.bitmap_index = 9934, .adv_w = 480, .box_w = 27, .box_h = 27, .ofs_x = 2, .ofs_y = -2},
    {.bitmap_index = 10026, .adv_w = 480, .box_w = 28, .box_h = 27, .ofs_x = 1, .ofs_y = -2},
    {.bitmap_index = 10121, .adv_w = 480, .box_w = 25, .box_h = 25, .ofs_x = 3, .ofs_y = -2},
    {.bitmap_index = 10200, .adv_w = 480, .box_w = 26, .box_h = 27, .ofs_x = 2, .ofs_y = -2},
    {.bitmap_index = 10288, .adv_w = 480, .box_w = 27, .box_h = 26, .ofs_x = 2, .ofs_y = -2},
    {.bitmap_index = 10376, .adv_w = 480, .box_w = 27, .box_h = 26, .ofs_x = 2, .ofs_y = -3},
    {.bitmap_index = 10464, .adv_w = 480, .box_w = 26, .box_h = 26, .ofs_x = 2, .ofs_y = -2},
    {.bitmap_index = 10549, .adv_w = 480, .box_w = 27, .box_h = 27, .ofs_x = 1, .ofs_y = -2},
    {.bitmap_index = 10641, .adv_w = 480, .box_w = 27, .box_h = 27, .ofs_x = 1, .ofs_y = -2},
    {.bitmap_index = 10733, .adv_w = 480, .box_w = 28, .box_h = 27, .ofs_x = 1, .ofs_y = -2},
    {.bitmap_index = 10828, .adv_w = 480, .box_w = 27, .box_h = 27, .ofs_x = 1, .ofs_y = -2},
    {.bitmap_index = 10920, .adv_w = 480, .box_w = 28, .box_h = 27, .ofs_x = 1, .ofs_y = -2},
    {.bitmap_index = 11015, .adv_w = 480, .box_w = 27, .box_h = 27, .ofs_x = 1, .ofs_y = -2},
    {.bitmap_index = 11107, .adv_w = 480, .box_w = 27, .box_h = 27, .ofs_x = 1, .ofs_y = -2},
    {.bitmap_index = 11199, .adv_w = 480, .box_w = 28, .box_h = 27, .ofs_x = 1, .ofs_y = -2},
    {.bitmap_index = 11294, .adv_w = 480, .box_w = 26, .box_h = 27, .ofs_x = 2, .ofs_y = -2},
    {.bitmap_index = 11382, .adv_w = 480, .box_w = 28, .box_h = 27, .ofs_x = 1, .ofs_y = -2},
    {.bitmap_index = 11477, .adv_w = 480, .box_w = 27, .box_h = 27, .ofs_x = 1, .ofs_y = -3},
    {.bitmap_index = 11569, .adv_w = 480, .box_w = 28, .box_h = 27, .ofs_x = 1, .ofs_y = -2},
    {.bitmap_index = 11664, .adv_w = 480, .box_w = 27, .box_h = 26, .ofs_x = 1, .ofs_y = -1},
    {.bitmap_index = 11752, .adv_w = 480, .box_w = 28, .box_h = 27, .ofs_x = 1, .ofs_y = -2},
    {.bitmap_index = 11847, .adv_w = 480, .box_w = 28, .box_h = 27, .ofs_x = 1, .ofs_y = -2},
    {.bitmap_index = 11942, .adv_w = 480, .box_w = 28, .box_h = 27, .ofs_x = 1, .ofs_y = -2},
    {.bitmap_index = 12037, .adv_w = 480, .box_w = 29, .box_h = 27, .ofs_x = 1, .ofs_y = -2},
    {.bitmap_index = 12135, .adv_w = 480, .box_w = 27, .box_h = 27, .ofs_x = 2, .ofs_y = -2},
    {.bitmap_index = 12227, .adv_w = 480, .box_w = 27, .box_h = 27, .ofs_x = 1, .ofs_y = -2},
    {.bitmap_index = 12319, .adv_w = 480, .box_w = 26, .box_h = 26, .ofs_x = 1, .ofs_y = -2},
    {.bitmap_index = 12404, .adv_w = 480, .box_w = 28, .box_h = 27, .ofs_x = 1, .ofs_y = -2},
    {.bitmap_index = 12499, .adv_w = 480, .box_w = 26, .box_h = 26, .ofs_x = 1, .ofs_y = -2},
    {.bitmap_index = 12584, .adv_w = 480, .box_w = 26, .box_h = 27, .ofs_x = 2, .ofs_y = -3},
    {.bitmap_index = 12672, .adv_w = 480, .box_w = 25, .box_h = 27, .ofs_x = 2, .ofs_y = -2},
    {.bitmap_index = 12757, .adv_w = 480, .box_w = 25, .box_h = 26, .ofs_x = 2, .ofs_y = -3},
    {.bitmap_index = 12839, .adv_w = 480, .box_w = 27, .box_h = 25, .ofs_x = 1, .ofs_y = -2},
    {.bitmap_index = 12924, .adv_w = 480, .box_w = 24, .box_h = 27, .ofs_x = 3, .ofs_y = -2},
    {.bitmap_index = 13005, .adv_w = 480, .box_w = 20, .box_h = 25, .ofs_x = 5, .ofs_y = -2},
    {.bitmap_index = 13068, .adv_w = 480, .box_w = 28, .box_h = 27, .ofs_x = 0, .ofs_y = -2},
    {.bitmap_index = 13163, .adv_w = 480, .box_w = 27, .box_h = 28, .ofs_x = 1, .ofs_y = -3},
    {.bitmap_index = 13258, .adv_w = 480, .box_w = 27, .box_h = 28, .ofs_x = 1, .ofs_y = -2},
    {.bitmap_index = 13353, .adv_w = 480, .box_w = 27, .box_h = 27, .ofs_x = 1, .ofs_y = -2},
    {.bitmap_index = 13445, .adv_w = 480, .box_w = 25, .box_h = 27, .ofs_x = 2, .ofs_y = -1},
    {.bitmap_index = 13530, .adv_w = 480, .box_w = 27, .box_h = 26, .ofs_x = 1, .ofs_y = -2},
    {.bitmap_index = 13618, .adv_w = 480, .box_w = 27, .box_h = 27, .ofs_x = 2, .ofs_y = -3},
    {.bitmap_index = 13710, .adv_w = 480, .box_w = 28, .box_h = 28, .ofs_x = 1, .ofs_y = -2},
    {.bitmap_index = 13808, .adv_w = 480, .box_w = 27, .box_h = 27, .ofs_x = 2, .ofs_y = -2},
    {.bitmap_index = 13900, .adv_w = 480, .box_w = 27, .box_h = 27, .ofs_x = 2, .ofs_y = -2},
    {.bitmap_index = 13992, .adv_w = 480, .box_w = 28, .box_h = 27, .ofs_x = 1, .ofs_y = -2},
    {.bitmap_index = 14087, .adv_w = 480, .box_w = 28, .box_h = 26, .ofs_x = 2, .ofs_y = -2},
    {.bitmap_index = 14178, .adv_w = 480, .box_w = 28, .box_h = 27, .ofs_x = 1, .ofs_y = -2},
    {.bitmap_index = 14273, .adv_w = 480, .box_w = 28, .box_h = 27, .ofs_x = 1, .ofs_y = -2},
    {.bitmap_index = 14368, .adv_w = 480, .box_w = 28, .box_h = 28, .ofs_x = 1, .ofs_y = -3},
    {.bitmap_index = 14466, .adv_w = 480, .box_w = 28, .box_h = 28, .ofs_x = 1, .ofs_y = -2},
    {.bitmap_index = 14564, .adv_w = 480, .box_w = 28, .box_h = 27, .ofs_x = 1, .ofs_y = -1},
    {.bitmap_index = 14659, .adv_w = 480, .box_w = 27, .box_h = 27, .ofs_x = 2, .ofs_y = -2},
    {.bitmap_index = 14751, .adv_w = 480, .box_w = 28, .box_h = 27, .ofs_x = 1, .ofs_y = -2},
    {.bitmap_index = 14846, .adv_w = 480, .box_w = 28, .box_h = 28, .ofs_x = 1, .ofs_y = -2},
    {.bitmap_index = 14944, .adv_w = 480, .box_w = 24, .box_h = 26, .ofs_x = 3, .ofs_y = -2},
    {.bitmap_index = 15022, .adv_w = 480, .box_w = 26, .box_h = 27, .ofs_x = 3, .ofs_y = -2},
    {.bitmap_index = 15110, .adv_w = 480, .box_w = 28, .box_h = 28, .ofs_x = 1, .ofs_y = -2},
    {.bitmap_index = 15208, .adv_w = 480, .box_w = 26, .box_h = 28, .ofs_x = 3, .ofs_y = -5},
    {.bitmap_index = 15299, .adv_w = 480, .box_w = 26, .box_h = 27, .ofs_x = 2, .ofs_y = -4},
    {.bitmap_index = 15387, .adv_w = 480, .box_w = 26, .box_h = 27, .ofs_x = 2, .ofs_y = -4},
    {.bitmap_index = 15475, .adv_w = 480, .box_w = 26, .box_h = 27, .ofs_x = 2, .ofs_y = -5},
    {.bitmap_index = 15563, .adv_w = 480, .box_w = 27, .box_h = 28, .ofs_x = 2, .ofs_y = -5},
    {.bitmap_index = 15658, .adv_w = 480, .box_w = 26, .box_h = 28, .ofs_x = 2, .ofs_y = -5},
    {.bitmap_index = 15749, .adv_w = 480, .box_w = 26, .box_h = 27, .ofs_x = 2, .ofs_y = -4},
    {.bitmap_index = 15837, .adv_w = 480, .box_w = 20, .box_h = 28, .ofs_x = 5, .ofs_y = -5},
    {.bitmap_index = 15907, .adv_w = 480, .box_w = 25, .box_h = 28, .ofs_x = 4, .ofs_y = -5},
    {.bitmap_index = 15995, .adv_w = 480, .box_w = 26, .box_h = 27, .ofs_x = 2, .ofs_y = -5},
    {.bitmap_index = 16083, .adv_w = 480, .box_w = 22, .box_h = 28, .ofs_x = 3, .ofs_y = -5},
    {.bitmap_index = 16160, .adv_w = 480, .box_w = 22, .box_h = 27, .ofs_x = 3, .ofs_y = -4},
    {.bitmap_index = 16235, .adv_w = 480, .box_w = 26, .box_h = 21, .ofs_x = 2, .ofs_y = 0},
    {.bitmap_index = 16304, .adv_w = 480, .box_w = 26, .box_h = 28, .ofs_x = 2, .ofs_y = -5},
    {.bitmap_index = 16395, .adv_w = 480, .box_w = 24, .box_h = 28, .ofs_x = 4, .ofs_y = -5},
    {.bitmap_index = 16479, .adv_w = 480, .box_w = 26, .box_h = 27, .ofs_x = 2, .ofs_y = -5},
    {.bitmap_index = 16567, .adv_w = 480, .box_w = 27, .box_h = 28, .ofs_x = 1, .ofs_y = -5},
    {.bitmap_index = 16662, .adv_w = 480, .box_w = 26, .box_h = 29, .ofs_x = 2, .ofs_y = -6},
    {.bitmap_index = 16757, .adv_w = 480, .box_w = 26, .box_h = 27, .ofs_x = 2, .ofs_y = -4},
    {.bitmap_index = 16845, .adv_w = 480, .box_w = 26, .box_h = 28, .ofs_x = 2, .ofs_y = -5},
    {.bitmap_index = 16936, .adv_w = 480, .box_w = 24, .box_h = 28, .ofs_x = 3, .ofs_y = -5},
    {.bitmap_index = 17020, .adv_w = 480, .box_w = 23, .box_h = 28, .ofs_x = 2, .ofs_y = -5},
    {.bitmap_index = 17101, .adv_w = 480, .box_w = 26, .box_h = 22, .ofs_x = 2, .ofs_y = -1},
    {.bitmap_index = 17173, .adv_w = 480, .box_w = 26, .box_h = 27, .ofs_x = 2, .ofs_y = -5},
    {.bitmap_index = 17261, .adv_w = 480, .box_w = 26, .box_h = 26, .ofs_x = 2, .ofs_y = -4},
    {.bitmap_index = 17346, .adv_w = 480, .box_w = 23, .box_h = 28, .ofs_x = 1, .ofs_y = -5},
    {.bitmap_index = 17427, .adv_w = 480, .box_w = 23, .box_h = 27, .ofs_x = 3, .ofs_y = -4},
    {.bitmap_index = 17505, .adv_w = 480, .box_w = 26, .box_h = 28, .ofs_x = 3, .ofs_y = -5},
    {.bitmap_index = 17596, .adv_w = 480, .box_w = 25, .box_h = 28, .ofs_x = 3, .ofs_y = -5},
    {.bitmap_index = 17684, .adv_w = 480, .box_w = 24, .box_h = 28, .ofs_x = 4, .ofs_y = -5},
    {.bitmap_index = 17768, .adv_w = 480, .box_w = 21, .box_h = 28, .ofs_x = 4, .ofs_y = -5},
    {.bitmap_index = 17842, .adv_w = 480, .box_w = 22, .box_h = 28, .ofs_x = 4, .ofs_y = -5},
    {.bitmap_index = 17919, .adv_w = 480, .box_w = 23, .box_h = 28, .ofs_x = 3, .ofs_y = -5},
    {.bitmap_index = 18000, .adv_w = 480, .box_w = 26, .box_h = 22, .ofs_x = 2, .ofs_y = -1},
    {.bitmap_index = 18072, .adv_w = 480, .box_w = 26, .box_h = 22, .ofs_x = 2, .ofs_y = -1},
    {.bitmap_index = 18144, .adv_w = 480, .box_w = 26, .box_h = 28, .ofs_x = 2, .ofs_y = -5},
    {.bitmap_index = 18235, .adv_w = 480, .box_w = 24, .box_h = 27, .ofs_x = 2, .ofs_y = -4},
    {.bitmap_index = 18316, .adv_w = 480, .box_w = 26, .box_h = 28, .ofs_x = 2, .ofs_y = -5},
    {.bitmap_index = 18407, .adv_w = 480, .box_w = 26, .box_h = 28, .ofs_x = 2, .ofs_y = -5},
    {.bitmap_index = 18498, .adv_w = 480, .box_w = 26, .box_h = 27, .ofs_x = 2, .ofs_y = -4},
    {.bitmap_index = 18586, .adv_w = 480, .box_w = 22, .box_h = 28, .ofs_x = 4, .ofs_y = -5},
    {.bitmap_index = 18663, .adv_w = 480, .box_w = 22, .box_h = 27, .ofs_x = 4, .ofs_y = -4},
    {.bitmap_index = 18738, .adv_w = 480, .box_w = 21, .box_h = 27, .ofs_x = 4, .ofs_y = -4},
    {.bitmap_index = 18809, .adv_w = 480, .box_w = 26, .box_h = 28, .ofs_x = 2, .ofs_y = -5},
    {.bitmap_index = 18900, .adv_w = 480, .box_w = 23, .box_h = 28, .ofs_x = 2, .ofs_y = -5},
    {.bitmap_index = 18981, .adv_w = 480, .box_w = 24, .box_h = 28, .ofs_x = 2, .ofs_y = -5},
    {.bitmap_index = 19065, .adv_w = 480, .box_w = 26, .box_h = 27, .ofs_x = 2, .ofs_y = -5},
    {.bitmap_index = 19153, .adv_w = 480, .box_w = 23, .box_h = 28, .ofs_x = 2, .ofs_y = -5},
    {.bitmap_index = 19234, .adv_w = 480, .box_w = 23, .box_h = 27, .ofs_x = 3, .ofs_y = -4},
    {.bitmap_index = 19312, .adv_w = 480, .box_w = 27, .box_h = 28, .ofs_x = 2, .ofs_y = -5},
    {.bitmap_index = 19407, .adv_w = 480, .box_w = 26, .box_h = 28, .ofs_x = 2, .ofs_y = -4},
    {.bitmap_index = 19498, .adv_w = 480, .box_w = 26, .box_h = 28, .ofs_x = 3, .ofs_y = -5},
    {.bitmap_index = 19589, .adv_w = 480, .box_w = 24, .box_h = 28, .ofs_x = 2, .ofs_y = -5},
    {.bitmap_index = 19673, .adv_w = 480, .box_w = 26, .box_h = 21, .ofs_x = 2, .ofs_y = -1},
    {.bitmap_index = 19742, .adv_w = 480, .box_w = 27, .box_h = 28, .ofs_x = 2, .ofs_y = -5},
    {.bitmap_index = 19837, .adv_w = 480, .box_w = 26, .box_h = 29, .ofs_x = 2, .ofs_y = -5},
    {.bitmap_index = 19932, .adv_w = 480, .box_w = 24, .box_h = 28, .ofs_x = 2, .ofs_y = -5},
    {.bitmap_index = 20016, .adv_w = 480, .box_w = 23, .box_h = 29, .ofs_x = 2, .ofs_y = -5},
    {.bitmap_index = 20100, .adv_w = 480, .box_w = 27, .box_h = 28, .ofs_x = 2, .ofs_y = -5},
    {.bitmap_index = 20195, .adv_w = 480, .box_w = 27, .box_h = 28, .ofs_x = 2, .ofs_y = -5},
    {.bitmap_index = 20290, .adv_w = 480, .box_w = 30, .box_h = 22, .ofs_x = 0, .ofs_y = 0},
    {.bitmap_index = 20373, .adv_w = 330, .box_w = 21, .box_h = 20, .ofs_x = 0, .ofs_y = 1},
    {.bitmap_index = 20426, .adv_w = 480, .box_w = 30, .box_h = 30, .ofs_x = 0, .ofs_y = -4},
    {.bitmap_index = 20539, .adv_w = 480, .box_w = 30, .box_h = 22, .ofs_x = 0, .ofs_y = 0},
    {.bitmap_index = 20622, .adv_w = 360, .box_w = 23, .box_h = 29, .ofs_x = 0, .ofs_y = -3},
    {.bitmap_index = 20706, .adv_w = 480, .box_w = 3, .box_h = 16, .ofs_x = 5, .ofs_y = 0},
    {.bitmap_index = 20712, .adv_w = 480, .box_w = 13, .box_h = 23, .ofs_x = 1, .ofs_y = 0}
};

/*---------------------
 *  CHARACTER MAPPING
 *--------------------*/

static const uint16_t unicode_list_1[] = {
    0x0, 0xa, 0x24, 0x28, 0x2a, 0x2d, 0x2e, 0x34,
    0x37, 0x3d, 0x46, 0x48, 0x5a, 0x60, 0x72, 0x83,
    0x9c, 0xa0, 0xbd, 0x353, 0x355, 0x358, 0x35b, 0x35e,
    0x35f, 0x360, 0x362, 0x364, 0x365, 0x371, 0x372, 0x373,
    0x374, 0x375, 0x376, 0x377, 0x379, 0x37a, 0x37b, 0x37c,
    0x37d, 0x37e, 0x37f, 0x380, 0x381, 0x382, 0x383, 0x384,
    0x385, 0x389, 0x38c, 0x38d, 0x38e, 0x390, 0x2f85, 0x2f89,
    0x2f8c, 0x2f8d, 0x2f8e, 0x2f90, 0x2f94, 0x2f95, 0x2f96, 0x2f98,
    0x2f9a, 0x2f9c, 0x2fa0, 0x2fa1, 0x2fa5, 0x2fa7, 0x2faf, 0x2fb0,
    0x2fbf, 0x2fc0, 0x2fcb, 0x2fcc, 0x2fcd, 0x2fd3, 0x2fd4, 0x2fea,
    0x2feb, 0x2fec, 0x2ff6, 0x2ff9, 0x2ffa, 0x3004, 0x3008, 0x3009,
    0x300a, 0x3014, 0x3016, 0x301e, 0x301f, 0x302d, 0x303d, 0x4d6b,
    0x4ec0, 0x4fe9, 0x5010, 0x5073, 0x50a6, 0x50da, 0x513b, 0x5161,
    0x516b, 0x5171, 0x518b, 0x51e0, 0x5216, 0x5257, 0x52a2, 0x5330,
    0x534f, 0x5358, 0x5367, 0x550f, 0x5872, 0x5a99, 0x5d33, 0x5e50,
    0x5e61, 0x5e76, 0x5e96, 0x5ea3, 0x5eb2, 0x5ecd, 0x6151, 0x61bf,
    0x6242, 0x6313, 0x6335, 0x6470, 0x6498, 0x6570, 0x666b, 0x6726,
    0x677d, 0x6801, 0x685d, 0x69e3, 0x6a62, 0x6aa5, 0x6c8c, 0x6d49,
    0x6d6d, 0x70a8, 0x7188, 0x7469, 0x747c, 0x75c5, 0x762f, 0x764c,
    0x7660, 0x77af, 0x77fb, 0x79bb, 0x88c2, 0x88cc, 0x8907, 0x89a7,
    0x89ce, 0x8a0c, 0x8ae5, 0x8b16, 0x8b38, 0x8c66, 0x8f1a, 0x8f5a,
    0x910e, 0x9245, 0x9273, 0x94d4, 0x95a5, 0x97d2, 0xab41, 0xab45,
    0xab51, 0xac36, 0xad8d, 0xb0ba, 0xb1d5, 0xb209, 0xb225, 0xb31a,
    0xb359, 0xb369, 0xb41d, 0xb8bd, 0xb938, 0xb9ea, 0xbfed, 0xbfee,
    0xbffe, 0xc002, 0xc072, 0xc079, 0xc0cd, 0xc159, 0xc1f6, 0xc21e,
    0xc225, 0xc485, 0xc48b, 0xc507, 0xc52d, 0xc542, 0xc549, 0xc565,
    0xc5d5, 0xc5ea, 0xc611, 0xc661, 0xc685, 0xc68d, 0xc6b5, 0xc6b9,
    0xc6c6, 0xc6e6, 0xc741, 0xc75d, 0xc83d, 0xc901, 0xc905, 0xcb69,
    0xcb7f, 0xcdb5, 0xd269, 0xd32d, 0xd499, 0xd4a1, 0xd4b5, 0xd556,
    0xd595, 0xd596, 0xef49, 0xef4e, 0xef62, 0xef7f, 0xf703, 0xfe5b,
    0xfe60
};

/*Collect the unicode lists and glyph_id offsets*/
static const lv_font_fmt_txt_cmap_t cmaps[] =
{
    {
        .range_start = 32, .range_length = 95, .glyph_id_start = 1,
        .unicode_list = NULL, .glyph_id_ofs_list = NULL, .list_length = 0, .type = LV_FONT_FMT_TXT_CMAP_FORMAT0_TINY
    },
    {
        .range_start = 191, .range_length = 65121, .glyph_id_start = 96,
        .unicode_list = unicode_list_1, .glyph_id_ofs_list = NULL, .list_length = 241, .type = LV_FONT_FMT_TXT_CMAP_SPARSE_TINY
    }
};



/*--------------------
 *  ALL CUSTOM DATA
 *--------------------*/

#if LVGL_VERSION_MAJOR == 8
/*Store all the custom data of the font*/
static  lv_font_fmt_txt_glyph_cache_t cache;
#endif

#if LVGL_VERSION_MAJOR >= 8
static const lv_font_fmt_txt_dsc_t font_dsc = {
#else
static lv_font_fmt_txt_dsc_t font_dsc = {
#endif
    .glyph_bitmap = glyph_bitmap,
    .glyph_dsc = glyph_dsc,
    .cmaps = cmaps,
    .kern_dsc = NULL,
    .kern_scale = 0,
    .cmap_num = 2,
    .bpp = 1,
    .kern_classes = 0,
    .bitmap_format = 0,
#if LVGL_VERSION_MAJOR == 8
    .cache = &cache
#endif

};



/*-----------------
 *  PUBLIC FONT
 *----------------*/

/*Initialize a public general font descriptor*/
#if LVGL_VERSION_MAJOR >= 8
const lv_font_t v853Font_Medialibrary_30 = {
#else
lv_font_t v853Font_Medialibrary_30 = {
#endif
    .get_glyph_dsc = lv_font_get_glyph_dsc_fmt_txt,    /*Function pointer to get glyph's data*/
    .get_glyph_bitmap = lv_font_get_bitmap_fmt_txt,    /*Function pointer to get glyph's bitmap*/
    .line_height = 35,          /*The maximum line height required by the font*/
    .base_line = 7,             /*Baseline measured from the bottom of the line*/
#if !(LVGL_VERSION_MAJOR == 6 && LVGL_VERSION_MINOR == 0)
    .subpx = LV_FONT_SUBPX_NONE,
#endif
#if LV_VERSION_CHECK(7, 4, 0) || LVGL_VERSION_MAJOR >= 8
    .underline_position = -2,
    .underline_thickness = 2,
#endif
    // .static_bitmap = 0,
    .dsc = &font_dsc,          /*The custom font data. Will be accessed by `get_glyph_bitmap/dsc` */
#if LV_VERSION_CHECK(8, 2, 0) || LVGL_VERSION_MAJOR >= 9
    .fallback = NULL,
#endif
    .user_data = NULL,
};



#endif /*#if V853FONT_MEDIALIBRARY_30*/
